Workbook

Sheet README
A1: Anaerobic Digester Sludge Recirculation – Mixing/Dilution-Only Theoretical Tracking (Draft)
A3: Purpose | B3: Track the 21-day sludge recirculation theoretically by mixing/dilution only (no microbial growth, no substrate consumption, no decay).
A4: Workbook scope | B4: 1) Chemistry: pH, Alk, TVFA, COD, VS 2) qPCR-like abundance: BAC, ARC 3) NGS composition: bacteria and archaea top taxa + Others.
A5: Key assumption | B5: Each reactor is treated as a daily mixed CSTR-style mass balance: C(t+1)=C(t)+dt/V*ΣQ(C_in-C).
A6: pH handling | B6: pH is estimated from conservative H+ mixing only. Interpret pH results cautiously; Alk/TVFA/VFA/Alk are the stronger theoretical outputs.
A7: How to use | B7: Fill yellow cells in Inputs / NGS input sheets with measured day-0 values and feed compositions. The rest of the workbook updates automatically.
A8: Suggested paper framing | B8: Use this workbook as a null model: 'How much recovery is explainable by sludge redistribution and dilution alone?'
A10: Color / Cell Logic
A11: Yellow fill + blue text | B11: User input / measured value to be overwritten
A12: Gray fill | B12: Static constant / label
A13: Black text | B13: Derived formula
A14: Orange fill | B14: Review / caution note
A16: Recommended workflow
A17: 1. Confirm R1–R5 working volumes and exact FWW flows in Inputs.
A18: 2. Paste day-0 reactor chemistry (d179 or chosen baseline) and BAC/ARC.
A19: 3. Paste stream chemistry for SS reservoir and FWW.
A20: 4. Paste NGS relative abundances (top taxa + Others auto-computes).
A21: 5. Review Reservoir, Chemistry_Daily, BAC_ARC_Daily, and NGS sheets.
A22: 6. Compare R4/R5 model outputs vs observed recovery in Observed_Compare.

Sheet Inputs
A1: Inputs and Operating Assumptions
A3: Global controls
A4: Operation days | B4: 21
A5: Time step dt (d) | B5: 1
A6: Active RS pool flow (m3/d) | B6: =D12*I12+D13*I13+D14*I14+D15*I15+D16*I16 -> 431.9
A7: pH theory note | B7: Conservative H+ mixing only (buffer chemistry not solved).
A8: Main null-model note | B8: No growth / no decay / no substrate conversion. Only hydraulic mixing and dilution.
A10: Reactor hydraulics (prefilled from your figure; confirm exact values)
A11: Reactor | B11: Working volume (m3) | C11: SS flow (m3/d) | D11: RS flow (m3/d) | E11: FWW flow (m3/d) | F11: Total in/out (m3/d) | G11: 21d cumulative RS (m3) | H11: Augmentation (% of V) | I11: Include in RS pool (1/0) | J11: Note
A12: R1 | B12: 3500 | C12: 58.5 | D12: 91.5 | E12: 30 | F12: =SUM(C12:E12) -> 180 | G12: =D12*$B$4 -> 1921.5 | H12: =IF(B12<>0,G12/B12,"") -> 0.549 | I12: 1 | J12: FWW prefilled from figure as 22 / 30 m3/d placeholder. Confirm exact split from operation log.
A13: R2 | B13: 3500 | C13: 58.5 | D13: 91.5 | E13: 30 | F13: =SUM(C13:E13) -> 180 | G13: =D13*$B$4 -> 1921.5 | H13: =IF(B13<>0,G13/B13,"") -> 0.549 | I13: 1 | J13: FWW prefilled from figure as 22 / 30 m3/d placeholder. Confirm exact split from operation log.
A14: R3 | B14: 3390 | C14: 42.1 | D14: 65.9 | E14: 40 | F14: =SUM(C14:E14) -> 148 | G14: =D14*$B$4 -> 1383.9 | H14: =IF(B14<>0,G14/B14,"") -> 0.40823009 | I14: 1 | J14: FWW prefilled from figure as 40 m3/d.
A15: R4 | B15: 3500 | C15: 58.5 | D15: 91.5 | E15: 0 | F15: =SUM(C15:E15) -> 150 | G15: =D15*$B$4 -> 1921.5 | H15: =IF(B15<>0,G15/B15,"") -> 0.549 | I15: 1 | J15: No FWW shown in figure.
A16: R5 | B16: 3500 | C16: 58.5 | D16: 91.5 | E16: 0 | F16: =SUM(C16:E16) -> 150 | G16: =D16*$B$4 -> 1921.5 | H16: =IF(B16<>0,G16/B16,"") -> 0.549 | I16: 1 | J16: No FWW shown in figure.
A21: Feed / source stream properties (enter measured or assumed values)
A22: Variable | B22: Unit | C22: SS reservoir | D22: FWW | E22: Note
A23: pH | B23: - | C23: 6.5 | D23: 3.9 | E23: Used only for conservative H+ mixing estimate.
A24: Alkalinity | B24: g/L as CaCO3 | C24: 1.1 | D24: 0 | E24: Conservative mixing only; no carbonate equilibrium recalculation.
A25: TVFA | B25: g/L | C25: 0.7 | D25: 13.1 | E25: Enter as acetate-equivalent or your standard TVFA basis.
A26: COD | B26: g/L | C26: 58.7 | D26: 96.7 | E26: Optional but useful for comparison with observed COD recovery.
A27: VS | B27: g/L | C27: 27.1 | D27: 60.4 | E27: Optional but useful for comparison with observed VS recovery.
A28: BAC | B28: copies/mL | C28: 35424.938 | D28: 0 | E28: qPCR-like bacterial abundance concentration.
A29: ARC | B29: copies/mL | C29: 4471689.8 | D29: 0 | E29: qPCR-like archaeal abundance concentration.
A33: Initial reactor state at day 0 (fill with measured pre-recirculation values)
A34: Reactor | B34: pH | C34: Alkalinity | D34: TVFA | E34: COD | F34: VS | G34: BAC | H34: ARC | I34: Note
A35: R1 | B35: 7.2 | C35: 3.5 | D35: 0.09 | E35: 25.6 | F35: 18.1 | G35: 974582.68 | H35: 17543034 | I35: Recommended: use d179 (or chosen day-0) reactor-specific measured values.
A36: R2 | B36: 7.2 | C36: 3.5 | D36: 0.091 | E36: 24.6 | F36: 17.9 | G36: 1954522.3 | H36: 16068873 | I36: Recommended: use d179 (or chosen day-0) reactor-specific measured values.
A37: R3 | B37: 7.2 | C37: 3.8 | D37: 0.0919 | E37: 24 | F37: 17.5 | G37: 1404076.4 | H37: 13068243 | I37: Recommended: use d179 (or chosen day-0) reactor-specific measured values.
A38: R4 | B38: 6.5 | C38: 0.713 | D38: 0.513 | E38: 40.5 | F38: 30.5 | G38: 967106.58 | H38: 7753954.5 | I38: Recommended: use d179 (or chosen day-0) reactor-specific measured values.
A39: R5 | B39: 6.5 | C39: 0.626 | D39: 0.433 | E39: 40.3 | F39: 30 | G39: 1462050.8 | H39: 7043007.9 | I39: Recommended: use d179 (or chosen day-0) reactor-specific measured values.
A42: Observed post-recovery values from your image (prefilled; editable)
A43: Reactor | B43: pH | C43: Alkalinity | D43: TVFA | E43: COD | F43: VS | G43: COD removal | H43: VS removal | I43: Carbohydrate removal | J43: Protein removal | K43: Lipid removal
A44: R4 | B44: 7.3 | C44: 3.7 | D44: 0.1 | E44: 24.3 | F44: 15.3 | G44: 0.481 | H44: 0.417 | I44: 0.481 | J44: 0.266 | K44: 0.701
A45: R5 | B45: 7.3 | C45: 3.7 | D45: 0.1 | E45: 24.7 | F45: 15.5 | G45: 0.469 | H45: 0.409 | I45: 0.489 | J45: 0.237 | K45: 0.692
A48: Optional observed BAC / ARC after recirculation
A49: Reactor | B49: BAC | C49: ARC | D49: Note
A50: R4 | B50: 8386991.9 | C50: 11536863 | D50: Fill if qPCR results are available.
A51: R5 | B51: 4889659.8 | C51: 10313851 | D51: Fill if qPCR results are available.

Sheet Reservoir
A1: Return Sludge Reservoir Composition (flow-weighted from reactor effluents)
A3: Daily RS pool composition
A4: Day | B4: H+ | C4: pH | D4: Alkalinity | E4: TVFA | F4: COD | G4: VS | H4: BAC | I4: ARC
A5: 0 | B5: =(Inputs!$D$12*Inputs!$I$12*Chemistry_Daily!B5+Inputs!$D$13*Inputs!$I$13*Chemistry_Daily!K5+Inputs!$D$14*Inputs!$I$14*Chemistry_Daily!T5+Inputs!$D$15*Inputs!$I$15*Chemistry_Daily!AC5+Inputs!$D$16*Inputs!$I$16*Chemistry_Daily!AL5)/(Inputs!$D$12*Inputs!$I$12+Inputs!$D$13*Inputs!$I$13+Inputs!$D$14*Inputs!$I$14+Inputs!$D$15*Inputs!$I$15+Inputs!$D$16*Inputs!$I$16) -> 1.703501e-07 | C5: =IF(B5>0,-LOG10(B5),"") -> 6.7686576 | D5: =(Inputs!$D$12*Inputs!$I$12*Chemistry_Daily!D5+Inputs!$D$13*Inputs!$I$13*Chemistry_Daily!M5+Inputs!$D$14*Inputs!$I$14*Chemistry_Daily!V5+Inputs!$D$15*Inputs!$I$15*Chemistry_Daily!AE5+Inputs!$D$16*Inputs!$I$16*Chemistry_Daily!AN5)/(Inputs!$D$12*Inputs!$I$12+Inputs!$D$13*Inputs!$I$13+Inputs!$D$14*Inputs!$I$14+Inputs!$D$15*Inputs!$I$15+Inputs!$D$16*Inputs!$I$16) -> 2.3464656 | E5: =(Inputs!$D$12*Inputs!$I$12*Chemistry_Daily!E5+Inputs!$D$13*Inputs!$I$13*Chemistry_Daily!N5+Inputs!$D$14*Inputs!$I$14*Chemistry_Daily!W5+Inputs!$D$15*Inputs!$I$15*Chemistry_Daily!AF5+Inputs!$D$16*Inputs!$I$16*Chemistry_Daily!AO5)/(Inputs!$D$12*Inputs!$I$12+Inputs!$D$13*Inputs!$I$13+Inputs!$D$14*Inputs!$I$14+Inputs!$D$15*Inputs!$I$15+Inputs!$D$16*Inputs!$I$16) -> 0.25278238 | F5: =(Inputs!$D$12*Inputs!$I$12*Chemistry_Daily!F5+Inputs!$D$13*Inputs!$I$13*Chemistry_Daily!O5+Inputs!$D$14*Inputs!$I$14*Chemistry_Daily!X5+Inputs!$D$15*Inputs!$I$15*Chemistry_Daily!AG5+Inputs!$D$16*Inputs!$I$16*Chemistry_Daily!AP5)/(Inputs!$D$12*Inputs!$I$12+Inputs!$D$13*Inputs!$I$13+Inputs!$D$14*Inputs!$I$14+Inputs!$D$15*Inputs!$I$15+Inputs!$D$16*Inputs!$I$16) -> 31.414911 | G5: =(Inputs!$D$12*Inputs!$I$12*Chemistry_Daily!G5+Inputs!$D$13*Inputs!$I$13*Chemistry_Daily!P5+Inputs!$D$14*Inputs!$I$14*Chemistry_Daily!Y5+Inputs!$D$15*Inputs!$I$15*Chemistry_Daily!AH5+Inputs!$D$16*Inputs!$I$16*Chemistry_Daily!AQ5)/(Inputs!$D$12*Inputs!$I$12+Inputs!$D$13*Inputs!$I$13+Inputs!$D$14*Inputs!$I$14+Inputs!$D$15*Inputs!$I$15+Inputs!$D$16*Inputs!$I$16) -> 23.114147 | H5: =(Inputs!$D$12*Inputs!$I$12*BAC_ARC_Daily!B5+Inputs!$D$13*Inputs!$I$13*BAC_ARC_Daily!I5+Inputs!$D$14*Inputs!$I$14*BAC_ARC_Daily!P5+Inputs!$D$15*Inputs!$I$15*BAC_ARC_Daily!W5+Inputs!$D$16*Inputs!$I$16*BAC_ARC_Daily!AD5)/(Inputs!$D$12*Inputs!$I$12+Inputs!$D$13*Inputs!$I$13+Inputs!$D$14*Inputs!$I$14+Inputs!$D$15*Inputs!$I$15+Inputs!$D$16*Inputs!$I$16) -> 1349408.7 | I5: =(Inputs!$D$12*Inputs!$I$12*BAC_ARC_Daily!C5+Inputs!$D$13*Inputs!$I$13*BAC_ARC_Daily!J5+Inputs!$D$14*Inputs!$I$14*BAC_ARC_Daily!Q5+Inputs!$D$15*Inputs!$I$15*BAC_ARC_Daily!X5+Inputs!$D$16*Inputs!$I$16*BAC_ARC_Daily!AE5)/(Inputs!$D$12*Inputs!$I$12+Inputs!$D$13*Inputs!$I$13+Inputs!$D$14*Inputs!$I$14+Inputs!$D$15*Inputs!$I$15+Inputs!$D$16*Inputs!$I$16) -> 12249615
A6: 1 | B6: =(Inputs!$D$12*Inputs!$I$12*Chemistry_Daily!B6+Inputs!$D$13*Inputs!$I$13*Chemistry_Daily!K6+Inputs!$D$14*Inputs!$I$14*Chemistry_Daily!T6+Inputs!$D$15*Inputs!$I$15*Chemistry_Daily!AC6+Inputs!$D$16*Inputs!$I$16*Chemistry_Daily!AL6)/(Inputs!$D$12*Inputs!$I$12+Inputs!$D$13*Inputs!$I$13+Inputs!$D$14*Inputs!$I$14+Inputs!$D$15*Inputs!$I$15+Inputs!$D$16*Inputs!$I$16) -> 8.5603919e-07 | C6: =IF(B6>0,-LOG10(B6),"") -> 6.0675064 | D6: =(Inputs!$D$12*Inputs!$I$12*Chemistry_Daily!D6+Inputs!$D$13*Inputs!$I$13*Chemistry_Daily!M6+Inputs!$D$14*Inputs!$I$14*Chemistry_Daily!V6+Inputs!$D$15*Inputs!$I$15*Chemistry_Daily!AE6+Inputs!$D$16*Inputs!$I$16*Chemistry_Daily!AN6)/(Inputs!$D$12*Inputs!$I$12+Inputs!$D$13*Inputs!$I$13+Inputs!$D$14*Inputs!$I$14+Inputs!$D$15*Inputs!$I$15+Inputs!$D$16*Inputs!$I$16) -> 2.3093354 | E6: =(Inputs!$D$12*Inputs!$I$12*Chemistry_Daily!E6+Inputs!$D$13*Inputs!$I$13*Chemistry_Daily!N6+Inputs!$D$14*Inputs!$I$14*Chemistry_Daily!W6+Inputs!$D$15*Inputs!$I$15*Chemistry_Daily!AF6+Inputs!$D$16*Inputs!$I$16*Chemistry_Daily!AO6)/(Inputs!$D$12*Inputs!$I$12+Inputs!$D$13*Inputs!$I$13+Inputs!$D$14*Inputs!$I$14+Inputs!$D$15*Inputs!$I$15+Inputs!$D$16*Inputs!$I$16) -> 0.33036145 | F6: =(Inputs!$D$12*Inputs!$I$12*Chemistry_Daily!F6+Inputs!$D$13*Inputs!$I$13*Chemistry_Daily!O6+Inputs!$D$14*Inputs!$I$14*Chemistry_Daily!X6+Inputs!$D$15*Inputs!$I$15*Chemistry_Daily!AG6+Inputs!$D$16*Inputs!$I$16*Chemistry_Daily!AP6)/(Inputs!$D$12*Inputs!$I$12+Inputs!$D$13*Inputs!$I$13+Inputs!$D$14*Inputs!$I$14+Inputs!$D$15*Inputs!$I$15+Inputs!$D$16*Inputs!$I$16) -> 32.231559 | G6: =(Inputs!$D$12*Inputs!$I$12*Chemistry_Daily!G6+Inputs!$D$13*Inputs!$I$13*Chemistry_Daily!P6+Inputs!$D$14*Inputs!$I$14*Chemistry_Daily!Y6+Inputs!$D$15*Inputs!$I$15*Chemistry_Daily!AH6+Inputs!$D$16*Inputs!$I$16*Chemistry_Daily!AQ6)/(Inputs!$D$12*Inputs!$I$12+Inputs!$D$13*Inputs!$I$13+Inputs!$D$14*Inputs!$I$14+Inputs!$D$15*Inputs!$I$15+Inputs!$D$16*Inputs!$I$16) -> 23.399957 | H6: =(Inputs!$D$12*Inputs!$I$12*BAC_ARC_Daily!B6+Inputs!$D$13*Inputs!$I$13*BAC_ARC_Daily!I6+Inputs!$D$14*Inputs!$I$14*BAC_ARC_Daily!P6+Inputs!$D$15*Inputs!$I$15*BAC_ARC_Daily!W6+Inputs!$D$16*Inputs!$I$16*BAC_ARC_Daily!AD6)/(Inputs!$D$12*Inputs!$I$12+Inputs!$D$13*Inputs!$I$13+Inputs!$D$14*Inputs!$I$14+Inputs!$D$15*Inputs!$I$15+Inputs!$D$16*Inputs!$I$16) -> 1320552.6 | I6: =(Inputs!$D$12*Inputs!$I$12*BAC_ARC_Daily!C6+Inputs!$D$13*Inputs!$I$13*BAC_ARC_Daily!J6+Inputs!$D$14*Inputs!$I$14*BAC_ARC_Daily!Q6+Inputs!$D$15*Inputs!$I$15*BAC_ARC_Daily!X6+Inputs!$D$16*Inputs!$I$16*BAC_ARC_Daily!AE6)/(Inputs!$D$12*Inputs!$I$12+Inputs!$D$13*Inputs!$I$13+Inputs!$D$14*Inputs!$I$14+Inputs!$D$15*Inputs!$I$15+Inputs!$D$16*Inputs!$I$16) -> 12041521
A7: 2 | B7: =(Inputs!$D$12*Inputs!$I$12*Chemistry_Daily!B7+Inputs!$D$13*Inputs!$I$13*Chemistry_Daily!K7+Inputs!$D$14*Inputs!$I$14*Chemistry_Daily!T7+Inputs!$D$15*Inputs!$I$15*Chemistry_Daily!AC7+Inputs!$D$16*Inputs!$I$16*Chemistry_Daily!AL7)/(Inputs!$D$12*Inputs!$I$12+Inputs!$D$13*Inputs!$I$13+Inputs!$D$14*Inputs!$I$14+Inputs!$D$15*Inputs!$I$15+Inputs!$D$16*Inputs!$I$16) -> 1.5254416e-06 | C7: =IF(B7>0,-LOG10(B7),"") -> 5.8166044 | D7: =(Inputs!$D$12*Inputs!$I$12*Chemistry_Daily!D7+Inputs!$D$13*Inputs!$I$13*Chemistry_Daily!M7+Inputs!$D$14*Inputs!$I$14*Chemistry_Daily!V7+Inputs!$D$15*Inputs!$I$15*Chemistry_Daily!AE7+Inputs!$D$16*Inputs!$I$16*Chemistry_Daily!AN7)/(Inputs!$D$12*Inputs!$I$12+Inputs!$D$13*Inputs!$I$13+Inputs!$D$14*Inputs!$I$14+Inputs!$D$15*Inputs!$I$15+Inputs!$D$16*Inputs!$I$16) -> 2.273241 | E7: =(Inputs!$D$12*Inputs!$I$12*Chemistry_Daily!E7+Inputs!$D$13*Inputs!$I$13*Chemistry_Daily!N7+Inputs!$D$14*Inputs!$I$14*Chemistry_Daily!W7+Inputs!$D$15*Inputs!$I$15*Chemistry_Daily!AF7+Inputs!$D$16*Inputs!$I$16*Chemistry_Daily!AO7)/(Inputs!$D$12*Inputs!$I$12+Inputs!$D$13*Inputs!$I$13+Inputs!$D$14*Inputs!$I$14+Inputs!$D$15*Inputs!$I$15+Inputs!$D$16*Inputs!$I$16) -> 0.40608705 | F7: =(Inputs!$D$12*Inputs!$I$12*Chemistry_Daily!F7+Inputs!$D$13*Inputs!$I$13*Chemistry_Daily!O7+Inputs!$D$14*Inputs!$I$14*Chemistry_Daily!X7+Inputs!$D$15*Inputs!$I$15*Chemistry_Daily!AG7+Inputs!$D$16*Inputs!$I$16*Chemistry_Daily!AP7)/(Inputs!$D$12*Inputs!$I$12+Inputs!$D$13*Inputs!$I$13+Inputs!$D$14*Inputs!$I$14+Inputs!$D$15*Inputs!$I$15+Inputs!$D$16*Inputs!$I$16) -> 33.028679 | G7: =(Inputs!$D$12*Inputs!$I$12*Chemistry_Daily!G7+Inputs!$D$13*Inputs!$I$13*Chemistry_Daily!P7+Inputs!$D$14*Inputs!$I$14*Chemistry_Daily!Y7+Inputs!$D$15*Inputs!$I$15*Chemistry_Daily!AH7+Inputs!$D$16*Inputs!$I$16*Chemistry_Daily!AQ7)/(Inputs!$D$12*Inputs!$I$12+Inputs!$D$13*Inputs!$I$13+Inputs!$D$14*Inputs!$I$14+Inputs!$D$15*Inputs!$I$15+Inputs!$D$16*Inputs!$I$16) -> 23.678251 | H7: =(Inputs!$D$12*Inputs!$I$12*BAC_ARC_Daily!B7+Inputs!$D$13*Inputs!$I$13*BAC_ARC_Daily!I7+Inputs!$D$14*Inputs!$I$14*BAC_ARC_Daily!P7+Inputs!$D$15*Inputs!$I$15*BAC_ARC_Daily!W7+Inputs!$D$16*Inputs!$I$16*BAC_ARC_Daily!AD7)/(Inputs!$D$12*Inputs!$I$12+Inputs!$D$13*Inputs!$I$13+Inputs!$D$14*Inputs!$I$14+Inputs!$D$15*Inputs!$I$15+Inputs!$D$16*Inputs!$I$16) -> 1292355.7 | I7: =(Inputs!$D$12*Inputs!$I$12*BAC_ARC_Daily!C7+Inputs!$D$13*Inputs!$I$13*BAC_ARC_Daily!J7+Inputs!$D$14*Inputs!$I$14*BAC_ARC_Daily!Q7+Inputs!$D$15*Inputs!$I$15*BAC_ARC_Daily!X7+Inputs!$D$16*Inputs!$I$16*BAC_ARC_Daily!AE7)/(Inputs!$D$12*Inputs!$I$12+Inputs!$D$13*Inputs!$I$13+Inputs!$D$14*Inputs!$I$14+Inputs!$D$15*Inputs!$I$15+Inputs!$D$16*Inputs!$I$16) -> 11838855
A8: 3 | B8: =(Inputs!$D$12*Inputs!$I$12*Chemistry_Daily!B8+Inputs!$D$13*Inputs!$I$13*Chemistry_Daily!K8+Inputs!$D$14*Inputs!$I$14*Chemistry_Daily!T8+Inputs!$D$15*Inputs!$I$15*Chemistry_Daily!AC8+Inputs!$D$16*Inputs!$I$16*Chemistry_Daily!AL8)/(Inputs!$D$12*Inputs!$I$12+Inputs!$D$13*Inputs!$I$13+Inputs!$D$14*Inputs!$I$14+Inputs!$D$15*Inputs!$I$15+Inputs!$D$16*Inputs!$I$16) -> 2.17899e-06 | C8: =IF(B8>0,-LOG10(B8),"") -> 5.6617448 | D8: =(Inputs!$D$12*Inputs!$I$12*Chemistry_Daily!D8+Inputs!$D$13*Inputs!$I$13*Chemistry_Daily!M8+Inputs!$D$14*Inputs!$I$14*Chemistry_Daily!V8+Inputs!$D$15*Inputs!$I$15*Chemistry_Daily!AE8+Inputs!$D$16*Inputs!$I$16*Chemistry_Daily!AN8)/(Inputs!$D$12*Inputs!$I$12+Inputs!$D$13*Inputs!$I$13+Inputs!$D$14*Inputs!$I$14+Inputs!$D$15*Inputs!$I$15+Inputs!$D$16*Inputs!$I$16) -> 2.2381482 | E8: =(Inputs!$D$12*Inputs!$I$12*Chemistry_Daily!E8+Inputs!$D$13*Inputs!$I$13*Chemistry_Daily!N8+Inputs!$D$14*Inputs!$I$14*Chemistry_Daily!W8+Inputs!$D$15*Inputs!$I$15*Chemistry_Daily!AF8+Inputs!$D$16*Inputs!$I$16*Chemistry_Daily!AO8)/(Inputs!$D$12*Inputs!$I$12+Inputs!$D$13*Inputs!$I$13+Inputs!$D$14*Inputs!$I$14+Inputs!$D$15*Inputs!$I$15+Inputs!$D$16*Inputs!$I$16) -> 0.4800089 | F8: =(Inputs!$D$12*Inputs!$I$12*Chemistry_Daily!F8+Inputs!$D$13*Inputs!$I$13*Chemistry_Daily!O8+Inputs!$D$14*Inputs!$I$14*Chemistry_Daily!X8+Inputs!$D$15*Inputs!$I$15*Chemistry_Daily!AG8+Inputs!$D$16*Inputs!$I$16*Chemistry_Daily!AP8)/(Inputs!$D$12*Inputs!$I$12+Inputs!$D$13*Inputs!$I$13+Inputs!$D$14*Inputs!$I$14+Inputs!$D$15*Inputs!$I$15+Inputs!$D$16*Inputs!$I$16) -> 33.806795 | G8: =(Inputs!$D$12*Inputs!$I$12*Chemistry_Daily!G8+Inputs!$D$13*Inputs!$I$13*Chemistry_Daily!P8+Inputs!$D$14*Inputs!$I$14*Chemistry_Daily!Y8+Inputs!$D$15*Inputs!$I$15*Chemistry_Daily!AH8+Inputs!$D$16*Inputs!$I$16*Chemistry_Daily!AQ8)/(Inputs!$D$12*Inputs!$I$12+Inputs!$D$13*Inputs!$I$13+Inputs!$D$14*Inputs!$I$14+Inputs!$D$15*Inputs!$I$15+Inputs!$D$16*Inputs!$I$16) -> 23.949258 | H8: =(Inputs!$D$12*Inputs!$I$12*BAC_ARC_Daily!B8+Inputs!$D$13*Inputs!$I$13*BAC_ARC_Daily!I8+Inputs!$D$14*Inputs!$I$14*BAC_ARC_Daily!P8+Inputs!$D$15*Inputs!$I$15*BAC_ARC_Daily!W8+Inputs!$D$16*Inputs!$I$16*BAC_ARC_Daily!AD8)/(Inputs!$D$12*Inputs!$I$12+Inputs!$D$13*Inputs!$I$13+Inputs!$D$14*Inputs!$I$14+Inputs!$D$15*Inputs!$I$15+Inputs!$D$16*Inputs!$I$16) -> 1264801.7 | I8: =(Inputs!$D$12*Inputs!$I$12*BAC_ARC_Daily!C8+Inputs!$D$13*Inputs!$I$13*BAC_ARC_Daily!J8+Inputs!$D$14*Inputs!$I$14*BAC_ARC_Daily!Q8+Inputs!$D$15*Inputs!$I$15*BAC_ARC_Daily!X8+Inputs!$D$16*Inputs!$I$16*BAC_ARC_Daily!AE8)/(Inputs!$D$12*Inputs!$I$12+Inputs!$D$13*Inputs!$I$13+Inputs!$D$14*Inputs!$I$14+Inputs!$D$15*Inputs!$I$15+Inputs!$D$16*Inputs!$I$16) -> 11641454
A9: 4 | B9: =(Inputs!$D$12*Inputs!$I$12*Chemistry_Daily!B9+Inputs!$D$13*Inputs!$I$13*Chemistry_Daily!K9+Inputs!$D$14*Inputs!$I$14*Chemistry_Daily!T9+Inputs!$D$15*Inputs!$I$15*Chemistry_Daily!AC9+Inputs!$D$16*Inputs!$I$16*Chemistry_Daily!AL9)/(Inputs!$D$12*Inputs!$I$12+Inputs!$D$13*Inputs!$I$13+Inputs!$D$14*Inputs!$I$14+Inputs!$D$15*Inputs!$I$15+Inputs!$D$16*Inputs!$I$16) -> 2.8171041e-06 | C9: =IF(B9>0,-LOG10(B9),"") -> 5.5501971 | D9: =(Inputs!$D$12*Inputs!$I$12*Chemistry_Daily!D9+Inputs!$D$13*Inputs!$I$13*Chemistry_Daily!M9+Inputs!$D$14*Inputs!$I$14*Chemistry_Daily!V9+Inputs!$D$15*Inputs!$I$15*Chemistry_Daily!AE9+Inputs!$D$16*Inputs!$I$16*Chemistry_Daily!AN9)/(Inputs!$D$12*Inputs!$I$12+Inputs!$D$13*Inputs!$I$13+Inputs!$D$14*Inputs!$I$14+Inputs!$D$15*Inputs!$I$15+Inputs!$D$16*Inputs!$I$16) -> 2.2040245 | E9: =(Inputs!$D$12*Inputs!$I$12*Chemistry_Daily!E9+Inputs!$D$13*Inputs!$I$13*Chemistry_Daily!N9+Inputs!$D$14*Inputs!$I$14*Chemistry_Daily!W9+Inputs!$D$15*Inputs!$I$15*Chemistry_Daily!AF9+Inputs!$D$16*Inputs!$I$16*Chemistry_Daily!AO9)/(Inputs!$D$12*Inputs!$I$12+Inputs!$D$13*Inputs!$I$13+Inputs!$D$14*Inputs!$I$14+Inputs!$D$15*Inputs!$I$15+Inputs!$D$16*Inputs!$I$16) -> 0.55217516 | F9: =(Inputs!$D$12*Inputs!$I$12*Chemistry_Daily!F9+Inputs!$D$13*Inputs!$I$13*Chemistry_Daily!O9+Inputs!$D$14*Inputs!$I$14*Chemistry_Daily!X9+Inputs!$D$15*Inputs!$I$15*Chemistry_Daily!AG9+Inputs!$D$16*Inputs!$I$16*Chemistry_Daily!AP9)/(Inputs!$D$12*Inputs!$I$12+Inputs!$D$13*Inputs!$I$13+Inputs!$D$14*Inputs!$I$14+Inputs!$D$15*Inputs!$I$15+Inputs!$D$16*Inputs!$I$16) -> 34.566417 | G9: =(Inputs!$D$12*Inputs!$I$12*Chemistry_Daily!G9+Inputs!$D$13*Inputs!$I$13*Chemistry_Daily!P9+Inputs!$D$14*Inputs!$I$14*Chemistry_Daily!Y9+Inputs!$D$15*Inputs!$I$15*Chemistry_Daily!AH9+Inputs!$D$16*Inputs!$I$16*Chemistry_Daily!AQ9)/(Inputs!$D$12*Inputs!$I$12+Inputs!$D$13*Inputs!$I$13+Inputs!$D$14*Inputs!$I$14+Inputs!$D$15*Inputs!$I$15+Inputs!$D$16*Inputs!$I$16) -> 24.213202 | H9: =(Inputs!$D$12*Inputs!$I$12*BAC_ARC_Daily!B9+Inputs!$D$13*Inputs!$I$13*BAC_ARC_Daily!I9+Inputs!$D$14*Inputs!$I$14*BAC_ARC_Daily!P9+Inputs!$D$15*Inputs!$I$15*BAC_ARC_Daily!W9+Inputs!$D$16*Inputs!$I$16*BAC_ARC_Daily!AD9)/(Inputs!$D$12*Inputs!$I$12+Inputs!$D$13*Inputs!$I$13+Inputs!$D$14*Inputs!$I$14+Inputs!$D$15*Inputs!$I$15+Inputs!$D$16*Inputs!$I$16) -> 1237874.7 | I9: =(Inputs!$D$12*Inputs!$I$12*BAC_ARC_Daily!C9+Inputs!$D$13*Inputs!$I$13*BAC_ARC_Daily!J9+Inputs!$D$14*Inputs!$I$14*BAC_ARC_Daily!Q9+Inputs!$D$15*Inputs!$I$15*BAC_ARC_Daily!X9+Inputs!$D$16*Inputs!$I$16*BAC_ARC_Daily!AE9)/(Inputs!$D$12*Inputs!$I$12+Inputs!$D$13*Inputs!$I$13+Inputs!$D$14*Inputs!$I$14+Inputs!$D$15*Inputs!$I$15+Inputs!$D$16*Inputs!$I$16) -> 11449158
A10: 5 | B10: =(Inputs!$D$12*Inputs!$I$12*Chemistry_Daily!B10+Inputs!$D$13*Inputs!$I$13*Chemistry_Daily!K10+Inputs!$D$14*Inputs!$I$14*Chemistry_Daily!T10+Inputs!$D$15*Inputs!$I$15*Chemistry_Daily!AC10+Inputs!$D$16*Inputs!$I$16*Chemistry_Daily!AL10)/(Inputs!$D$12*Inputs!$I$12+Inputs!$D$13*Inputs!$I$13+Inputs!$D$14*Inputs!$I$14+Inputs!$D$15*Inputs!$I$15+Inputs!$D$16*Inputs!$I$16) -> 3.4401901e-06 | C10: =IF(B10>0,-LOG10(B10),"") -> 5.4634176 | D10: =(Inputs!$D$12*Inputs!$I$12*Chemistry_Daily!D10+Inputs!$D$13*Inputs!$I$13*Chemistry_Daily!M10+Inputs!$D$14*Inputs!$I$14*Chemistry_Daily!V10+Inputs!$D$15*Inputs!$I$15*Chemistry_Daily!AE10+Inputs!$D$16*Inputs!$I$16*Chemistry_Daily!AN10)/(Inputs!$D$12*Inputs!$I$12+Inputs!$D$13*Inputs!$I$13+Inputs!$D$14*Inputs!$I$14+Inputs!$D$15*Inputs!$I$15+Inputs!$D$16*Inputs!$I$16) -> 2.1708382 | E10: =(Inputs!$D$12*Inputs!$I$12*Chemistry_Daily!E10+Inputs!$D$13*Inputs!$I$13*Chemistry_Daily!N10+Inputs!$D$14*Inputs!$I$14*Chemistry_Daily!W10+Inputs!$D$15*Inputs!$I$15*Chemistry_Daily!AF10+Inputs!$D$16*Inputs!$I$16*Chemistry_Daily!AO10)/(Inputs!$D$12*Inputs!$I$12+Inputs!$D$13*Inputs!$I$13+Inputs!$D$14*Inputs!$I$14+Inputs!$D$15*Inputs!$I$15+Inputs!$D$16*Inputs!$I$16) -> 0.62263249 | F10: =(Inputs!$D$12*Inputs!$I$12*Chemistry_Daily!F10+Inputs!$D$13*Inputs!$I$13*Chemistry_Daily!O10+Inputs!$D$14*Inputs!$I$14*Chemistry_Daily!X10+Inputs!$D$15*Inputs!$I$15*Chemistry_Daily!AG10+Inputs!$D$16*Inputs!$I$16*Chemistry_Daily!AP10)/(Inputs!$D$12*Inputs!$I$12+Inputs!$D$13*Inputs!$I$13+Inputs!$D$14*Inputs!$I$14+Inputs!$D$15*Inputs!$I$15+Inputs!$D$16*Inputs!$I$16) -> 35.308036 | G10: =(Inputs!$D$12*Inputs!$I$12*Chemistry_Daily!G10+Inputs!$D$13*Inputs!$I$13*Chemistry_Daily!P10+Inputs!$D$14*Inputs!$I$14*Chemistry_Daily!Y10+Inputs!$D$15*Inputs!$I$15*Chemistry_Daily!AH10+Inputs!$D$16*Inputs!$I$16*Chemistry_Daily!AQ10)/(Inputs!$D$12*Inputs!$I$12+Inputs!$D$13*Inputs!$I$13+Inputs!$D$14*Inputs!$I$14+Inputs!$D$15*Inputs!$I$15+Inputs!$D$16*Inputs!$I$16) -> 24.470295 | H10: =(Inputs!$D$12*Inputs!$I$12*BAC_ARC_Daily!B10+Inputs!$D$13*Inputs!$I$13*BAC_ARC_Daily!I10+Inputs!$D$14*Inputs!$I$14*BAC_ARC_Daily!P10+Inputs!$D$15*Inputs!$I$15*BAC_ARC_Daily!W10+Inputs!$D$16*Inputs!$I$16*BAC_ARC_Daily!AD10)/(Inputs!$D$12*Inputs!$I$12+Inputs!$D$13*Inputs!$I$13+Inputs!$D$14*Inputs!$I$14+Inputs!$D$15*Inputs!$I$15+Inputs!$D$16*Inputs!$I$16) -> 1211559.1 | I10: =(Inputs!$D$12*Inputs!$I$12*BAC_ARC_Daily!C10+Inputs!$D$13*Inputs!$I$13*BAC_ARC_Daily!J10+Inputs!$D$14*Inputs!$I$14*BAC_ARC_Daily!Q10+Inputs!$D$15*Inputs!$I$15*BAC_ARC_Daily!X10+Inputs!$D$16*Inputs!$I$16*BAC_ARC_Daily!AE10)/(Inputs!$D$12*Inputs!$I$12+Inputs!$D$13*Inputs!$I$13+Inputs!$D$14*Inputs!$I$14+Inputs!$D$15*Inputs!$I$15+Inputs!$D$16*Inputs!$I$16) -> 11261813
A11: 6 | B11: =(Inputs!$D$12*Inputs!$I$12*Chemistry_Daily!B11+Inputs!$D$13*Inputs!$I$13*Chemistry_Daily!K11+Inputs!$D$14*Inputs!$I$14*Chemistry_Daily!T11+Inputs!$D$15*Inputs!$I$15*Chemistry_Daily!AC11+Inputs!$D$16*Inputs!$I$16*Chemistry_Daily!AL11)/(Inputs!$D$12*Inputs!$I$12+Inputs!$D$13*Inputs!$I$13+Inputs!$D$14*Inputs!$I$14+Inputs!$D$15*Inputs!$I$15+Inputs!$D$16*Inputs!$I$16) -> 4.048642e-06 | C11: =IF(B11>0,-LOG10(B11),"") -> 5.3926906 | D11: =(Inputs!$D$12*Inputs!$I$12*Chemistry_Daily!D11+Inputs!$D$13*Inputs!$I$13*Chemistry_Daily!M11+Inputs!$D$14*Inputs!$I$14*Chemistry_Daily!V11+Inputs!$D$15*Inputs!$I$15*Chemistry_Daily!AE11+Inputs!$D$16*Inputs!$I$16*Chemistry_Daily!AN11)/(Inputs!$D$12*Inputs!$I$12+Inputs!$D$13*Inputs!$I$13+Inputs!$D$14*Inputs!$I$14+Inputs!$D$15*Inputs!$I$15+Inputs!$D$16*Inputs!$I$16) -> 2.1385591 | E11: =(Inputs!$D$12*Inputs!$I$12*Chemistry_Daily!E11+Inputs!$D$13*Inputs!$I$13*Chemistry_Daily!N11+Inputs!$D$14*Inputs!$I$14*Chemistry_Daily!W11+Inputs!$D$15*Inputs!$I$15*Chemistry_Daily!AF11+Inputs!$D$16*Inputs!$I$16*Chemistry_Daily!AO11)/(Inputs!$D$12*Inputs!$I$12+Inputs!$D$13*Inputs!$I$13+Inputs!$D$14*Inputs!$I$14+Inputs!$D$15*Inputs!$I$15+Inputs!$D$16*Inputs!$I$16) -> 0.6914261 | F11: =(Inputs!$D$12*Inputs!$I$12*Chemistry_Daily!F11+Inputs!$D$13*Inputs!$I$13*Chemistry_Daily!O11+Inputs!$D$14*Inputs!$I$14*Chemistry_Daily!X11+Inputs!$D$15*Inputs!$I$15*Chemistry_Daily!AG11+Inputs!$D$16*Inputs!$I$16*Chemistry_Daily!AP11)/(Inputs!$D$12*Inputs!$I$12+Inputs!$D$13*Inputs!$I$13+Inputs!$D$14*Inputs!$I$14+Inputs!$D$15*Inputs!$I$15+Inputs!$D$16*Inputs!$I$16) -> 36.03213 | G11: =(Inputs!$D$12*Inputs!$I$12*Chemistry_Daily!G11+Inputs!$D$13*Inputs!$I$13*Chemistry_Daily!P11+Inputs!$D$14*Inputs!$I$14*Chemistry_Daily!Y11+Inputs!$D$15*Inputs!$I$15*Chemistry_Daily!AH11+Inputs!$D$16*Inputs!$I$16*Chemistry_Daily!AQ11)/(Inputs!$D$12*Inputs!$I$12+Inputs!$D$13*Inputs!$I$13+Inputs!$D$14*Inputs!$I$14+Inputs!$D$15*Inputs!$I$15+Inputs!$D$16*Inputs!$I$16) -> 24.720746 | H11: =(Inputs!$D$12*Inputs!$I$12*BAC_ARC_Daily!B11+Inputs!$D$13*Inputs!$I$13*BAC_ARC_Daily!I11+Inputs!$D$14*Inputs!$I$14*BAC_ARC_Daily!P11+Inputs!$D$15*Inputs!$I$15*BAC_ARC_Daily!W11+Inputs!$D$16*Inputs!$I$16*BAC_ARC_Daily!AD11)/(Inputs!$D$12*Inputs!$I$12+Inputs!$D$13*Inputs!$I$13+Inputs!$D$14*Inputs!$I$14+Inputs!$D$15*Inputs!$I$15+Inputs!$D$16*Inputs!$I$16) -> 1185839.8 | I11: =(Inputs!$D$12*Inputs!$I$12*BAC_ARC_Daily!C11+Inputs!$D$13*Inputs!$I$13*BAC_ARC_Daily!J11+Inputs!$D$14*Inputs!$I$14*BAC_ARC_Daily!Q11+Inputs!$D$15*Inputs!$I$15*BAC_ARC_Daily!X11+Inputs!$D$16*Inputs!$I$16*BAC_ARC_Daily!AE11)/(Inputs!$D$12*Inputs!$I$12+Inputs!$D$13*Inputs!$I$13+Inputs!$D$14*Inputs!$I$14+Inputs!$D$15*Inputs!$I$15+Inputs!$D$16*Inputs!$I$16) -> 11079272
A12: 7 | B12: =(Inputs!$D$12*Inputs!$I$12*Chemistry_Daily!B12+Inputs!$D$13*Inputs!$I$13*Chemistry_Daily!K12+Inputs!$D$14*Inputs!$I$14*Chemistry_Daily!T12+Inputs!$D$15*Inputs!$I$15*Chemistry_Daily!AC12+Inputs!$D$16*Inputs!$I$16*Chemistry_Daily!AL12)/(Inputs!$D$12*Inputs!$I$12+Inputs!$D$13*Inputs!$I$13+Inputs!$D$14*Inputs!$I$14+Inputs!$D$15*Inputs!$I$15+Inputs!$D$16*Inputs!$I$16) -> 4.6428419e-06 | C12: =IF(B12>0,-LOG10(B12),"") -> 5.3332161 | D12: =(Inputs!$D$12*Inputs!$I$12*Chemistry_Daily!D12+Inputs!$D$13*Inputs!$I$13*Chemistry_Daily!M12+Inputs!$D$14*Inputs!$I$14*Chemistry_Daily!V12+Inputs!$D$15*Inputs!$I$15*Chemistry_Daily!AE12+Inputs!$D$16*Inputs!$I$16*Chemistry_Daily!AN12)/(Inputs!$D$12*Inputs!$I$12+Inputs!$D$13*Inputs!$I$13+Inputs!$D$14*Inputs!$I$14+Inputs!$D$15*Inputs!$I$15+Inputs!$D$16*Inputs!$I$16) -> 2.107158 | E12: =(Inputs!$D$12*Inputs!$I$12*Chemistry_Daily!E12+Inputs!$D$13*Inputs!$I$13*Chemistry_Daily!N12+Inputs!$D$14*Inputs!$I$14*Chemistry_Daily!W12+Inputs!$D$15*Inputs!$I$15*Chemistry_Daily!AF12+Inputs!$D$16*Inputs!$I$16*Chemistry_Daily!AO12)/(Inputs!$D$12*Inputs!$I$12+Inputs!$D$13*Inputs!$I$13+Inputs!$D$14*Inputs!$I$14+Inputs!$D$15*Inputs!$I$15+Inputs!$D$16*Inputs!$I$16) -> 0.7585998 | F12: =(Inputs!$D$12*Inputs!$I$12*Chemistry_Daily!F12+Inputs!$D$13*Inputs!$I$13*Chemistry_Daily!O12+Inputs!$D$14*Inputs!$I$14*Chemistry_Daily!X12+Inputs!$D$15*Inputs!$I$15*Chemistry_Daily!AG12+Inputs!$D$16*Inputs!$I$16*Chemistry_Daily!AP12)/(Inputs!$D$12*Inputs!$I$12+Inputs!$D$13*Inputs!$I$13+Inputs!$D$14*Inputs!$I$14+Inputs!$D$15*Inputs!$I$15+Inputs!$D$16*Inputs!$I$16) -> 36.739161 | G12: =(Inputs!$D$12*Inputs!$I$12*Chemistry_Daily!G12+Inputs!$D$13*Inputs!$I$13*Chemistry_Daily!P12+Inputs!$D$14*Inputs!$I$14*Chemistry_Daily!Y12+Inputs!$D$15*Inputs!$I$15*Chemistry_Daily!AH12+Inputs!$D$16*Inputs!$I$16*Chemistry_Daily!AQ12)/(Inputs!$D$12*Inputs!$I$12+Inputs!$D$13*Inputs!$I$13+Inputs!$D$14*Inputs!$I$14+Inputs!$D$15*Inputs!$I$15+Inputs!$D$16*Inputs!$I$16) -> 24.964753 | H12: =(Inputs!$D$12*Inputs!$I$12*BAC_ARC_Daily!B12+Inputs!$D$13*Inputs!$I$13*BAC_ARC_Daily!I12+Inputs!$D$14*Inputs!$I$14*BAC_ARC_Daily!P12+Inputs!$D$15*Inputs!$I$15*BAC_ARC_Daily!W12+Inputs!$D$16*Inputs!$I$16*BAC_ARC_Daily!AD12)/(Inputs!$D$12*Inputs!$I$12+Inputs!$D$13*Inputs!$I$13+Inputs!$D$14*Inputs!$I$14+Inputs!$D$15*Inputs!$I$15+Inputs!$D$16*Inputs!$I$16) -> 1160702.1 | I12: =(Inputs!$D$12*Inputs!$I$12*BAC_ARC_Daily!C12+Inputs!$D$13*Inputs!$I$13*BAC_ARC_Daily!J12+Inputs!$D$14*Inputs!$I$14*BAC_ARC_Daily!Q12+Inputs!$D$15*Inputs!$I$15*BAC_ARC_Daily!X12+Inputs!$D$16*Inputs!$I$16*BAC_ARC_Daily!AE12)/(Inputs!$D$12*Inputs!$I$12+Inputs!$D$13*Inputs!$I$13+Inputs!$D$14*Inputs!$I$14+Inputs!$D$15*Inputs!$I$15+Inputs!$D$16*Inputs!$I$16) -> 10901391
A13: 8 | B13: =(Inputs!$D$12*Inputs!$I$12*Chemistry_Daily!B13+Inputs!$D$13*Inputs!$I$13*Chemistry_Daily!K13+Inputs!$D$14*Inputs!$I$14*Chemistry_Daily!T13+Inputs!$D$15*Inputs!$I$15*Chemistry_Daily!AC13+Inputs!$D$16*Inputs!$I$16*Chemistry_Daily!AL13)/(Inputs!$D$12*Inputs!$I$12+Inputs!$D$13*Inputs!$I$13+Inputs!$D$14*Inputs!$I$14+Inputs!$D$15*Inputs!$I$15+Inputs!$D$16*Inputs!$I$16) -> 5.2231599e-06 | C13: =IF(B13>0,-LOG10(B13),"") -> 5.2820667 | D13: =(Inputs!$D$12*Inputs!$I$12*Chemistry_Daily!D13+Inputs!$D$13*Inputs!$I$13*Chemistry_Daily!M13+Inputs!$D$14*Inputs!$I$14*Chemistry_Daily!V13+Inputs!$D$15*Inputs!$I$15*Chemistry_Daily!AE13+Inputs!$D$16*Inputs!$I$16*Chemistry_Daily!AN13)/(Inputs!$D$12*Inputs!$I$12+Inputs!$D$13*Inputs!$I$13+Inputs!$D$14*Inputs!$I$14+Inputs!$D$15*Inputs!$I$15+Inputs!$D$16*Inputs!$I$16) -> 2.0766068 | E13: =(Inputs!$D$12*Inputs!$I$12*Chemistry_Daily!E13+Inputs!$D$13*Inputs!$I$13*Chemistry_Daily!N13+Inputs!$D$14*Inputs!$I$14*Chemistry_Daily!W13+Inputs!$D$15*Inputs!$I$15*Chemistry_Daily!AF13+Inputs!$D$16*Inputs!$I$16*Chemistry_Daily!AO13)/(Inputs!$D$12*Inputs!$I$12+Inputs!$D$13*Inputs!$I$13+Inputs!$D$14*Inputs!$I$14+Inputs!$D$15*Inputs!$I$15+Inputs!$D$16*Inputs!$I$16) -> 0.82419604 | F13: =(Inputs!$D$12*Inputs!$I$12*Chemistry_Daily!F13+Inputs!$D$13*Inputs!$I$13*Chemistry_Daily!O13+Inputs!$D$14*Inputs!$I$14*Chemistry_Daily!X13+Inputs!$D$15*Inputs!$I$15*Chemistry_Daily!AG13+Inputs!$D$16*Inputs!$I$16*Chemistry_Daily!AP13)/(Inputs!$D$12*Inputs!$I$12+Inputs!$D$13*Inputs!$I$13+Inputs!$D$14*Inputs!$I$14+Inputs!$D$15*Inputs!$I$15+Inputs!$D$16*Inputs!$I$16) -> 37.429577 | G13: =(Inputs!$D$12*Inputs!$I$12*Chemistry_Daily!G13+Inputs!$D$13*Inputs!$I$13*Chemistry_Daily!P13+Inputs!$D$14*Inputs!$I$14*Chemistry_Daily!Y13+Inputs!$D$15*Inputs!$I$15*Chemistry_Daily!AH13+Inputs!$D$16*Inputs!$I$16*Chemistry_Daily!AQ13)/(Inputs!$D$12*Inputs!$I$12+Inputs!$D$13*Inputs!$I$13+Inputs!$D$14*Inputs!$I$14+Inputs!$D$15*Inputs!$I$15+Inputs!$D$16*Inputs!$I$16) -> 25.202509 | H13: =(Inputs!$D$12*Inputs!$I$12*BAC_ARC_Daily!B13+Inputs!$D$13*Inputs!$I$13*BAC_ARC_Daily!I13+Inputs!$D$14*Inputs!$I$14*BAC_ARC_Daily!P13+Inputs!$D$15*Inputs!$I$15*BAC_ARC_Daily!W13+Inputs!$D$16*Inputs!$I$16*BAC_ARC_Daily!AD13)/(Inputs!$D$12*Inputs!$I$12+Inputs!$D$13*Inputs!$I$13+Inputs!$D$14*Inputs!$I$14+Inputs!$D$15*Inputs!$I$15+Inputs!$D$16*Inputs!$I$16) -> 1136132 | I13: =(Inputs!$D$12*Inputs!$I$12*BAC_ARC_Daily!C13+Inputs!$D$13*Inputs!$I$13*BAC_ARC_Daily!J13+Inputs!$D$14*Inputs!$I$14*BAC_ARC_Daily!Q13+Inputs!$D$15*Inputs!$I$15*BAC_ARC_Daily!X13+Inputs!$D$16*Inputs!$I$16*BAC_ARC_Daily!AE13)/(Inputs!$D$12*Inputs!$I$12+Inputs!$D$13*Inputs!$I$13+Inputs!$D$14*Inputs!$I$14+Inputs!$D$15*Inputs!$I$15+Inputs!$D$16*Inputs!$I$16) -> 10728032
A14: 9 | B14: =(Inputs!$D$12*Inputs!$I$12*Chemistry_Daily!B14+Inputs!$D$13*Inputs!$I$13*Chemistry_Daily!K14+Inputs!$D$14*Inputs!$I$14*Chemistry_Daily!T14+Inputs!$D$15*Inputs!$I$15*Chemistry_Daily!AC14+Inputs!$D$16*Inputs!$I$16*Chemistry_Daily!AL14)/(Inputs!$D$12*Inputs!$I$12+Inputs!$D$13*Inputs!$I$13+Inputs!$D$14*Inputs!$I$14+Inputs!$D$15*Inputs!$I$15+Inputs!$D$16*Inputs!$I$16) -> 5.7899553e-06 | C14: =IF(B14>0,-LOG10(B14),"") -> 5.2373248 | D14: =(Inputs!$D$12*Inputs!$I$12*Chemistry_Daily!D14+Inputs!$D$13*Inputs!$I$13*Chemistry_Daily!M14+Inputs!$D$14*Inputs!$I$14*Chemistry_Daily!V14+Inputs!$D$15*Inputs!$I$15*Chemistry_Daily!AE14+Inputs!$D$16*Inputs!$I$16*Chemistry_Daily!AN14)/(Inputs!$D$12*Inputs!$I$12+Inputs!$D$13*Inputs!$I$13+Inputs!$D$14*Inputs!$I$14+Inputs!$D$15*Inputs!$I$15+Inputs!$D$16*Inputs!$I$16) -> 2.0468786 | E14: =(Inputs!$D$12*Inputs!$I$12*Chemistry_Daily!E14+Inputs!$D$13*Inputs!$I$13*Chemistry_Daily!N14+Inputs!$D$14*Inputs!$I$14*Chemistry_Daily!W14+Inputs!$D$15*Inputs!$I$15*Chemistry_Daily!AF14+Inputs!$D$16*Inputs!$I$16*Chemistry_Daily!AO14)/(Inputs!$D$12*Inputs!$I$12+Inputs!$D$13*Inputs!$I$13+Inputs!$D$14*Inputs!$I$14+Inputs!$D$15*Inputs!$I$15+Inputs!$D$16*Inputs!$I$16) -> 0.888256 | F14: =(Inputs!$D$12*Inputs!$I$12*Chemistry_Daily!F14+Inputs!$D$13*Inputs!$I$13*Chemistry_Daily!O14+Inputs!$D$14*Inputs!$I$14*Chemistry_Daily!X14+Inputs!$D$15*Inputs!$I$15*Chemistry_Daily!AG14+Inputs!$D$16*Inputs!$I$16*Chemistry_Daily!AP14)/(Inputs!$D$12*Inputs!$I$12+Inputs!$D$13*Inputs!$I$13+Inputs!$D$14*Inputs!$I$14+Inputs!$D$15*Inputs!$I$15+Inputs!$D$16*Inputs!$I$16) -> 38.103812 | G14: =(Inputs!$D$12*Inputs!$I$12*Chemistry_Daily!G14+Inputs!$D$13*Inputs!$I$13*Chemistry_Daily!P14+Inputs!$D$14*Inputs!$I$14*Chemistry_Daily!Y14+Inputs!$D$15*Inputs!$I$15*Chemistry_Daily!AH14+Inputs!$D$16*Inputs!$I$16*Chemistry_Daily!AQ14)/(Inputs!$D$12*Inputs!$I$12+Inputs!$D$13*Inputs!$I$13+Inputs!$D$14*Inputs!$I$14+Inputs!$D$15*Inputs!$I$15+Inputs!$D$16*Inputs!$I$16) -> 25.434199 | H14: =(Inputs!$D$12*Inputs!$I$12*BAC_ARC_Daily!B14+Inputs!$D$13*Inputs!$I$13*BAC_ARC_Daily!I14+Inputs!$D$14*Inputs!$I$14*BAC_ARC_Daily!P14+Inputs!$D$15*Inputs!$I$15*BAC_ARC_Daily!W14+Inputs!$D$16*Inputs!$I$16*BAC_ARC_Daily!AD14)/(Inputs!$D$12*Inputs!$I$12+Inputs!$D$13*Inputs!$I$13+Inputs!$D$14*Inputs!$I$14+Inputs!$D$15*Inputs!$I$15+Inputs!$D$16*Inputs!$I$16) -> 1112115.4 | I14: =(Inputs!$D$12*Inputs!$I$12*BAC_ARC_Daily!C14+Inputs!$D$13*Inputs!$I$13*BAC_ARC_Daily!J14+Inputs!$D$14*Inputs!$I$14*BAC_ARC_Daily!Q14+Inputs!$D$15*Inputs!$I$15*BAC_ARC_Daily!X14+Inputs!$D$16*Inputs!$I$16*BAC_ARC_Daily!AE14)/(Inputs!$D$12*Inputs!$I$12+Inputs!$D$13*Inputs!$I$13+Inputs!$D$14*Inputs!$I$14+Inputs!$D$15*Inputs!$I$15+Inputs!$D$16*Inputs!$I$16) -> 10559063
A15: 10 | B15: =(Inputs!$D$12*Inputs!$I$12*Chemistry_Daily!B15+Inputs!$D$13*Inputs!$I$13*Chemistry_Daily!K15+Inputs!$D$14*Inputs!$I$14*Chemistry_Daily!T15+Inputs!$D$15*Inputs!$I$15*Chemistry_Daily!AC15+Inputs!$D$16*Inputs!$I$16*Chemistry_Daily!AL15)/(Inputs!$D$12*Inputs!$I$12+Inputs!$D$13*Inputs!$I$13+Inputs!$D$14*Inputs!$I$14+Inputs!$D$15*Inputs!$I$15+Inputs!$D$16*Inputs!$I$16) -> 6.3435764e-06 | C15: =IF(B15>0,-LOG10(B15),"") -> 5.1976658 | D15: =(Inputs!$D$12*Inputs!$I$12*Chemistry_Daily!D15+Inputs!$D$13*Inputs!$I$13*Chemistry_Daily!M15+Inputs!$D$14*Inputs!$I$14*Chemistry_Daily!V15+Inputs!$D$15*Inputs!$I$15*Chemistry_Daily!AE15+Inputs!$D$16*Inputs!$I$16*Chemistry_Daily!AN15)/(Inputs!$D$12*Inputs!$I$12+Inputs!$D$13*Inputs!$I$13+Inputs!$D$14*Inputs!$I$14+Inputs!$D$15*Inputs!$I$15+Inputs!$D$16*Inputs!$I$16) -> 2.0179473 | E15: =(Inputs!$D$12*Inputs!$I$12*Chemistry_Daily!E15+Inputs!$D$13*Inputs!$I$13*Chemistry_Daily!N15+Inputs!$D$14*Inputs!$I$14*Chemistry_Daily!W15+Inputs!$D$15*Inputs!$I$15*Chemistry_Daily!AF15+Inputs!$D$16*Inputs!$I$16*Chemistry_Daily!AO15)/(Inputs!$D$12*Inputs!$I$12+Inputs!$D$13*Inputs!$I$13+Inputs!$D$14*Inputs!$I$14+Inputs!$D$15*Inputs!$I$15+Inputs!$D$16*Inputs!$I$16) -> 0.95081959 | F15: =(Inputs!$D$12*Inputs!$I$12*Chemistry_Daily!F15+Inputs!$D$13*Inputs!$I$13*Chemistry_Daily!O15+Inputs!$D$14*Inputs!$I$14*Chemistry_Daily!X15+Inputs!$D$15*Inputs!$I$15*Chemistry_Daily!AG15+Inputs!$D$16*Inputs!$I$16*Chemistry_Daily!AP15)/(Inputs!$D$12*Inputs!$I$12+Inputs!$D$13*Inputs!$I$13+Inputs!$D$14*Inputs!$I$14+Inputs!$D$15*Inputs!$I$15+Inputs!$D$16*Inputs!$I$16) -> 38.762288 | G15: =(Inputs!$D$12*Inputs!$I$12*Chemistry_Daily!G15+Inputs!$D$13*Inputs!$I$13*Chemistry_Daily!P15+Inputs!$D$14*Inputs!$I$14*Chemistry_Daily!Y15+Inputs!$D$15*Inputs!$I$15*Chemistry_Daily!AH15+Inputs!$D$16*Inputs!$I$16*Chemistry_Daily!AQ15)/(Inputs!$D$12*Inputs!$I$12+Inputs!$D$13*Inputs!$I$13+Inputs!$D$14*Inputs!$I$14+Inputs!$D$15*Inputs!$I$15+Inputs!$D$16*Inputs!$I$16) -> 25.660001 | H15: =(Inputs!$D$12*Inputs!$I$12*BAC_ARC_Daily!B15+Inputs!$D$13*Inputs!$I$13*BAC_ARC_Daily!I15+Inputs!$D$14*Inputs!$I$14*BAC_ARC_Daily!P15+Inputs!$D$15*Inputs!$I$15*BAC_ARC_Daily!W15+Inputs!$D$16*Inputs!$I$16*BAC_ARC_Daily!AD15)/(Inputs!$D$12*Inputs!$I$12+Inputs!$D$13*Inputs!$I$13+Inputs!$D$14*Inputs!$I$14+Inputs!$D$15*Inputs!$I$15+Inputs!$D$16*Inputs!$I$16) -> 1088639 | I15: =(Inputs!$D$12*Inputs!$I$12*BAC_ARC_Daily!C15+Inputs!$D$13*Inputs!$I$13*BAC_ARC_Daily!J15+Inputs!$D$14*Inputs!$I$14*BAC_ARC_Daily!Q15+Inputs!$D$15*Inputs!$I$15*BAC_ARC_Daily!X15+Inputs!$D$16*Inputs!$I$16*BAC_ARC_Daily!AE15)/(Inputs!$D$12*Inputs!$I$12+Inputs!$D$13*Inputs!$I$13+Inputs!$D$14*Inputs!$I$14+Inputs!$D$15*Inputs!$I$15+Inputs!$D$16*Inputs!$I$16) -> 10394355
A16: 11 | B16: =(Inputs!$D$12*Inputs!$I$12*Chemistry_Daily!B16+Inputs!$D$13*Inputs!$I$13*Chemistry_Daily!K16+Inputs!$D$14*Inputs!$I$14*Chemistry_Daily!T16+Inputs!$D$15*Inputs!$I$15*Chemistry_Daily!AC16+Inputs!$D$16*Inputs!$I$16*Chemistry_Daily!AL16)/(Inputs!$D$12*Inputs!$I$12+Inputs!$D$13*Inputs!$I$13+Inputs!$D$14*Inputs!$I$14+Inputs!$D$15*Inputs!$I$15+Inputs!$D$16*Inputs!$I$16) -> 6.8843612e-06 | C16: =IF(B16>0,-LOG10(B16),"") -> 5.1621364 | D16: =(Inputs!$D$12*Inputs!$I$12*Chemistry_Daily!D16+Inputs!$D$13*Inputs!$I$13*Chemistry_Daily!M16+Inputs!$D$14*Inputs!$I$14*Chemistry_Daily!V16+Inputs!$D$15*Inputs!$I$15*Chemistry_Daily!AE16+Inputs!$D$16*Inputs!$I$16*Chemistry_Daily!AN16)/(Inputs!$D$12*Inputs!$I$12+Inputs!$D$13*Inputs!$I$13+Inputs!$D$14*Inputs!$I$14+Inputs!$D$15*Inputs!$I$15+Inputs!$D$16*Inputs!$I$16) -> 1.989788 | E16: =(Inputs!$D$12*Inputs!$I$12*Chemistry_Daily!E16+Inputs!$D$13*Inputs!$I$13*Chemistry_Daily!N16+Inputs!$D$14*Inputs!$I$14*Chemistry_Daily!W16+Inputs!$D$15*Inputs!$I$15*Chemistry_Daily!AF16+Inputs!$D$16*Inputs!$I$16*Chemistry_Daily!AO16)/(Inputs!$D$12*Inputs!$I$12+Inputs!$D$13*Inputs!$I$13+Inputs!$D$14*Inputs!$I$14+Inputs!$D$15*Inputs!$I$15+Inputs!$D$16*Inputs!$I$16) -> 1.0119255 | F16: =(Inputs!$D$12*Inputs!$I$12*Chemistry_Daily!F16+Inputs!$D$13*Inputs!$I$13*Chemistry_Daily!O16+Inputs!$D$14*Inputs!$I$14*Chemistry_Daily!X16+Inputs!$D$15*Inputs!$I$15*Chemistry_Daily!AG16+Inputs!$D$16*Inputs!$I$16*Chemistry_Daily!AP16)/(Inputs!$D$12*Inputs!$I$12+Inputs!$D$13*Inputs!$I$13+Inputs!$D$14*Inputs!$I$14+Inputs!$D$15*Inputs!$I$15+Inputs!$D$16*Inputs!$I$16) -> 39.405412 | G16: =(Inputs!$D$12*Inputs!$I$12*Chemistry_Daily!G16+Inputs!$D$13*Inputs!$I$13*Chemistry_Daily!P16+Inputs!$D$14*Inputs!$I$14*Chemistry_Daily!Y16+Inputs!$D$15*Inputs!$I$15*Chemistry_Daily!AH16+Inputs!$D$16*Inputs!$I$16*Chemistry_Daily!AQ16)/(Inputs!$D$12*Inputs!$I$12+Inputs!$D$13*Inputs!$I$13+Inputs!$D$14*Inputs!$I$14+Inputs!$D$15*Inputs!$I$15+Inputs!$D$16*Inputs!$I$16) -> 25.88009 | H16: =(Inputs!$D$12*Inputs!$I$12*BAC_ARC_Daily!B16+Inputs!$D$13*Inputs!$I$13*BAC_ARC_Daily!I16+Inputs!$D$14*Inputs!$I$14*BAC_ARC_Daily!P16+Inputs!$D$15*Inputs!$I$15*BAC_ARC_Daily!W16+Inputs!$D$16*Inputs!$I$16*BAC_ARC_Daily!AD16)/(Inputs!$D$12*Inputs!$I$12+Inputs!$D$13*Inputs!$I$13+Inputs!$D$14*Inputs!$I$14+Inputs!$D$15*Inputs!$I$15+Inputs!$D$16*Inputs!$I$16) -> 1065689.6 | I16: =(Inputs!$D$12*Inputs!$I$12*BAC_ARC_Daily!C16+Inputs!$D$13*Inputs!$I$13*BAC_ARC_Daily!J16+Inputs!$D$14*Inputs!$I$14*BAC_ARC_Daily!Q16+Inputs!$D$15*Inputs!$I$15*BAC_ARC_Daily!X16+Inputs!$D$16*Inputs!$I$16*BAC_ARC_Daily!AE16)/(Inputs!$D$12*Inputs!$I$12+Inputs!$D$13*Inputs!$I$13+Inputs!$D$14*Inputs!$I$14+Inputs!$D$15*Inputs!$I$15+Inputs!$D$16*Inputs!$I$16) -> 10233784
... A26: 21 | B26: =(Inputs!$D$12*Inputs!$I$12*Chemistry_Daily!B26+Inputs!$D$13*Inputs!$I$13*Chemistry_Daily!K26+Inputs!$D$14*Inputs!$I$14*Chemistry_Daily!T26+Inputs!$D$15*Inputs!$I$15*Chemistry_Daily!AC26+Inputs!$D$16*Inputs!$I$16*Chemistry_Daily!AL26)/(Inputs!$D$12*Inputs!$I$12+Inputs!$D$13*Inputs!$I$13+Inputs!$D$14*Inputs!$I$14+Inputs!$D$15*Inputs!$I$15+Inputs!$D$16*Inputs!$I$16) -> 1.1653812e-05 | C26: =IF(B26>0,-LOG10(B26),"") -> 4.933532 | D26: =(Inputs!$D$12*Inputs!$I$12*Chemistry_Daily!D26+Inputs!$D$13*Inputs!$I$13*Chemistry_Daily!M26+Inputs!$D$14*Inputs!$I$14*Chemistry_Daily!V26+Inputs!$D$15*Inputs!$I$15*Chemistry_Daily!AE26+Inputs!$D$16*Inputs!$I$16*Chemistry_Daily!AN26)/(Inputs!$D$12*Inputs!$I$12+Inputs!$D$13*Inputs!$I$13+Inputs!$D$14*Inputs!$I$14+Inputs!$D$15*Inputs!$I$15+Inputs!$D$16*Inputs!$I$16) -> 1.7457559 | E26: =(Inputs!$D$12*Inputs!$I$12*Chemistry_Daily!E26+Inputs!$D$13*Inputs!$I$13*Chemistry_Daily!N26+Inputs!$D$14*Inputs!$I$14*Chemistry_Daily!W26+Inputs!$D$15*Inputs!$I$15*Chemistry_Daily!AF26+Inputs!$D$16*Inputs!$I$16*Chemistry_Daily!AO26)/(Inputs!$D$12*Inputs!$I$12+Inputs!$D$13*Inputs!$I$13+Inputs!$D$14*Inputs!$I$14+Inputs!$D$15*Inputs!$I$15+Inputs!$D$16*Inputs!$I$16) -> 1.5505486 | F26: =(Inputs!$D$12*Inputs!$I$12*Chemistry_Daily!F26+Inputs!$D$13*Inputs!$I$13*Chemistry_Daily!O26+Inputs!$D$14*Inputs!$I$14*Chemistry_Daily!X26+Inputs!$D$15*Inputs!$I$15*Chemistry_Daily!AG26+Inputs!$D$16*Inputs!$I$16*Chemistry_Daily!AP26)/(Inputs!$D$12*Inputs!$I$12+Inputs!$D$13*Inputs!$I$13+Inputs!$D$14*Inputs!$I$14+Inputs!$D$15*Inputs!$I$15+Inputs!$D$16*Inputs!$I$16) -> 45.073905 | G26: =(Inputs!$D$12*Inputs!$I$12*Chemistry_Daily!G26+Inputs!$D$13*Inputs!$I$13*Chemistry_Daily!P26+Inputs!$D$14*Inputs!$I$14*Chemistry_Daily!Y26+Inputs!$D$15*Inputs!$I$15*Chemistry_Daily!AH26+Inputs!$D$16*Inputs!$I$16*Chemistry_Daily!AQ26)/(Inputs!$D$12*Inputs!$I$12+Inputs!$D$13*Inputs!$I$13+Inputs!$D$14*Inputs!$I$14+Inputs!$D$15*Inputs!$I$15+Inputs!$D$16*Inputs!$I$16) -> 27.800716 | H26: =(Inputs!$D$12*Inputs!$I$12*BAC_ARC_Daily!B26+Inputs!$D$13*Inputs!$I$13*BAC_ARC_Daily!I26+Inputs!$D$14*Inputs!$I$14*BAC_ARC_Daily!P26+Inputs!$D$15*Inputs!$I$15*BAC_ARC_Daily!W26+Inputs!$D$16*Inputs!$I$16*BAC_ARC_Daily!AD26)/(Inputs!$D$12*Inputs!$I$12+Inputs!$D$13*Inputs!$I$13+Inputs!$D$14*Inputs!$I$14+Inputs!$D$15*Inputs!$I$15+Inputs!$D$16*Inputs!$I$16) -> 862547 | I26: =(Inputs!$D$12*Inputs!$I$12*BAC_ARC_Daily!C26+Inputs!$D$13*Inputs!$I$13*BAC_ARC_Daily!J26+Inputs!$D$14*Inputs!$I$14*BAC_ARC_Daily!Q26+Inputs!$D$15*Inputs!$I$15*BAC_ARC_Daily!X26+Inputs!$D$16*Inputs!$I$16*BAC_ARC_Daily!AE26)/(Inputs!$D$12*Inputs!$I$12+Inputs!$D$13*Inputs!$I$13+Inputs!$D$14*Inputs!$I$14+Inputs!$D$15*Inputs!$I$15+Inputs!$D$16*Inputs!$I$16) -> 8831198

Sheet Chemistry_Daily
A1: Chemistry Daily Tracking (mixing / dilution only)
A3: R1 | J3: R2 | S3: R3 | AB3: R4 | AK3: R5
A4: Day | B4: H+ | C4: pH | D4: Alkalinity | E4: TVFA | F4: COD | G4: VS | H4: TVFA/Alk | J4: Day | K4: H+ | L4: pH | M4: Alkalinity | N4: TVFA | O4: COD | P4: VS | Q4: TVFA/Alk | S4: Day | T4: H+ | U4: pH | V4: Alkalinity | W4: TVFA | X4: COD | Y4: VS | Z4: TVFA/Alk | AB4: Day | AC4: H+ | AD4: pH | AE4: Alkalinity | AF4: TVFA | AG4: COD | AH4: VS | AI4: TVFA/Alk | AK4: Day | AL4: H+ | AM4: pH | AN4: Alkalinity | AO4: TVFA | AP4: COD | AQ4: VS | AR4: TVFA/Alk
A5: 0 | B5: =IF(Inputs!$B$35="", "", 10^(-Inputs!$B$35)) -> 6.3095734e-08 | C5: =IF(Inputs!$B$35="", "", Inputs!$B$35) -> 7.2 | D5: =IF(Inputs!$C$35="", "", Inputs!$C$35) -> 3.5 | E5: =IF(Inputs!$D$35="", "", Inputs!$D$35) -> 0.09 | F5: =IF(Inputs!$E$35="", "", Inputs!$E$35) -> 25.6 | G5: =IF(Inputs!$F$35="", "", Inputs!$F$35) -> 18.1 | H5: =IF(D5<>0,E5/D5,"") -> 0.025714286 | J5: 0 | K5: =IF(Inputs!$B$36="", "", 10^(-Inputs!$B$36)) -> 6.3095734e-08 | L5: =IF(Inputs!$B$36="", "", Inputs!$B$36) -> 7.2 | M5: =IF(Inputs!$C$36="", "", Inputs!$C$36) -> 3.5 | N5: =IF(Inputs!$D$36="", "", Inputs!$D$36) -> 0.091 | O5: =IF(Inputs!$E$36="", "", Inputs!$E$36) -> 24.6 | P5: =IF(Inputs!$F$36="", "", Inputs!$F$36) -> 17.9 | Q5: =IF(M5<>0,N5/M5,"") -> 0.026 | S5: 0 | T5: =IF(Inputs!$B$37="", "", 10^(-Inputs!$B$37)) -> 6.3095734e-08 | U5: =IF(Inputs!$B$37="", "", Inputs!$B$37) -> 7.2 | V5: =IF(Inputs!$C$37="", "", Inputs!$C$37) -> 3.8 | W5: =IF(Inputs!$D$37="", "", Inputs!$D$37) -> 0.0919 | X5: =IF(Inputs!$E$37="", "", Inputs!$E$37) -> 24 | Y5: =IF(Inputs!$F$37="", "", Inputs!$F$37) -> 17.5 | Z5: =IF(V5<>0,W5/V5,"") -> 0.024184211 | AB5: 0 | AC5: =IF(Inputs!$B$38="", "", 10^(-Inputs!$B$38)) -> 3.1622777e-07 | AD5: =IF(Inputs!$B$38="", "", Inputs!$B$38) -> 6.5 | AE5: =IF(Inputs!$C$38="", "", Inputs!$C$38) -> 0.713 | AF5: =IF(Inputs!$D$38="", "", Inputs!$D$38) -> 0.513 | AG5: =IF(Inputs!$E$38="", "", Inputs!$E$38) -> 40.5 | AH5: =IF(Inputs!$F$38="", "", Inputs!$F$38) -> 30.5 | AI5: =IF(AE5<>0,AF5/AE5,"") -> 0.71949509 | AK5: 0 | AL5: =IF(Inputs!$B$39="", "", 10^(-Inputs!$B$39)) -> 3.1622777e-07 | AM5: =IF(Inputs!$B$39="", "", Inputs!$B$39) -> 6.5 | AN5: =IF(Inputs!$C$39="", "", Inputs!$C$39) -> 0.626 | AO5: =IF(Inputs!$D$39="", "", Inputs!$D$39) -> 0.433 | AP5: =IF(Inputs!$E$39="", "", Inputs!$E$39) -> 40.3 | AQ5: =IF(Inputs!$F$39="", "", Inputs!$F$39) -> 30 | AR5: =IF(AN5<>0,AO5/AN5,"") -> 0.69169329
A6: 1 | B6: =IF(B5="","",B5+Inputs!$B$5/Inputs!$B$12*(Inputs!$C$12*(IF(Inputs!$C$23>0,10^(-Inputs!$C$23),0)-B5)+Inputs!$D$12*(Reservoir!$B$5-B5)+Inputs!$E$12*(IF(Inputs!$D$23>0,10^(-Inputs!$D$23),0)-B5))) -> 1.1486687e-06 | C6: =IF(B6>0,-LOG10(B6),"") -> 5.9398052 | D6: =IF(D5="","",D5+Inputs!$B$5/Inputs!$B$12*(Inputs!$C$12*(Inputs!$C$24-D5)+Inputs!$D$12*(Reservoir!$D$5-D5)+Inputs!$E$12*(Inputs!$D$24-D5))) -> 3.399729 | E6: =IF(E5="","",E5+Inputs!$B$5/Inputs!$B$12*(Inputs!$C$12*(Inputs!$C$25-E5)+Inputs!$D$12*(Reservoir!$E$5-E5)+Inputs!$E$12*(Inputs!$D$25-E5))) -> 0.2159656 | F6: =IF(F5="","",F5+Inputs!$B$5/Inputs!$B$12*(Inputs!$C$12*(Inputs!$C$26-F5)+Inputs!$D$12*(Reservoir!$F$5-F5)+Inputs!$E$12*(Inputs!$D$26-F5))) -> 26.91469 | G6: =IF(G5="","",G5+Inputs!$B$5/Inputs!$B$12*(Inputs!$C$12*(Inputs!$C$27-G5)+Inputs!$D$12*(Reservoir!$G$5-G5)+Inputs!$E$12*(Inputs!$D$27-G5))) -> 18.744084 | H6: =IF(D6<>0,E6/D6,"") -> 0.063524356 | J6: 1 | K6: =IF(K5="","",K5+Inputs!$B$5/Inputs!$B$13*(Inputs!$C$13*(IF(Inputs!$C$23>0,10^(-Inputs!$C$23),0)-K5)+Inputs!$D$13*(Reservoir!$B$5-K5)+Inputs!$E$13*(IF(Inputs!$D$23>0,10^(-Inputs!$D$23),0)-K5))) -> 1.1486687e-06 | L6: =IF(K6>0,-LOG10(K6),"") -> 5.9398052 | M6: =IF(M5="","",M5+Inputs!$B$5/Inputs!$B$13*(Inputs!$C$13*(Inputs!$C$24-M5)+Inputs!$D$13*(Reservoir!$D$5-M5)+Inputs!$E$13*(Inputs!$D$24-M5))) -> 3.399729 | N6: =IF(N5="","",N5+Inputs!$B$5/Inputs!$B$13*(Inputs!$C$13*(Inputs!$C$25-N5)+Inputs!$D$13*(Reservoir!$E$5-N5)+Inputs!$E$13*(Inputs!$D$25-N5))) -> 0.21691417 | O6: =IF(O5="","",O5+Inputs!$B$5/Inputs!$B$13*(Inputs!$C$13*(Inputs!$C$26-O5)+Inputs!$D$13*(Reservoir!$F$5-O5)+Inputs!$E$13*(Inputs!$D$26-O5))) -> 25.966118 | P6: =IF(P5="","",P5+Inputs!$B$5/Inputs!$B$13*(Inputs!$C$13*(Inputs!$C$27-P5)+Inputs!$D$13*(Reservoir!$G$5-P5)+Inputs!$E$13*(Inputs!$D$27-P5))) -> 18.55437 | Q6: =IF(M6<>0,N6/M6,"") -> 0.06380337 | S6: 1 | T6: =IF(T5="","",T5+Inputs!$B$5/Inputs!$B$14*(Inputs!$C$14*(IF(Inputs!$C$23>0,10^(-Inputs!$C$23),0)-T5)+Inputs!$D$14*(Reservoir!$B$5-T5)+Inputs!$E$14*(IF(Inputs!$D$23>0,10^(-Inputs!$D$23),0)-T5))) -> 1.5530375e-06 | U6: =IF(T6>0,-LOG10(T6),"") -> 5.808818 | V6: =IF(V5="","",V5+Inputs!$B$5/Inputs!$B$14*(Inputs!$C$14*(Inputs!$C$24-V5)+Inputs!$D$14*(Reservoir!$D$5-V5)+Inputs!$E$14*(Inputs!$D$24-V5))) -> 3.6933752 | W6: =IF(W5="","",W5+Inputs!$B$5/Inputs!$B$14*(Inputs!$C$14*(Inputs!$C$25-W5)+Inputs!$D$14*(Reservoir!$E$5-W5)+Inputs!$E$14*(Inputs!$D$25-W5))) -> 0.2560673 | X6: =IF(X5="","",X5+Inputs!$B$5/Inputs!$B$14*(Inputs!$C$14*(Inputs!$C$26-X5)+Inputs!$D$14*(Reservoir!$F$5-X5)+Inputs!$E$14*(Inputs!$D$26-X5))) -> 25.432895 | Y6: =IF(Y5="","",Y5+Inputs!$B$5/Inputs!$B$14*(Inputs!$C$14*(Inputs!$C$27-Y5)+Inputs!$D$14*(Reservoir!$G$5-Y5)+Inputs!$E$14*(Inputs!$D$27-Y5))) -> 18.234552 | Z6: =IF(V6<>0,W6/V6,"") -> 0.069331516 | AB6: 1 | AC6: =IF(AC5="","",AC5+Inputs!$B$5/Inputs!$B$15*(Inputs!$C$15*(IF(Inputs!$C$23>0,10^(-Inputs!$C$23),0)-AC5)+Inputs!$D$15*(Reservoir!$B$5-AC5)+Inputs!$E$15*(IF(Inputs!$D$23>0,10^(-Inputs!$D$23),0)-AC5))) -> 3.1241411e-07 | AD6: =IF(AC6>0,-LOG10(AC6),"") -> 6.5052694 | AE6: =IF(AE5="","",AE5+Inputs!$B$5/Inputs!$B$15*(Inputs!$C$15*(Inputs!$C$24-AE5)+Inputs!$D$15*(Reservoir!$D$5-AE5)+Inputs!$E$15*(Inputs!$D$24-AE5))) -> 0.76217189 | AF6: =IF(AF5="","",AF5+Inputs!$B$5/Inputs!$B$15*(Inputs!$C$15*(Inputs!$C$25-AF5)+Inputs!$D$15*(Reservoir!$E$5-AF5)+Inputs!$E$15*(Inputs!$D$25-AF5))) -> 0.50932274 | AG6: =IF(AG5="","",AG5+Inputs!$B$5/Inputs!$B$15*(Inputs!$C$15*(Inputs!$C$26-AG5)+Inputs!$D$15*(Reservoir!$F$5-AG5)+Inputs!$E$15*(Inputs!$D$26-AG5))) -> 40.56669 | AH6: =IF(AH5="","",AH5+Inputs!$B$5/Inputs!$B$15*(Inputs!$C$15*(Inputs!$C$27-AH5)+Inputs!$D$15*(Reservoir!$G$5-AH5)+Inputs!$E$15*(Inputs!$D$27-AH5))) -> 30.250084 | AI6: =IF(AE6<>0,AF6/AE6,"") -> 0.66825181 | AK6: 1 | AL6: =IF(AL5="","",AL5+Inputs!$B$5/Inputs!$B$16*(Inputs!$C$16*(IF(Inputs!$C$23>0,10^(-Inputs!$C$23),0)-AL5)+Inputs!$D$16*(Reservoir!$B$5-AL5)+Inputs!$E$16*(IF(Inputs!$D$23>0,10^(-Inputs!$D$23),0)-AL5))) -> 3.1241411e-07 | AM6: =IF(AL6>0,-LOG10(AL6),"") -> 6.5052694 | AN6: =IF(AN5="","",AN5+Inputs!$B$5/Inputs!$B$16*(Inputs!$C$16*(Inputs!$C$24-AN5)+Inputs!$D$16*(Reservoir!$D$5-AN5)+Inputs!$E$16*(Inputs!$D$24-AN5))) -> 0.67890046 | AO6: =IF(AO5="","",AO5+Inputs!$B$5/Inputs!$B$16*(Inputs!$C$16*(Inputs!$C$25-AO5)+Inputs!$D$16*(Reservoir!$E$5-AO5)+Inputs!$E$16*(Inputs!$D$25-AO5))) -> 0.43275131 | AP6: =IF(AP5="","",AP5+Inputs!$B$5/Inputs!$B$16*(Inputs!$C$16*(Inputs!$C$26-AP5)+Inputs!$D$16*(Reservoir!$F$5-AP5)+Inputs!$E$16*(Inputs!$D$26-AP5))) -> 40.375261 | AQ6: =IF(AQ5="","",AQ5+Inputs!$B$5/Inputs!$B$16*(Inputs!$C$16*(Inputs!$C$27-AQ5)+Inputs!$D$16*(Reservoir!$G$5-AQ5)+Inputs!$E$16*(Inputs!$D$27-AQ5))) -> 29.771513 | AR6: =IF(AN6<>0,AO6/AN6,"") -> 0.63742969
A7: 2 | B7: =IF(B6="","",B6+Inputs!$B$5/Inputs!$B$12*(Inputs!$C$12*(IF(Inputs!$C$23>0,10^(-Inputs!$C$23),0)-B6)+Inputs!$D$12*(Reservoir!$B$6-B6)+Inputs!$E$12*(IF(Inputs!$D$23>0,10^(-Inputs!$D$23),0)-B6))) -> 2.1963381e-06 | C7: =IF(B7>0,-LOG10(B7),"") -> 5.6583008 | D7: =IF(D6="","",D6+Inputs!$B$5/Inputs!$B$12*(Inputs!$C$12*(Inputs!$C$24-D6)+Inputs!$D$12*(Reservoir!$D$6-D6)+Inputs!$E$12*(Inputs!$D$24-D6))) -> 3.3036442 | E7: =IF(E6="","",E6+Inputs!$B$5/Inputs!$B$12*(Inputs!$C$12*(Inputs!$C$25-E6)+Inputs!$D$12*(Reservoir!$E$6-E6)+Inputs!$E$12*(Inputs!$D$25-E6))) -> 0.3374811 | F7: =IF(F6="","",F6+Inputs!$B$5/Inputs!$B$12*(Inputs!$C$12*(Inputs!$C$26-F6)+Inputs!$D$12*(Reservoir!$F$6-F6)+Inputs!$E$12*(Inputs!$D$26-F6))) -> 28.183117 | G7: =IF(G6="","",G6+Inputs!$B$5/Inputs!$B$12*(Inputs!$C$12*(Inputs!$C$27-G6)+Inputs!$D$12*(Reservoir!$G$6-G6)+Inputs!$E$12*(Inputs!$D$27-G6))) -> 19.362516 | H7: =IF(D7<>0,E7/D7,"") -> 0.10215419 | J7: 2 | K7: =IF(K6="","",K6+Inputs!$B$5/Inputs!$B$13*(Inputs!$C$13*(IF(Inputs!$C$23>0,10^(-Inputs!$C$23),0)-K6)+Inputs!$D$13*(Reservoir!$B$6-K6)+Inputs!$E$13*(IF(Inputs!$D$23>0,10^(-Inputs!$D$23),0)-K6))) -> 2.1963381e-06 | L7: =IF(K7>0,-LOG10(K7),"") -> 5.6583008 | M7: =IF(M6="","",M6+Inputs!$B$5/Inputs!$B$13*(Inputs!$C$13*(Inputs!$C$24-M6)+Inputs!$D$13*(Reservoir!$D$6-M6)+Inputs!$E$13*(Inputs!$D$24-M6))) -> 3.3036442 | N7: =IF(N6="","",N6+Inputs!$B$5/Inputs!$B$13*(Inputs!$C$13*(Inputs!$C$25-N6)+Inputs!$D$13*(Reservoir!$E$6-N6)+Inputs!$E$13*(Inputs!$D$25-N6))) -> 0.33838089 | O7: =IF(O6="","",O6+Inputs!$B$5/Inputs!$B$13*(Inputs!$C$13*(Inputs!$C$26-O6)+Inputs!$D$13*(Reservoir!$F$6-O6)+Inputs!$E$13*(Inputs!$D$26-O6))) -> 27.283329 | P7: =IF(P6="","",P6+Inputs!$B$5/Inputs!$B$13*(Inputs!$C$13*(Inputs!$C$27-P6)+Inputs!$D$13*(Reservoir!$G$6-P6)+Inputs!$E$13*(Inputs!$D$27-P6))) -> 19.182558 | Q7: =IF(M7<>0,N7/M7,"") -> 0.10242655 | S7: 2 | T7: =IF(T6="","",T6+Inputs!$B$5/Inputs!$B$14*(Inputs!$C$14*(IF(Inputs!$C$23>0,10^(-Inputs!$C$23),0)-T6)+Inputs!$D$14*(Reservoir!$B$6-T6)+Inputs!$E$14*(IF(Inputs!$D$23>0,10^(-Inputs!$D$23),0)-T6))) -> 2.9912612e-06 | U7: =IF(T7>0,-LOG10(T7),"") -> 5.5241457 | V7: =IF(V6="","",V6+Inputs!$B$5/Inputs!$B$14*(Inputs!$C$14*(Inputs!$C$24-V6)+Inputs!$D$14*(Reservoir!$D$6-V6)+Inputs!$E$14*(Inputs!$D$24-V6))) -> 3.5906837 | W7: =IF(W6="","",W6+Inputs!$B$5/Inputs!$B$14*(Inputs!$C$14*(Inputs!$C$25-W6)+Inputs!$D$14*(Reservoir!$E$6-W6)+Inputs!$E$14*(Inputs!$D$25-W6))) -> 0.41457552 | X7: =IF(X6="","",X6+Inputs!$B$5/Inputs!$B$14*(Inputs!$C$14*(Inputs!$C$26-X6)+Inputs!$D$14*(Reservoir!$F$6-X6)+Inputs!$E$14*(Inputs!$D$26-X6))) -> 26.819107 | Y7: =IF(Y6="","",Y6+Inputs!$B$5/Inputs!$B$14*(Inputs!$C$14*(Inputs!$C$27-Y6)+Inputs!$D$14*(Reservoir!$G$6-Y6)+Inputs!$E$14*(Inputs!$D$27-Y6))) -> 18.942592 | Z7: =IF(V7<>0,W7/V7,"") -> 0.11545866 | AB7: 2 | AC7: =IF(AC6="","",AC6+Inputs!$B$5/Inputs!$B$15*(Inputs!$C$15*(IF(Inputs!$C$23>0,10^(-Inputs!$C$23),0)-AC6)+Inputs!$D$15*(Reservoir!$B$6-AC6)+Inputs!$E$15*(IF(Inputs!$D$23>0,10^(-Inputs!$D$23),0)-AC6))) -> 3.2668976e-07 | AD7: =IF(AC7>0,-LOG10(AC7),"") -> 6.4858645 | AE7: =IF(AE6="","",AE6+Inputs!$B$5/Inputs!$B$15*(Inputs!$C$15*(Inputs!$C$24-AE6)+Inputs!$D$15*(Reservoir!$D$6-AE6)+Inputs!$E$15*(Inputs!$D$24-AE6))) -> 0.80826572 | AF7: =IF(AF6="","",AF6+Inputs!$B$5/Inputs!$B$15*(Inputs!$C$15*(Inputs!$C$25-AF6)+Inputs!$D$15*(Reservoir!$E$6-AF6)+Inputs!$E$15*(Inputs!$D$25-AF6))) -> 0.50783121 | AG7: =IF(AG6="","",AG6+Inputs!$B$5/Inputs!$B$15*(Inputs!$C$15*(Inputs!$C$26-AG6)+Inputs!$D$15*(Reservoir!$F$6-AG6)+Inputs!$E$15*(Inputs!$D$26-AG6))) -> 40.651871 | AH7: =IF(AH6="","",AH6+Inputs!$B$5/Inputs!$B$15*(Inputs!$C$15*(Inputs!$C$27-AH6)+Inputs!$D$15*(Reservoir!$G$6-AH6)+Inputs!$E$15*(Inputs!$D$27-AH6))) -> 30.018351 | AI7: =IF(AE7<>0,AF7/AE7,"") -> 0.62829736 | AK7: 2 | AL7: =IF(AL6="","",AL6+Inputs!$B$5/Inputs!$B$16*(Inputs!$C$16*(IF(Inputs!$C$23>0,10^(-Inputs!$C$23),0)-AL6)+Inputs!$D$16*(Reservoir!$B$6-AL6)+Inputs!$E$16*(IF(Inputs!$D$23>0,10^(-Inputs!$D$23),0)-AL6))) -> 3.2668976e-07 | AM7: =IF(AL7>0,-LOG10(AL7),"") -> 6.4858645 | AN7: =IF(AN6="","",AN6+Inputs!$B$5/Inputs!$B$16*(Inputs!$C$16*(Inputs!$C$24-AN6)+Inputs!$D$16*(Reservoir!$D$6-AN6)+Inputs!$E$16*(Inputs!$D$24-AN6))) -> 0.72856306 | AO7: =IF(AO6="","",AO6+Inputs!$B$5/Inputs!$B$16*(Inputs!$C$16*(Inputs!$C$25-AO6)+Inputs!$D$16*(Reservoir!$E$6-AO6)+Inputs!$E$16*(Inputs!$D$25-AO6))) -> 0.43454142 | AP7: =IF(AP6="","",AP6+Inputs!$B$5/Inputs!$B$16*(Inputs!$C$16*(Inputs!$C$26-AP6)+Inputs!$D$16*(Reservoir!$F$6-AP6)+Inputs!$E$16*(Inputs!$D$26-AP6))) -> 40.468647 | AQ7: =IF(AQ6="","",AQ6+Inputs!$B$5/Inputs!$B$16*(Inputs!$C$16*(Inputs!$C$27-AQ6)+Inputs!$D$16*(Reservoir!$G$6-AQ6)+Inputs!$E$16*(Inputs!$D$27-AQ6))) -> 29.56029 | AR7: =IF(AN7<>0,AO7/AN7,"") -> 0.59643624
A8: 3 | B8: =IF(B7="","",B7+Inputs!$B$5/Inputs!$B$12*(Inputs!$C$12*(IF(Inputs!$C$23>0,10^(-Inputs!$C$23),0)-B7)+Inputs!$D$12*(Reservoir!$B$7-B7)+Inputs!$E$12*(IF(Inputs!$D$23>0,10^(-Inputs!$D$23),0)-B7))) -> 3.2076274e-06 | C8: =IF(B8>0,-LOG10(B8),"") -> 5.4938161 | D8: =IF(D7="","",D7+Inputs!$B$5/Inputs!$B$12*(Inputs!$C$12*(Inputs!$C$24-D7)+Inputs!$D$12*(Reservoir!$D$7-D7)+Inputs!$E$12*(Inputs!$D$24-D7))) -> 3.2115572 | E8: =IF(E7="","",E7+Inputs!$B$5/Inputs!$B$12*(Inputs!$C$12*(Inputs!$C$25-E7)+Inputs!$D$12*(Reservoir!$E$7-E7)+Inputs!$E$12*(Inputs!$D$25-E7))) -> 0.45472692 | F8: =IF(F7="","",F7+Inputs!$B$5/Inputs!$B$12*(Inputs!$C$12*(Inputs!$C$26-F7)+Inputs!$D$12*(Reservoir!$F$7-F7)+Inputs!$E$12*(Inputs!$D$26-F7))) -> 29.407149 | G8: =IF(G7="","",G7+Inputs!$B$5/Inputs!$B$12*(Inputs!$C$12*(Inputs!$C$27-G7)+Inputs!$D$12*(Reservoir!$G$7-G7)+Inputs!$E$12*(Inputs!$D$27-G7))) -> 19.956418 | H8: =IF(D8<>0,E8/D8,"") -> 0.14159079 | J8: 3 | K8: =IF(K7="","",K7+Inputs!$B$5/Inputs!$B$13*(Inputs!$C$13*(IF(Inputs!$C$23>0,10^(-Inputs!$C$23),0)-K7)+Inputs!$D$13*(Reservoir!$B$7-K7)+Inputs!$E$13*(IF(Inputs!$D$23>0,10^(-Inputs!$D$23),0)-K7))) -> 3.2076274e-06 | L8: =IF(K8>0,-LOG10(K8),"") -> 5.4938161 | M8: =IF(M7="","",M7+Inputs!$B$5/Inputs!$B$13*(Inputs!$C$13*(Inputs!$C$24-M7)+Inputs!$D$13*(Reservoir!$D$7-M7)+Inputs!$E$13*(Inputs!$D$24-M7))) -> 3.2115572 | N8: =IF(N7="","",N7+Inputs!$B$5/Inputs!$B$13*(Inputs!$C$13*(Inputs!$C$25-N7)+Inputs!$D$13*(Reservoir!$E$7-N7)+Inputs!$E$13*(Inputs!$D$25-N7))) -> 0.45558043 | O8: =IF(O7="","",O7+Inputs!$B$5/Inputs!$B$13*(Inputs!$C$13*(Inputs!$C$26-O7)+Inputs!$D$13*(Reservoir!$F$7-O7)+Inputs!$E$13*(Inputs!$D$26-O7))) -> 28.553636 | P8: =IF(P7="","",P7+Inputs!$B$5/Inputs!$B$13*(Inputs!$C$13*(Inputs!$C$27-P7)+Inputs!$D$13*(Reservoir!$G$7-P7)+Inputs!$E$13*(Inputs!$D$27-P7))) -> 19.785715 | Q8: =IF(M8<>0,N8/M8,"") -> 0.14185655 | S8: 3 | T8: =IF(T7="","",T7+Inputs!$B$5/Inputs!$B$14*(Inputs!$C$14*(IF(Inputs!$C$23>0,10^(-Inputs!$C$23),0)-T7)+Inputs!$D$14*(Reservoir!$B$7-T7)+Inputs!$E$14*(IF(Inputs!$D$23>0,10^(-Inputs!$D$23),0)-T7))) -> 4.3797081e-06 | U8: =IF(T8>0,-LOG10(T8),"") -> 5.3585548 | V8: =IF(V7="","",V7+Inputs!$B$5/Inputs!$B$14*(Inputs!$C$14*(Inputs!$C$24-V7)+Inputs!$D$14*(Reservoir!$D$7-V7)+Inputs!$E$14*(Inputs!$D$24-V7))) -> 3.4917738 | W8: =IF(W7="","",W7+Inputs!$B$5/Inputs!$B$14*(Inputs!$C$14*(Inputs!$C$25-W7)+Inputs!$D$14*(Reservoir!$E$7-W7)+Inputs!$E$14*(Inputs!$D$25-W7))) -> 0.56763569 | X8: =IF(X7="","",X7+Inputs!$B$5/Inputs!$B$14*(Inputs!$C$14*(Inputs!$C$26-X7)+Inputs!$D$14*(Reservoir!$F$7-X7)+Inputs!$E$14*(Inputs!$D$26-X7))) -> 28.160297 | Y8: =IF(Y7="","",Y7+Inputs!$B$5/Inputs!$B$14*(Inputs!$C$14*(Inputs!$C$27-Y7)+Inputs!$D$14*(Reservoir!$G$7-Y7)+Inputs!$E$14*(Inputs!$D$27-Y7))) -> 19.625129 | Z8: =IF(V8<>0,W8/V8,"") -> 0.16256371 | AB8: 3 | AC8: =IF(AC7="","",AC7+Inputs!$B$5/Inputs!$B$15*(Inputs!$C$15*(IF(Inputs!$C$23>0,10^(-Inputs!$C$23),0)-AC7)+Inputs!$D$15*(Reservoir!$B$7-AC7)+Inputs!$E$15*(IF(Inputs!$D$23>0,10^(-Inputs!$D$23),0)-AC7))) -> 3.5785369e-07 | AD8: =IF(AC8>0,-LOG10(AC8),"") -> 6.4462945 | AE8: =IF(AE7="","",AE7+Inputs!$B$5/Inputs!$B$15*(Inputs!$C$15*(Inputs!$C$24-AE7)+Inputs!$D$15*(Reservoir!$D$7-AE7)+Inputs!$E$15*(Inputs!$D$24-AE7))) -> 0.85144049 | AF8: =IF(AF7="","",AF7+Inputs!$B$5/Inputs!$B$15*(Inputs!$C$15*(Inputs!$C$25-AF7)+Inputs!$D$15*(Reservoir!$E$7-AF7)+Inputs!$E$15*(Inputs!$D$25-AF7))) -> 0.50838329 | AG8: =IF(AG7="","",AG7+Inputs!$B$5/Inputs!$B$15*(Inputs!$C$15*(Inputs!$C$26-AG7)+Inputs!$D$15*(Reservoir!$F$7-AG7)+Inputs!$E$15*(Inputs!$D$26-AG7))) -> 40.754241 | AH8: =IF(AH7="","",AH7+Inputs!$B$5/Inputs!$B$15*(Inputs!$C$15*(Inputs!$C$27-AH7)+Inputs!$D$15*(Reservoir!$G$7-AH7)+Inputs!$E$15*(Inputs!$D$27-AH7))) -> 29.803824 | AI8: =IF(AE8<>0,AF8/AE8,"") -> 0.59708612 | AK8: 3 | AL8: =IF(AL7="","",AL7+Inputs!$B$5/Inputs!$B$16*(Inputs!$C$16*(IF(Inputs!$C$23>0,10^(-Inputs!$C$23),0)-AL7)+Inputs!$D$16*(Reservoir!$B$7-AL7)+Inputs!$E$16*(IF(Inputs!$D$23>0,10^(-Inputs!$D$23),0)-AL7))) -> 3.5785369e-07 | AM8: =IF(AL8>0,-LOG10(AL8),"") -> 6.4462945 | AN8: =IF(AN7="","",AN7+Inputs!$B$5/Inputs!$B$16*(Inputs!$C$16*(Inputs!$C$24-AN7)+Inputs!$D$16*(Reservoir!$D$7-AN7)+Inputs!$E$16*(Inputs!$D$24-AN7))) -> 0.77515366 | AO8: =IF(AO7="","",AO7+Inputs!$B$5/Inputs!$B$16*(Inputs!$C$16*(Inputs!$C$25-AO7)+Inputs!$D$16*(Reservoir!$E$7-AO7)+Inputs!$E$16*(Inputs!$D$25-AO7))) -> 0.43823449 | AP8: =IF(AP7="","",AP7+Inputs!$B$5/Inputs!$B$16*(Inputs!$C$16*(Inputs!$C$26-AP7)+Inputs!$D$16*(Reservoir!$F$7-AP7)+Inputs!$E$16*(Inputs!$D$26-AP7))) -> 40.578869 | AQ8: =IF(AQ7="","",AQ7+Inputs!$B$5/Inputs!$B$16*(Inputs!$C$16*(Inputs!$C$27-AQ7)+Inputs!$D$16*(Reservoir!$G$7-AQ7)+Inputs!$E$16*(Inputs!$D$27-AQ7))) -> 29.365394 | AR8: =IF(AN8<>0,AO8/AN8,"") -> 0.56535176
A9: 4 | B9: =IF(B8="","",B8+Inputs!$B$5/Inputs!$B$12*(Inputs!$C$12*(IF(Inputs!$C$23>0,10^(-Inputs!$C$23),0)-B8)+Inputs!$D$12*(Reservoir!$B$8-B8)+Inputs!$E$12*(IF(Inputs!$D$23>0,10^(-Inputs!$D$23),0)-B8))) -> 4.1839932e-06 | C9: =IF(B9>0,-LOG10(B9),"") -> 5.378409 | D9: =IF(D8="","",D8+Inputs!$B$5/Inputs!$B$12*(Inputs!$C$12*(Inputs!$C$24-D8)+Inputs!$D$12*(Reservoir!$D$8-D8)+Inputs!$E$12*(Inputs!$D$24-D8))) -> 3.1232887 | E9: =IF(E8="","",E8+Inputs!$B$5/Inputs!$B$12*(Inputs!$C$12*(Inputs!$C$25-E8)+Inputs!$D$12*(Reservoir!$E$8-E8)+Inputs!$E$12*(Inputs!$D$25-E8))) -> 0.56787548 | F9: =IF(F8="","",F8+Inputs!$B$5/Inputs!$B$12*(Inputs!$C$12*(Inputs!$C$26-F8)+Inputs!$D$12*(Reservoir!$F$8-F8)+Inputs!$E$12*(Inputs!$D$26-F8))) -> 30.588573 | G9: =IF(G8="","",G8+Inputs!$B$5/Inputs!$B$12*(Inputs!$C$12*(Inputs!$C$27-G8)+Inputs!$D$12*(Reservoir!$G$8-G8)+Inputs!$E$12*(Inputs!$D$27-G8))) -> 20.526861 | H9: =IF(D9<>0,E9/D9,"") -> 0.18181972 | J9: 4 | K9: =IF(K8="","",K8+Inputs!$B$5/Inputs!$B$13*(Inputs!$C$13*(IF(Inputs!$C$23>0,10^(-Inputs!$C$23),0)-K8)+Inputs!$D$13*(Reservoir!$B$8-K8)+Inputs!$E$13*(IF(Inputs!$D$23>0,10^(-Inputs!$D$23),0)-K8))) -> 4.1839932e-06 | L9: =IF(K9>0,-LOG10(K9),"") -> 5.378409 | M9: =IF(M8="","",M8+Inputs!$B$5/Inputs!$B$13*(Inputs!$C$13*(Inputs!$C$24-M8)+Inputs!$D$13*(Reservoir!$D$8-M8)+Inputs!$E$13*(Inputs!$D$24-M8))) -> 3.1232887 | N9: =IF(N8="","",N8+Inputs!$B$5/Inputs!$B$13*(Inputs!$C$13*(Inputs!$C$25-N8)+Inputs!$D$13*(Reservoir!$E$8-N8)+Inputs!$E$13*(Inputs!$D$25-N8))) -> 0.5686851 | O9: =IF(O8="","",O8+Inputs!$B$5/Inputs!$B$13*(Inputs!$C$13*(Inputs!$C$26-O8)+Inputs!$D$13*(Reservoir!$F$8-O8)+Inputs!$E$13*(Inputs!$D$26-O8))) -> 29.778955 | P9: =IF(P8="","",P8+Inputs!$B$5/Inputs!$B$13*(Inputs!$C$13*(Inputs!$C$27-P8)+Inputs!$D$13*(Reservoir!$G$8-P8)+Inputs!$E$13*(Inputs!$D$27-P8))) -> 20.364938 | Q9: =IF(M9<>0,N9/M9,"") -> 0.18207894 | S9: 4 | T9: =IF(T8="","",T8+Inputs!$B$5/Inputs!$B$14*(Inputs!$C$14*(IF(Inputs!$C$23>0,10^(-Inputs!$C$23),0)-T8)+Inputs!$D$14*(Reservoir!$B$8-T8)+Inputs!$E$14*(IF(Inputs!$D$23>0,10^(-Inputs!$D$23),0)-T8))) -> 5.720243e-06 | U9: =IF(T9>0,-LOG10(T9),"") -> 5.2425855 | V9: =IF(V8="","",V8+Inputs!$B$5/Inputs!$B$14*(Inputs!$C$14*(Inputs!$C$24-V8)+Inputs!$D$14*(Reservoir!$D$8-V8)+Inputs!$E$14*(Inputs!$D$24-V8))) -> 3.3964999 | W9: =IF(W8="","",W8+Inputs!$B$5/Inputs!$B$14*(Inputs!$C$14*(Inputs!$C$25-W8)+Inputs!$D$14*(Reservoir!$E$8-W8)+Inputs!$E$14*(Inputs!$D$25-W8))) -> 0.71545058 | X9: =IF(X8="","",X8+Inputs!$B$5/Inputs!$B$14*(Inputs!$C$14*(Inputs!$C$26-X8)+Inputs!$D$14*(Reservoir!$F$8-X8)+Inputs!$E$14*(Inputs!$D$26-X8))) -> 29.458059 | Y9: =IF(Y8="","",Y8+Inputs!$B$5/Inputs!$B$14*(Inputs!$C$14*(Inputs!$C$27-Y8)+Inputs!$D$14*(Reservoir!$G$8-Y8)+Inputs!$E$14*(Inputs!$D$27-Y8))) -> 20.283137 | Z9: =IF(V9<>0,W9/V9,"") -> 0.21064349 | AB9: 4 | AC9: =IF(AC8="","",AC8+Inputs!$B$5/Inputs!$B$15*(Inputs!$C$15*(IF(Inputs!$C$23>0,10^(-Inputs!$C$23),0)-AC8)+Inputs!$D$15*(Reservoir!$B$8-AC8)+Inputs!$E$15*(IF(Inputs!$D$23>0,10^(-Inputs!$D$23),0)-AC8))) -> 4.0476765e-07 | AD9: =IF(AC9>0,-LOG10(AC9),"") -> 6.3927942 | AE9: =IF(AE8="","",AE8+Inputs!$B$5/Inputs!$B$15*(Inputs!$C$15*(Inputs!$C$24-AE8)+Inputs!$D$15*(Reservoir!$D$8-AE8)+Inputs!$E$15*(Inputs!$D$24-AE8))) -> 0.89184748 | AF9: =IF(AF8="","",AF8+Inputs!$B$5/Inputs!$B$15*(Inputs!$C$15*(Inputs!$C$25-AF8)+Inputs!$D$15*(Reservoir!$E$8-AF8)+Inputs!$E$15*(Inputs!$D$25-AF8))) -> 0.51084424 | AG9: =IF(AG8="","",AG8+Inputs!$B$5/Inputs!$B$15*(Inputs!$C$15*(Inputs!$C$26-AG8)+Inputs!$D$15*(Reservoir!$F$8-AG8)+Inputs!$E$15*(Inputs!$D$26-AG8))) -> 40.872565 | AH9: =IF(AH8="","",AH8+Inputs!$B$5/Inputs!$B$15*(Inputs!$C$15*(Inputs!$C$27-AH8)+Inputs!$D$15*(Reservoir!$G$8-AH8)+Inputs!$E$15*(Inputs!$D$27-AH8))) -> 29.605577 | AI9: =IF(AE9<>0,AF9/AE9,"") -> 0.57279328 | AK9: 4 | AL9: =IF(AL8="","",AL8+Inputs!$B$5/Inputs!$B$16*(Inputs!$C$16*(IF(Inputs!$C$23>0,10^(-Inputs!$C$23),0)-AL8)+Inputs!$D$16*(Reservoir!$B$8-AL8)+Inputs!$E$16*(IF(Inputs!$D$23>0,10^(-Inputs!$D$23),0)-AL8))) -> 4.0476765e-07 | AM9: =IF(AL9>0,-LOG10(AL9),"") -> 6.3927942 | AN9: =IF(AN8="","",AN8+Inputs!$B$5/Inputs!$B$16*(Inputs!$C$16*(Inputs!$C$24-AN8)+Inputs!$D$16*(Reservoir!$D$8-AN8)+Inputs!$E$16*(Inputs!$D$24-AN8))) -> 0.81883009 | AO9: =IF(AO8="","",AO8+Inputs!$B$5/Inputs!$B$16*(Inputs!$C$16*(Inputs!$C$25-AO8)+Inputs!$D$16*(Reservoir!$E$8-AO8)+Inputs!$E$16*(Inputs!$D$25-AO8))) -> 0.44370182 | AP9: =IF(AP8="","",AP8+Inputs!$B$5/Inputs!$B$16*(Inputs!$C$16*(Inputs!$C$26-AP8)+Inputs!$D$16*(Reservoir!$F$8-AP8)+Inputs!$E$16*(Inputs!$D$26-AP8))) -> 40.704709 | AQ9: =IF(AQ8="","",AQ8+Inputs!$B$5/Inputs!$B$16*(Inputs!$C$16*(Inputs!$C$27-AQ8)+Inputs!$D$16*(Reservoir!$G$8-AQ8)+Inputs!$E$16*(Inputs!$D$27-AQ8))) -> 29.185937 | AR9: =IF(AN9<>0,AO9/AN9,"") -> 0.54187287
A10: 5 | B10: =IF(B9="","",B9+Inputs!$B$5/Inputs!$B$12*(Inputs!$C$12*(IF(Inputs!$C$23>0,10^(-Inputs!$C$23),0)-B9)+Inputs!$D$12*(Reservoir!$B$9-B9)+Inputs!$E$12*(IF(Inputs!$D$23>0,10^(-Inputs!$D$23),0)-B9))) -> 5.126828e-06 | C10: =IF(B10>0,-LOG10(B10),"") -> 5.2901513 | D10: =IF(D9="","",D9+Inputs!$B$5/Inputs!$B$12*(Inputs!$C$12*(Inputs!$C$24-D9)+Inputs!$D$12*(Reservoir!$D$9-D9)+Inputs!$E$12*(Inputs!$D$24-D9))) -> 3.0386676 | E10: =IF(E9="","",E9+Inputs!$B$5/Inputs!$B$12*(Inputs!$C$12*(Inputs!$C$25-E9)+Inputs!$D$12*(Reservoir!$E$9-E9)+Inputs!$E$12*(Inputs!$D$25-E9))) -> 0.67709161 | F10: =IF(F9="","",F9+Inputs!$B$5/Inputs!$B$12*(Inputs!$C$12*(Inputs!$C$26-F9)+Inputs!$D$12*(Reservoir!$F$9-F9)+Inputs!$E$12*(Inputs!$D$26-F9))) -> 31.729097 | G10: =IF(G9="","",G9+Inputs!$B$5/Inputs!$B$12*(Inputs!$C$12*(Inputs!$C$27-G9)+Inputs!$D$12*(Reservoir!$G$9-G9)+Inputs!$E$12*(Inputs!$D$27-G9))) -> 21.074868 | H10: =IF(D10<>0,E10/D10,"") -> 0.22282516 | J10: 5 | K10: =IF(K9="","",K9+Inputs!$B$5/Inputs!$B$13*(Inputs!$C$13*(IF(Inputs!$C$23>0,10^(-Inputs!$C$23),0)-K9)+Inputs!$D$13*(Reservoir!$B$9-K9)+Inputs!$E$13*(IF(Inputs!$D$23>0,10^(-Inputs!$D$23),0)-K9))) -> 5.126828e-06 | L10: =IF(K10>0,-LOG10(K10),"") -> 5.2901513 | M10: =IF(M9="","",M9+Inputs!$B$5/Inputs!$B$13*(Inputs!$C$13*(Inputs!$C$24-M9)+Inputs!$D$13*(Reservoir!$D$9-M9)+Inputs!$E$13*(Inputs!$D$24-M9))) -> 3.0386676 | N10: =IF(N9="","",N9+Inputs!$B$5/Inputs!$B$13*(Inputs!$C$13*(Inputs!$C$25-N9)+Inputs!$D$13*(Reservoir!$E$9-N9)+Inputs!$E$13*(Inputs!$D$25-N9))) -> 0.67785959 | O10: =IF(O9="","",O9+Inputs!$B$5/Inputs!$B$13*(Inputs!$C$13*(Inputs!$C$26-O9)+Inputs!$D$13*(Reservoir!$F$9-O9)+Inputs!$E$13*(Inputs!$D$26-O9))) -> 30.961117 | P10: =IF(P9="","",P9+Inputs!$B$5/Inputs!$B$13*(Inputs!$C$13*(Inputs!$C$27-P9)+Inputs!$D$13*(Reservoir!$G$9-P9)+Inputs!$E$13*(Inputs!$D$27-P9))) -> 20.921272 | Q10: =IF(M10<>0,N10/M10,"") -> 0.2230779 | S10: 5 | T10: =IF(T9="","",T9+Inputs!$B$5/Inputs!$B$14*(Inputs!$C$14*(IF(Inputs!$C$23>0,10^(-Inputs!$C$23),0)-T9)+Inputs!$D$14*(Reservoir!$B$9-T9)+Inputs!$E$14*(IF(Inputs!$D$23>0,10^(-Inputs!$D$23),0)-T9))) -> 7.0146578e-06 | U10: =IF(T10>0,-LOG10(T10),"") -> 5.1539935 | V10: =IF(V9="","",V9+Inputs!$B$5/Inputs!$B$14*(Inputs!$C$14*(Inputs!$C$24-V9)+Inputs!$D$14*(Reservoir!$D$9-V9)+Inputs!$E$14*(Inputs!$D$24-V9))) -> 3.3047221 | W10: =IF(W9="","",W9+Inputs!$B$5/Inputs!$B$14*(Inputs!$C$14*(Inputs!$C$25-W9)+Inputs!$D$14*(Reservoir!$E$9-W9)+Inputs!$E$14*(Inputs!$D$25-W9))) -> 0.85821508 | X10: =IF(X9="","",X9+Inputs!$B$5/Inputs!$B$14*(Inputs!$C$14*(Inputs!$C$26-X9)+Inputs!$D$14*(Reservoir!$F$9-X9)+Inputs!$E$14*(Inputs!$D$26-X9))) -> 30.71393 | Y10: =IF(Y9="","",Y9+Inputs!$B$5/Inputs!$B$14*(Inputs!$C$14*(Inputs!$C$27-Y9)+Inputs!$D$14*(Reservoir!$G$9-Y9)+Inputs!$E$14*(Inputs!$D$27-Y9))) -> 20.917549 | Z10: =IF(V10<>0,W10/V10,"") -> 0.25969357 | AB10: 5 | AC10: =IF(AC9="","",AC9+Inputs!$B$5/Inputs!$B$15*(Inputs!$C$15*(IF(Inputs!$C$23>0,10^(-Inputs!$C$23),0)-AC9)+Inputs!$D$15*(Reservoir!$B$9-AC9)+Inputs!$E$15*(IF(Inputs!$D$23>0,10^(-Inputs!$D$23),0)-AC9))) -> 4.6635314e-07 | AD10: =IF(AC10>0,-LOG10(AC10),"") -> 6.3312851 | AE10: =IF(AE9="","",AE9+Inputs!$B$5/Inputs!$B$15*(Inputs!$C$15*(Inputs!$C$24-AE9)+Inputs!$D$15*(Reservoir!$D$9-AE9)+Inputs!$E$15*(Inputs!$D$24-AE9))) -> 0.92963066 | AF10: =IF(AF9="","",AF9+Inputs!$B$5/Inputs!$B$15*(Inputs!$C$15*(Inputs!$C$25-AF9)+Inputs!$D$15*(Reservoir!$E$9-AF9)+Inputs!$E$15*(Inputs!$D$25-AF9))) -> 0.51508635 | AG10: =IF(AG9="","",AG9+Inputs!$B$5/Inputs!$B$15*(Inputs!$C$15*(Inputs!$C$26-AG9)+Inputs!$D$15*(Reservoir!$F$9-AG9)+Inputs!$E$15*(Inputs!$D$26-AG9))) -> 41.005677 | AH10: =IF(AH9="","",AH9+Inputs!$B$5/Inputs!$B$15*(Inputs!$C$15*(Inputs!$C$27-AH9)+Inputs!$D$15*(Reservoir!$G$9-AH9)+Inputs!$E$15*(Inputs!$D$27-AH9))) -> 29.422726 | AI10: =IF(AE10<>0,AF10/AE10,"") -> 0.55407634 | AK10: 5 | AL10: =IF(AL9="","",AL9+Inputs!$B$5/Inputs!$B$16*(Inputs!$C$16*(IF(Inputs!$C$23>0,10^(-Inputs!$C$23),0)-AL9)+Inputs!$D$16*(Reservoir!$B$9-AL9)+Inputs!$E$16*(IF(Inputs!$D$23>0,10^(-Inputs!$D$23),0)-AL9))) -> 4.6635314e-07 | AM10: =IF(AL10>0,-LOG10(AL10),"") -> 6.3312851 | AN10: =IF(AN9="","",AN9+Inputs!$B$5/Inputs!$B$16*(Inputs!$C$16*(Inputs!$C$24-AN9)+Inputs!$D$16*(Reservoir!$D$9-AN9)+Inputs!$E$16*(Inputs!$D$24-AN9))) -> 0.85974259 | AO10: =IF(AO9="","",AO9+Inputs!$B$5/Inputs!$B$16*(Inputs!$C$16*(Inputs!$C$25-AO9)+Inputs!$D$16*(Reservoir!$E$9-AO9)+Inputs!$E$16*(Inputs!$D$25-AO9))) -> 0.45082146 | AP10: =IF(AP9="","",AP9+Inputs!$B$5/Inputs!$B$16*(Inputs!$C$16*(Inputs!$C$26-AP9)+Inputs!$D$16*(Reservoir!$F$9-AP9)+Inputs!$E$16*(Inputs!$D$26-AP9))) -> 40.845015 | AQ10: =IF(AQ9="","",AQ9+Inputs!$B$5/Inputs!$B$16*(Inputs!$C$16*(Inputs!$C$27-AQ9)+Inputs!$D$16*(Reservoir!$G$9-AQ9)+Inputs!$E$16*(Inputs!$D$27-AQ9))) -> 29.02107 | AR10: =IF(AN10<>0,AO10/AN10,"") -> 0.52436795
A11: 6 | B11: =IF(B10="","",B10+Inputs!$B$5/Inputs!$B$12*(Inputs!$C$12*(IF(Inputs!$C$23>0,10^(-Inputs!$C$23),0)-B10)+Inputs!$D$12*(Reservoir!$B$10-B10)+Inputs!$E$12*(IF(Inputs!$D$23>0,10^(-Inputs!$D$23),0)-B10))) -> 6.0374634e-06 | C11: =IF(B11>0,-LOG10(B11),"") -> 5.2191455 | D11: =IF(D10="","",D10+Inputs!$B$5/Inputs!$B$12*(Inputs!$C$12*(Inputs!$C$24-D10)+Inputs!$D$12*(Reservoir!$D$10-D10)+Inputs!$E$12*(Inputs!$D$24-D10))) -> 2.9575309 | E11: =IF(E10="","",E10+Inputs!$B$5/Inputs!$B$12*(Inputs!$C$12*(Inputs!$C$25-E10)+Inputs!$D$12*(Reservoir!$E$10-E10)+Inputs!$E$12*(Inputs!$D$25-E10))) -> 0.78253286 | F11: =IF(F10="","",F10+Inputs!$B$5/Inputs!$B$12*(Inputs!$C$12*(Inputs!$C$26-F10)+Inputs!$D$12*(Reservoir!$F$10-F10)+Inputs!$E$12*(Inputs!$D$26-F10))) -> 32.830354 | G11: =IF(G10="","",G10+Inputs!$B$5/Inputs!$B$12*(Inputs!$C$12*(Inputs!$C$27-G10)+Inputs!$D$12*(Reservoir!$G$10-G10)+Inputs!$E$12*(Inputs!$D$27-G10))) -> 21.601412 | H11: =IF(D11<>0,E11/D11,"") -> 0.26458992 | J11: 6 | K11: =IF(K10="","",K10+Inputs!$B$5/Inputs!$B$13*(Inputs!$C$13*(IF(Inputs!$C$23>0,10^(-Inputs!$C$23),0)-K10)+Inputs!$D$13*(Reservoir!$B$10-K10)+Inputs!$E$13*(IF(Inputs!$D$23>0,10^(-Inputs!$D$23),0)-K10))) -> 6.0374634e-06 | L11: =IF(K11>0,-LOG10(K11),"") -> 5.2191455 | M11: =IF(M10="","",M10+Inputs!$B$5/Inputs!$B$13*(Inputs!$C$13*(Inputs!$C$24-M10)+Inputs!$D$13*(Reservoir!$D$10-M10)+Inputs!$E$13*(Inputs!$D$24-M10))) -> 2.9575309 | N11: =IF(N10="","",N10+Inputs!$B$5/Inputs!$B$13*(Inputs!$C$13*(Inputs!$C$25-N10)+Inputs!$D$13*(Reservoir!$E$10-N10)+Inputs!$E$13*(Inputs!$D$25-N10))) -> 0.78326134 | O11: =IF(O10="","",O10+Inputs!$B$5/Inputs!$B$13*(Inputs!$C$13*(Inputs!$C$26-O10)+Inputs!$D$13*(Reservoir!$F$10-O10)+Inputs!$E$13*(Inputs!$D$26-O10))) -> 32.101869 | P11: =IF(P10="","",P10+Inputs!$B$5/Inputs!$B$13*(Inputs!$C$13*(Inputs!$C$27-P10)+Inputs!$D$13*(Reservoir!$G$10-P10)+Inputs!$E$13*(Inputs!$D$27-P10))) -> 21.455715 | Q11: =IF(M11<>0,N11/M11,"") -> 0.26483623 | S11: 6 | T11: =IF(T10="","",T10+Inputs!$B$5/Inputs!$B$14*(Inputs!$C$14*(IF(Inputs!$C$23>0,10^(-Inputs!$C$23),0)-T10)+Inputs!$D$14*(Reservoir!$B$10-T10)+Inputs!$E$14*(IF(Inputs!$D$23>0,10^(-Inputs!$D$23),0)-T10))) -> 8.2646737e-06 | U11: =IF(T11>0,-LOG10(T11),"") -> 5.0827743 | V11: =IF(V10="","",V10+Inputs!$B$5/Inputs!$B$14*(Inputs!$C$14*(Inputs!$C$24-V10)+Inputs!$D$14*(Reservoir!$D$10-V10)+Inputs!$E$14*(Inputs!$D$24-V10))) -> 3.216306 | W11: =IF(W10="","",W10+Inputs!$B$5/Inputs!$B$14*(Inputs!$C$14*(Inputs!$C$25-W10)+Inputs!$D$14*(Reservoir!$E$10-W10)+Inputs!$E$14*(Inputs!$D$25-W10))) -> 0.99611646 | X11: =IF(X10="","",X10+Inputs!$B$5/Inputs!$B$14*(Inputs!$C$14*(Inputs!$C$26-X10)+Inputs!$D$14*(Reservoir!$F$10-X10)+Inputs!$E$14*(Inputs!$D$26-X10))) -> 31.92939 | Y11: =IF(Y10="","",Y10+Inputs!$B$5/Inputs!$B$14*(Inputs!$C$14*(Inputs!$C$27-Y10)+Inputs!$D$14*(Reservoir!$G$10-Y10)+Inputs!$E$14*(Inputs!$D$27-Y10))) -> 21.529262 | Z11: =IF(V11<>0,W11/V11,"") -> 0.30970824 | AB11: 6 | AC11: =IF(AC10="","",AC10+Inputs!$B$5/Inputs!$B$15*(Inputs!$C$15*(IF(Inputs!$C$23>0,10^(-Inputs!$C$23),0)-AC10)+Inputs!$D$15*(Reservoir!$B$10-AC10)+Inputs!$E$15*(IF(Inputs!$D$23>0,10^(-Inputs!$D$23),0)-AC10))) -> 5.4158849e-07 | AD11: =IF(AC11>0,-LOG10(AC11),"") -> 6.2663306 | AE11: =IF(AE10="","",AE10+Inputs!$B$5/Inputs!$B$15*(Inputs!$C$15*(Inputs!$C$24-AE10)+Inputs!$D$15*(Reservoir!$D$10-AE10)+Inputs!$E$15*(Inputs!$D$24-AE10))) -> 0.96492697 | AF11: =IF(AF10="","",AF10+Inputs!$B$5/Inputs!$B$15*(Inputs!$C$15*(Inputs!$C$25-AF10)+Inputs!$D$15*(Reservoir!$E$10-AF10)+Inputs!$E$15*(Inputs!$D$25-AF10))) -> 0.52098862 | AG11: =IF(AG10="","",AG10+Inputs!$B$5/Inputs!$B$15*(Inputs!$C$15*(Inputs!$C$26-AG10)+Inputs!$D$15*(Reservoir!$F$10-AG10)+Inputs!$E$15*(Inputs!$D$26-AG10))) -> 41.152473 | AH11: =IF(AH10="","",AH10+Inputs!$B$5/Inputs!$B$15*(Inputs!$C$15*(Inputs!$C$27-AH10)+Inputs!$D$15*(Reservoir!$G$10-AH10)+Inputs!$E$15*(Inputs!$D$27-AH10))) -> 29.254432 | AI11: =IF(AE11<>0,AF11/AE11,"") -> 0.53992544 | AK11: 6 | AL11: =IF(AL10="","",AL10+Inputs!$B$5/Inputs!$B$16*(Inputs!$C$16*(IF(Inputs!$C$23>0,10^(-Inputs!$C$23),0)-AL10)+Inputs!$D$16*(Reservoir!$B$10-AL10)+Inputs!$E$16*(IF(Inputs!$D$23>0,10^(-Inputs!$D$23),0)-AL10))) -> 5.4158849e-07 | AM11: =IF(AL11>0,-LOG10(AL11),"") -> 6.2663306 | AN11: =IF(AN10="","",AN10+Inputs!$B$5/Inputs!$B$16*(Inputs!$C$16*(Inputs!$C$24-AN10)+Inputs!$D$16*(Reservoir!$D$10-AN10)+Inputs!$E$16*(Inputs!$D$24-AN10))) -> 0.8980341 | AO11: =IF(AO10="","",AO10+Inputs!$B$5/Inputs!$B$16*(Inputs!$C$16*(Inputs!$C$25-AO10)+Inputs!$D$16*(Reservoir!$E$10-AO10)+Inputs!$E$16*(Inputs!$D$25-AO10))) -> 0.45947793 | AP11: =IF(AP10="","",AP10+Inputs!$B$5/Inputs!$B$16*(Inputs!$C$16*(Inputs!$C$26-AP10)+Inputs!$D$16*(Reservoir!$F$10-AP10)+Inputs!$E$16*(Inputs!$D$26-AP10))) -> 40.998696 | AQ11: =IF(AQ10="","",AQ10+Inputs!$B$5/Inputs!$B$16*(Inputs!$C$16*(Inputs!$C$27-AQ10)+Inputs!$D$16*(Reservoir!$G$10-AQ10)+Inputs!$E$16*(Inputs!$D$27-AQ10))) -> 28.869991 | AR11: =IF(AN11<>0,AO11/AN11,"") -> 0.51164865
A12: 7 | B12: =IF(B11="","",B11+Inputs!$B$5/Inputs!$B$12*(Inputs!$C$12*(IF(Inputs!$C$23>0,10^(-Inputs!$C$23),0)-B11)+Inputs!$D$12*(Reservoir!$B$11-B11)+Inputs!$E$12*(IF(Inputs!$D$23>0,10^(-Inputs!$D$23),0)-B11))) -> 6.9171728e-06 | C12: =IF(B12>0,-LOG10(B12),"") -> 5.1600714 | D12: =IF(D11="","",D11+Inputs!$B$5/Inputs!$B$12*(Inputs!$C$12*(Inputs!$C$24-D11)+Inputs!$D$12*(Reservoir!$D$11-D11)+Inputs!$E$12*(Inputs!$D$24-D11))) -> 2.8797231 | E12: =IF(E11="","",E11+Inputs!$B$5/Inputs!$B$12*(Inputs!$C$12*(Inputs!$C$25-E11)+Inputs!$D$12*(Reservoir!$E$11-E11)+Inputs!$E$12*(Inputs!$D$25-E11))) -> 0.88434988 | F12: =IF(F11="","",F11+Inputs!$B$5/Inputs!$B$12*(Inputs!$C$12*(Inputs!$C$26-F11)+Inputs!$D$12*(Reservoir!$F$11-F11)+Inputs!$E$12*(Inputs!$D$26-F11))) -> 33.893904 | G12: =IF(G11="","",G11+Inputs!$B$5/Inputs!$B$12*(Inputs!$C$12*(Inputs!$C$27-G11)+Inputs!$D$12*(Reservoir!$G$11-G11)+Inputs!$E$12*(Inputs!$D$27-G11))) -> 22.107425 | H12: =IF(D12<>0,E12/D12,"") -> 0.30709546 | J12: 7 | K12: =IF(K11="","",K11+Inputs!$B$5/Inputs!$B$13*(Inputs!$C$13*(IF(Inputs!$C$23>0,10^(-Inputs!$C$23),0)-K11)+Inputs!$D$13*(Reservoir!$B$11-K11)+Inputs!$E$13*(IF(Inputs!$D$23>0,10^(-Inputs!$D$23),0)-K11))) -> 6.9171728e-06 | L12: =IF(K12>0,-LOG10(K12),"") -> 5.1600714 | M12: =IF(M11="","",M11+Inputs!$B$5/Inputs!$B$13*(Inputs!$C$13*(Inputs!$C$24-M11)+Inputs!$D$13*(Reservoir!$D$11-M11)+Inputs!$E$13*(Inputs!$D$24-M11))) -> 2.8797231 | N12: =IF(N11="","",N11+Inputs!$B$5/Inputs!$B$13*(Inputs!$C$13*(Inputs!$C$25-N11)+Inputs!$D$13*(Reservoir!$E$11-N11)+Inputs!$E$13*(Inputs!$D$25-N11))) -> 0.8850409 | O12: =IF(O11="","",O11+Inputs!$B$5/Inputs!$B$13*(Inputs!$C$13*(Inputs!$C$26-O11)+Inputs!$D$13*(Reservoir!$F$11-O11)+Inputs!$E$13*(Inputs!$D$26-O11))) -> 33.202885 | P12: =IF(P11="","",P11+Inputs!$B$5/Inputs!$B$13*(Inputs!$C$13*(Inputs!$C$27-P11)+Inputs!$D$13*(Reservoir!$G$11-P11)+Inputs!$E$13*(Inputs!$D$27-P11))) -> 21.969221 | Q12: =IF(M12<>0,N12/M12,"") -> 0.30733542 | S12: 7 | T12: =IF(T11="","",T11+Inputs!$B$5/Inputs!$B$14*(Inputs!$C$14*(IF(Inputs!$C$23>0,10^(-Inputs!$C$23),0)-T11)+Inputs!$D$14*(Reservoir!$B$11-T11)+Inputs!$E$14*(IF(Inputs!$D$23>0,10^(-Inputs!$D$23),0)-T11))) -> 9.4719447e-06 | U12: =IF(T12>0,-LOG10(T12),"") -> 5.0235608 | V12: =IF(V11="","",V11+Inputs!$B$5/Inputs!$B$14*(Inputs!$C$14*(Inputs!$C$24-V11)+Inputs!$D$14*(Reservoir!$D$11-V11)+Inputs!$E$14*(Inputs!$D$24-V11))) -> 3.1311224 | W12: =IF(W11="","",W11+Inputs!$B$5/Inputs!$B$14*(Inputs!$C$14*(Inputs!$C$25-W11)+Inputs!$D$14*(Reservoir!$E$11-W11)+Inputs!$E$14*(Inputs!$D$25-W11))) -> 1.1293347 | X12: =IF(X11="","",X11+Inputs!$B$5/Inputs!$B$14*(Inputs!$C$14*(Inputs!$C$26-X11)+Inputs!$D$14*(Reservoir!$F$11-X11)+Inputs!$E$14*(Inputs!$D$26-X11))) -> 33.105861 | Y12: =IF(Y11="","",Y11+Inputs!$B$5/Inputs!$B$14*(Inputs!$C$14*(Inputs!$C$27-Y11)+Inputs!$D$14*(Reservoir!$G$11-Y11)+Inputs!$E$14*(Inputs!$D$27-Y11))) -> 22.119137 | Z12: =IF(V12<>0,W12/V12,"") -> 0.36068046 | AB12: 7 | AC12: =IF(AC11="","",AC11+Inputs!$B$5/Inputs!$B$15*(Inputs!$C$15*(IF(Inputs!$C$23>0,10^(-Inputs!$C$23),0)-AC11)+Inputs!$D$15*(Reservoir!$B$11-AC11)+Inputs!$E$15*(IF(Inputs!$D$23>0,10^(-Inputs!$D$23),0)-AC11))) -> 6.2950615e-07 | AD12: =IF(AC12>0,-LOG10(AC12),"") -> 6.201 | AE12: =IF(AE11="","",AE11+Inputs!$B$5/Inputs!$B$15*(Inputs!$C$15*(Inputs!$C$24-AE11)+Inputs!$D$15*(Reservoir!$D$11-AE11)+Inputs!$E$15*(Inputs!$D$24-AE11))) -> 0.99786672 | AF12: =IF(AF11="","",AF11+Inputs!$B$5/Inputs!$B$15*(Inputs!$C$15*(Inputs!$C$25-AF11)+Inputs!$D$15*(Reservoir!$E$11-AF11)+Inputs!$E$15*(Inputs!$D$25-AF11))) -> 0.52843639 | AG12: =IF(AG11="","",AG11+Inputs!$B$5/Inputs!$B$15*(Inputs!$C$15*(Inputs!$C$26-AG11)+Inputs!$D$15*(Reservoir!$F$11-AG11)+Inputs!$E$15*(Inputs!$D$26-AG11))) -> 41.311907 | AH12: =IF(AH11="","",AH11+Inputs!$B$5/Inputs!$B$15*(Inputs!$C$15*(Inputs!$C$27-AH11)+Inputs!$D$15*(Reservoir!$G$11-AH11)+Inputs!$E$15*(Inputs!$D$27-AH11))) -> 29.099899 | AI12: =IF(AE12<>0,AF12/AE12,"") -> 0.5295661 | AK12: 7 | AL12: =IF(AL11="","",AL11+Inputs!$B$5/Inputs!$B$16*(Inputs!$C$16*(IF(Inputs!$C$23>0,10^(-Inputs!$C$23),0)-AL11)+Inputs!$D$16*(Reservoir!$B$11-AL11)+Inputs!$E$16*(IF(Inputs!$D$23>0,10^(-Inputs!$D$23),0)-AL11))) -> 6.2950615e-07 | AM12: =IF(AL12>0,-LOG10(AL12),"") -> 6.201 | AN12: =IF(AN11="","",AN11+Inputs!$B$5/Inputs!$B$16*(Inputs!$C$16*(Inputs!$C$24-AN11)+Inputs!$D$16*(Reservoir!$D$11-AN11)+Inputs!$E$16*(Inputs!$D$24-AN11))) -> 0.93384069 | AO12: =IF(AO11="","",AO11+Inputs!$B$5/Inputs!$B$16*(Inputs!$C$16*(Inputs!$C$25-AO11)+Inputs!$D$16*(Reservoir!$E$11-AO11)+Inputs!$E$16*(Inputs!$D$25-AO11))) -> 0.46956188 | AP12: =IF(AP11="","",AP11+Inputs!$B$5/Inputs!$B$16*(Inputs!$C$16*(Inputs!$C$26-AP11)+Inputs!$D$16*(Reservoir!$F$11-AP11)+Inputs!$E$16*(Inputs!$D$26-AP11))) -> 41.16472 | AQ12: =IF(AQ11="","",AQ11+Inputs!$B$5/Inputs!$B$16*(Inputs!$C$16*(Inputs!$C$27-AQ11)+Inputs!$D$16*(Reservoir!$G$11-AQ11)+Inputs!$E$16*(Inputs!$D$27-AQ11))) -> 28.731933 | AR12: =IF(AN12<>0,AO12/AN12,"") -> 0.50282868
A13: 8 | B13: =IF(B12="","",B12+Inputs!$B$5/Inputs!$B$12*(Inputs!$C$12*(IF(Inputs!$C$23>0,10^(-Inputs!$C$23),0)-B12)+Inputs!$D$12*(Reservoir!$B$12-B12)+Inputs!$E$12*(IF(Inputs!$D$23>0,10^(-Inputs!$D$23),0)-B12))) -> 7.767174e-06 | C13: =IF(B13>0,-LOG10(B13),"") -> 5.109737 | D13: =IF(D12="","",D12+Inputs!$B$5/Inputs!$B$12*(Inputs!$C$12*(Inputs!$C$24-D12)+Inputs!$D$12*(Reservoir!$D$12-D12)+Inputs!$E$12*(Inputs!$D$24-D12))) -> 2.8050959 | E13: =IF(E12="","",E12+Inputs!$B$5/Inputs!$B$12*(Inputs!$C$12*(Inputs!$C$25-E12)+Inputs!$D$12*(Reservoir!$E$12-E12)+Inputs!$E$12*(Inputs!$D$25-E12))) -> 0.98268671 | F13: =IF(F12="","",F12+Inputs!$B$5/Inputs!$B$12*(Inputs!$C$12*(Inputs!$C$26-F12)+Inputs!$D$12*(Reservoir!$F$12-F12)+Inputs!$E$12*(Inputs!$D$26-F12))) -> 34.921241 | G13: =IF(G12="","",G12+Inputs!$B$5/Inputs!$B$12*(Inputs!$C$12*(Inputs!$C$27-G12)+Inputs!$D$12*(Reservoir!$G$12-G12)+Inputs!$E$12*(Inputs!$D$27-G12))) -> 22.593793 | H13: =IF(D13<>0,E13/D13,"") -> 0.35032197 | J13: 8 | K13: =IF(K12="","",K12+Inputs!$B$5/Inputs!$B$13*(Inputs!$C$13*(IF(Inputs!$C$23>0,10^(-Inputs!$C$23),0)-K12)+Inputs!$D$13*(Reservoir!$B$12-K12)+Inputs!$E$13*(IF(Inputs!$D$23>0,10^(-Inputs!$D$23),0)-K12))) -> 7.767174e-06 | L13: =IF(K13>0,-LOG10(K13),"") -> 5.109737 | M13: =IF(M12="","",M12+Inputs!$B$5/Inputs!$B$13*(Inputs!$C$13*(Inputs!$C$24-M12)+Inputs!$D$13*(Reservoir!$D$12-M12)+Inputs!$E$13*(Inputs!$D$24-M12))) -> 2.8050959 | N13: =IF(N12="","",N12+Inputs!$B$5/Inputs!$B$13*(Inputs!$C$13*(Inputs!$C$25-N12)+Inputs!$D$13*(Reservoir!$E$12-N12)+Inputs!$E$13*(Inputs!$D$25-N12))) -> 0.98334219 | O13: =IF(O12="","",O12+Inputs!$B$5/Inputs!$B$13*(Inputs!$C$13*(Inputs!$C$26-O12)+Inputs!$D$13*(Reservoir!$F$12-O12)+Inputs!$E$13*(Inputs!$D$26-O12))) -> 34.26576 | P13: =IF(P12="","",P12+Inputs!$B$5/Inputs!$B$13*(Inputs!$C$13*(Inputs!$C$27-P12)+Inputs!$D$13*(Reservoir!$G$12-P12)+Inputs!$E$13*(Inputs!$D$27-P12))) -> 22.462697 | Q13: =IF(M13<>0,N13/M13,"") -> 0.35055564 | S13: 8 | T13: =IF(T12="","",T12+Inputs!$B$5/Inputs!$B$14*(Inputs!$C$14*(IF(Inputs!$C$23>0,10^(-Inputs!$C$23),0)-T12)+Inputs!$D$14*(Reservoir!$B$12-T12)+Inputs!$E$14*(IF(Inputs!$D$23>0,10^(-Inputs!$D$23),0)-T12))) -> 1.063806e-05 | U13: =IF(T13>0,-LOG10(T13),"") -> 4.9731376 | V13: =IF(V12="","",V12+Inputs!$B$5/Inputs!$B$14*(Inputs!$C$14*(Inputs!$C$24-V12)+Inputs!$D$14*(Reservoir!$D$12-V12)+Inputs!$E$14*(Inputs!$D$24-V12))) -> 3.0490474 | W13: =IF(W12="","",W12+Inputs!$B$5/Inputs!$B$14*(Inputs!$C$14*(Inputs!$C$25-W12)+Inputs!$D$14*(Reservoir!$E$12-W12)+Inputs!$E$14*(Inputs!$D$25-W12))) -> 1.2580427 | X13: =IF(X12="","",X12+Inputs!$B$5/Inputs!$B$14*(Inputs!$C$14*(Inputs!$C$26-X12)+Inputs!$D$14*(Reservoir!$F$12-X12)+Inputs!$E$14*(Inputs!$D$26-X12))) -> 34.244715 | Y13: =IF(Y12="","",Y12+Inputs!$B$5/Inputs!$B$14*(Inputs!$C$14*(Inputs!$C$27-Y12)+Inputs!$D$14*(Reservoir!$G$12-Y12)+Inputs!$E$14*(Inputs!$D$27-Y12))) -> 22.688002 | Z13: =IF(V13<>0,W13/V13,"") -> 0.41260189 | AB13: 8 | AC13: =IF(AC12="","",AC12+Inputs!$B$5/Inputs!$B$15*(Inputs!$C$15*(IF(Inputs!$C$23>0,10^(-Inputs!$C$23),0)-AC12)+Inputs!$D$15*(Reservoir!$B$12-AC12)+Inputs!$E$15*(IF(Inputs!$D$23>0,10^(-Inputs!$D$23),0)-AC12))) -> 7.2918999e-07 | AD13: =IF(AC13>0,-LOG10(AC13),"") -> 6.1371593 | AE13: =IF(AE12="","",AE12+Inputs!$B$5/Inputs!$B$15*(Inputs!$C$15*(Inputs!$C$24-AE12)+Inputs!$D$15*(Reservoir!$D$12-AE12)+Inputs!$E$15*(Inputs!$D$24-AE12))) -> 1.0285738 | AF13: =IF(AF12="","",AF12+Inputs!$B$5/Inputs!$B$15*(Inputs!$C$15*(Inputs!$C$25-AF12)+Inputs!$D$15*(Reservoir!$E$12-AF12)+Inputs!$E$15*(Inputs!$D$25-AF12))) -> 0.53732108 | AG13: =IF(AG12="","",AG12+Inputs!$B$5/Inputs!$B$15*(Inputs!$C$15*(Inputs!$C$26-AG12)+Inputs!$D$15*(Reservoir!$F$12-AG12)+Inputs!$E$15*(Inputs!$D$26-AG12))) -> 41.482991 | AH13: =IF(AH12="","",AH12+Inputs!$B$5/Inputs!$B$15*(Inputs!$C$15*(Inputs!$C$27-AH12)+Inputs!$D$15*(Reservoir!$G$12-AH12)+Inputs!$E$15*(Inputs!$D$27-AH12))) -> 28.958368 | AI13: =IF(AE13<>0,AF13/AE13,"") -> 0.52239427 | AK13: 8 | AL13: =IF(AL12="","",AL12+Inputs!$B$5/Inputs!$B$16*(Inputs!$C$16*(IF(Inputs!$C$23>0,10^(-Inputs!$C$23),0)-AL12)+Inputs!$D$16*(Reservoir!$B$12-AL12)+Inputs!$E$16*(IF(Inputs!$D$23>0,10^(-Inputs!$D$23),0)-AL12))) -> 7.2918999e-07 | AM13: =IF(AL13>0,-LOG10(AL13),"") -> 6.1371593 | AN13: =IF(AN12="","",AN12+Inputs!$B$5/Inputs!$B$16*(Inputs!$C$16*(Inputs!$C$24-AN12)+Inputs!$D$16*(Reservoir!$D$12-AN12)+Inputs!$E$16*(Inputs!$D$24-AN12))) -> 0.96729179 | AO13: =IF(AO12="","",AO12+Inputs!$B$5/Inputs!$B$16*(Inputs!$C$16*(Inputs!$C$25-AO12)+Inputs!$D$16*(Reservoir!$E$12-AO12)+Inputs!$E$16*(Inputs!$D$25-AO12))) -> 0.48096976 | AP13: =IF(AP12="","",AP12+Inputs!$B$5/Inputs!$B$16*(Inputs!$C$16*(Inputs!$C$26-AP12)+Inputs!$D$16*(Reservoir!$F$12-AP12)+Inputs!$E$16*(Inputs!$D$26-AP12))) -> 41.342113 | AQ13: =IF(AQ12="","",AQ12+Inputs!$B$5/Inputs!$B$16*(Inputs!$C$16*(Inputs!$C$27-AQ12)+Inputs!$D$16*(Reservoir!$G$12-AQ12)+Inputs!$E$16*(Inputs!$D$27-AQ12))) -> 28.606172 | AR13: =IF(AN13<>0,AO13/AN13,"") -> 0.49723338
A14: 9 | B14: =IF(B13="","",B13+Inputs!$B$5/Inputs!$B$12*(Inputs!$C$12*(IF(Inputs!$C$23>0,10^(-Inputs!$C$23),0)-B13)+Inputs!$D$12*(Reservoir!$B$13-B13)+Inputs!$E$12*(IF(Inputs!$D$23>0,10^(-Inputs!$D$23),0)-B13))) -> 8.5886322e-06 | C14: =IF(B14>0,-LOG10(B14),"") -> 5.066076 | D14: =IF(D13="","",D13+Inputs!$B$5/Inputs!$B$12*(Inputs!$C$12*(Inputs!$C$24-D13)+Inputs!$D$12*(Reservoir!$D$13-D13)+Inputs!$E$12*(Inputs!$D$24-D13))) -> 2.733508 | E14: =IF(E13="","",E13+Inputs!$B$5/Inputs!$B$12*(Inputs!$C$12*(Inputs!$C$25-E13)+Inputs!$D$12*(Reservoir!$E$13-E13)+Inputs!$E$12*(Inputs!$D$25-E13))) -> 1.0776811 | F14: =IF(F13="","",F13+Inputs!$B$5/Inputs!$B$12*(Inputs!$C$12*(Inputs!$C$26-F13)+Inputs!$D$12*(Reservoir!$F$13-F13)+Inputs!$E$12*(Inputs!$D$26-F13))) -> 35.913794 | G14: =IF(G13="","",G13+Inputs!$B$5/Inputs!$B$12*(Inputs!$C$12*(Inputs!$C$27-G13)+Inputs!$D$12*(Reservoir!$G$13-G13)+Inputs!$E$12*(Inputs!$D$27-G13))) -> 23.061364 | H14: =IF(D14<>0,E14/D14,"") -> 0.39424838 | J14: 9 | K14: =IF(K13="","",K13+Inputs!$B$5/Inputs!$B$13*(Inputs!$C$13*(IF(Inputs!$C$23>0,10^(-Inputs!$C$23),0)-K13)+Inputs!$D$13*(Reservoir!$B$13-K13)+Inputs!$E$13*(IF(Inputs!$D$23>0,10^(-Inputs!$D$23),0)-K13))) -> 8.5886322e-06 | L14: =IF(K14>0,-LOG10(K14),"") -> 5.066076 | M14: =IF(M13="","",M13+Inputs!$B$5/Inputs!$B$13*(Inputs!$C$13*(Inputs!$C$24-M13)+Inputs!$D$13*(Reservoir!$D$13-M13)+Inputs!$E$13*(Inputs!$D$24-M13))) -> 2.733508 | N14: =IF(N13="","",N13+Inputs!$B$5/Inputs!$B$13*(Inputs!$C$13*(Inputs!$C$25-N13)+Inputs!$D$13*(Reservoir!$E$13-N13)+Inputs!$E$13*(Inputs!$D$25-N13))) -> 1.0783029 | O14: =IF(O13="","",O13+Inputs!$B$5/Inputs!$B$13*(Inputs!$C$13*(Inputs!$C$26-O13)+Inputs!$D$13*(Reservoir!$F$13-O13)+Inputs!$E$13*(Inputs!$D$26-O13))) -> 35.292023 | P14: =IF(P13="","",P13+Inputs!$B$5/Inputs!$B$13*(Inputs!$C$13*(Inputs!$C$27-P13)+Inputs!$D$13*(Reservoir!$G$13-P13)+Inputs!$E$13*(Inputs!$D$27-P13))) -> 22.937009 | Q14: =IF(M14<>0,N14/M14,"") -> 0.39447584 | S14: 9 | T14: =IF(T13="","",T13+Inputs!$B$5/Inputs!$B$14*(Inputs!$C$14*(IF(Inputs!$C$23>0,10^(-Inputs!$C$23),0)-T13)+Inputs!$D$14*(Reservoir!$B$13-T13)+Inputs!$E$14*(IF(Inputs!$D$23>0,10^(-Inputs!$D$23),0)-T13))) -> 1.1764546e-05 | U14: =IF(T14>0,-LOG10(T14),"") -> 4.9294248 | V14: =IF(V13="","",V13+Inputs!$B$5/Inputs!$B$14*(Inputs!$C$14*(Inputs!$C$24-V13)+Inputs!$D$14*(Reservoir!$D$13-V13)+Inputs!$E$14*(Inputs!$D$24-V13))) -> 2.9699616 | W14: =IF(W13="","",W13+Inputs!$B$5/Inputs!$B$14*(Inputs!$C$14*(Inputs!$C$25-W13)+Inputs!$D$14*(Reservoir!$E$13-W13)+Inputs!$E$14*(Inputs!$D$25-W13))) -> 1.3824068 | X14: =IF(X13="","",X13+Inputs!$B$5/Inputs!$B$14*(Inputs!$C$14*(Inputs!$C$26-X13)+Inputs!$D$14*(Reservoir!$F$13-X13)+Inputs!$E$14*(Inputs!$D$26-X13))) -> 35.34727 | Y14: =IF(Y13="","",Y13+Inputs!$B$5/Inputs!$B$14*(Inputs!$C$14*(Inputs!$C$27-Y13)+Inputs!$D$14*(Reservoir!$G$13-Y13)+Inputs!$E$14*(Inputs!$D$27-Y13))) -> 23.236655 | Z14: =IF(V14<>0,W14/V14,"") -> 0.46546284 | AB14: 9 | AC14: =IF(AC13="","",AC13+Inputs!$B$5/Inputs!$B$15*(Inputs!$C$15*(IF(Inputs!$C$23>0,10^(-Inputs!$C$23),0)-AC13)+Inputs!$D$15*(Reservoir!$B$13-AC13)+Inputs!$E$15*(IF(Inputs!$D$23>0,10^(-Inputs!$D$23),0)-AC13))) -> 8.3977283e-07 | AD14: =IF(AC14>0,-LOG10(AC14),"") -> 6.0758382 | AE14: =IF(AE13="","",AE13+Inputs!$B$5/Inputs!$B$15*(Inputs!$C$15*(Inputs!$C$24-AE13)+Inputs!$D$15*(Reservoir!$D$13-AE13)+Inputs!$E$15*(Inputs!$D$24-AE13))) -> 1.0571663 | AF14: =IF(AF13="","",AF13+Inputs!$B$5/Inputs!$B$15*(Inputs!$C$15*(Inputs!$C$25-AF13)+Inputs!$D$15*(Reservoir!$E$13-AF13)+Inputs!$E$15*(Inputs!$D$25-AF13))) -> 0.54753987 | AG14: =IF(AG13="","",AG13+Inputs!$B$5/Inputs!$B$15*(Inputs!$C$15*(Inputs!$C$26-AG13)+Inputs!$D$15*(Reservoir!$F$13-AG13)+Inputs!$E$15*(Inputs!$D$26-AG13))) -> 41.664794 | AH14: =IF(AH13="","",AH13+Inputs!$B$5/Inputs!$B$15*(Inputs!$C$15*(Inputs!$C$27-AH13)+Inputs!$D$15*(Reservoir!$G$13-AH13)+Inputs!$E$15*(Inputs!$D$27-AH13))) -> 28.829117 | AI14: =IF(AE14<>0,AF14/AE14,"") -> 0.51793166 | AK14: 9 | AL14: =IF(AL13="","",AL13+Inputs!$B$5/Inputs!$B$16*(Inputs!$C$16*(IF(Inputs!$C$23>0,10^(-Inputs!$C$23),0)-AL13)+Inputs!$D$16*(Reservoir!$B$13-AL13)+Inputs!$E$16*(IF(Inputs!$D$23>0,10^(-Inputs!$D$23),0)-AL13))) -> 8.3977283e-07 | AM14: =IF(AL14>0,-LOG10(AL14),"") -> 6.0758382 | AN14: =IF(AN13="","",AN13+Inputs!$B$5/Inputs!$B$16*(Inputs!$C$16*(Inputs!$C$24-AN13)+Inputs!$D$16*(Reservoir!$D$13-AN13)+Inputs!$E$16*(Inputs!$D$24-AN13))) -> 0.99851057 | AO14: =IF(AO13="","",AO13+Inputs!$B$5/Inputs!$B$16*(Inputs!$C$16*(Inputs!$C$25-AO13)+Inputs!$D$16*(Reservoir!$E$13-AO13)+Inputs!$E$16*(Inputs!$D$25-AO13))) -> 0.49360361 | AP14: =IF(AP13="","",AP13+Inputs!$B$5/Inputs!$B$16*(Inputs!$C$16*(Inputs!$C$26-AP13)+Inputs!$D$16*(Reservoir!$F$13-AP13)+Inputs!$E$16*(Inputs!$D$26-AP13))) -> 41.529953 | AQ14: =IF(AQ13="","",AQ13+Inputs!$B$5/Inputs!$B$16*(Inputs!$C$16*(Inputs!$C$27-AQ13)+Inputs!$D$16*(Reservoir!$G$13-AQ13)+Inputs!$E$16*(Inputs!$D$27-AQ13))) -> 28.492016 | AR14: =IF(AN14<>0,AO14/AN14,"") -> 0.49433989
A15: 10 | B15: =IF(B14="","",B14+Inputs!$B$5/Inputs!$B$12*(Inputs!$C$12*(IF(Inputs!$C$23>0,10^(-Inputs!$C$23),0)-B14)+Inputs!$D$12*(Reservoir!$B$14-B14)+Inputs!$E$12*(IF(Inputs!$D$23>0,10^(-Inputs!$D$23),0)-B14))) -> 9.3826615e-06 | C15: =IF(B15>0,-LOG10(B15),"") -> 5.027674 | D15: =IF(D14="","",D14+Inputs!$B$5/Inputs!$B$12*(Inputs!$C$12*(Inputs!$C$24-D14)+Inputs!$D$12*(Reservoir!$D$14-D14)+Inputs!$E$12*(Inputs!$D$24-D14))) -> 2.6648245 | E15: =IF(E14="","",E14+Inputs!$B$5/Inputs!$B$12*(Inputs!$C$12*(Inputs!$C$25-E14)+Inputs!$D$12*(Reservoir!$E$14-E14)+Inputs!$E$12*(Inputs!$D$25-E14))) -> 1.1694648 | F15: =IF(F14="","",F14+Inputs!$B$5/Inputs!$B$12*(Inputs!$C$12*(Inputs!$C$26-F14)+Inputs!$D$12*(Reservoir!$F$14-F14)+Inputs!$E$12*(Inputs!$D$26-F14))) -> 36.872927 | G15: =IF(G14="","",G14+Inputs!$B$5/Inputs!$B$12*(Inputs!$C$12*(Inputs!$C$27-G14)+Inputs!$D$12*(Reservoir!$G$14-G14)+Inputs!$E$12*(Inputs!$D$27-G14))) -> 23.510945 | H15: =IF(D15<>0,E15/D15,"") -> 0.43885244 | J15: 10 | K15: =IF(K14="","",K14+Inputs!$B$5/Inputs!$B$13*(Inputs!$C$13*(IF(Inputs!$C$23>0,10^(-Inputs!$C$23),0)-K14)+Inputs!$D$13*(Reservoir!$B$14-K14)+Inputs!$E$13*(IF(Inputs!$D$23>0,10^(-Inputs!$D$23),0)-K14))) -> 9.3826615e-06 | L15: =IF(K15>0,-LOG10(K15),"") -> 5.027674 | M15: =IF(M14="","",M14+Inputs!$B$5/Inputs!$B$13*(Inputs!$C$13*(Inputs!$C$24-M14)+Inputs!$D$13*(Reservoir!$D$14-M14)+Inputs!$E$13*(Inputs!$D$24-M14))) -> 2.6648245 | N15: =IF(N14="","",N14+Inputs!$B$5/Inputs!$B$13*(Inputs!$C$13*(Inputs!$C$25-N14)+Inputs!$D$13*(Reservoir!$E$14-N14)+Inputs!$E$13*(Inputs!$D$25-N14))) -> 1.1700545 | O15: =IF(O14="","",O14+Inputs!$B$5/Inputs!$B$13*(Inputs!$C$13*(Inputs!$C$26-O14)+Inputs!$D$13*(Reservoir!$F$14-O14)+Inputs!$E$13*(Inputs!$D$26-O14))) -> 36.283133 | P15: =IF(P14="","",P14+Inputs!$B$5/Inputs!$B$13*(Inputs!$C$13*(Inputs!$C$27-P14)+Inputs!$D$13*(Reservoir!$G$14-P14)+Inputs!$E$13*(Inputs!$D$27-P14))) -> 23.392986 | Q15: =IF(M15<>0,N15/M15,"") -> 0.43907377 | S15: 10 | T15: =IF(T14="","",T14+Inputs!$B$5/Inputs!$B$14*(Inputs!$C$14*(IF(Inputs!$C$23>0,10^(-Inputs!$C$23),0)-T14)+Inputs!$D$14*(Reservoir!$B$14-T14)+Inputs!$E$14*(IF(Inputs!$D$23>0,10^(-Inputs!$D$23),0)-T14))) -> 1.2852871e-05 | U15: =IF(T15>0,-LOG10(T15),"") -> 4.8909999 | V15: =IF(V14="","",V14+Inputs!$B$5/Inputs!$B$14*(Inputs!$C$14*(Inputs!$C$24-V14)+Inputs!$D$14*(Reservoir!$D$14-V14)+Inputs!$E$14*(Inputs!$D$24-V14))) -> 2.8937507 | W15: =IF(W14="","",W14+Inputs!$B$5/Inputs!$B$14*(Inputs!$C$14*(Inputs!$C$25-W14)+Inputs!$D$14*(Reservoir!$E$14-W14)+Inputs!$E$14*(Inputs!$D$25-W14))) -> 1.5025867 | X15: =IF(X14="","",X14+Inputs!$B$5/Inputs!$B$14*(Inputs!$C$14*(Inputs!$C$26-X14)+Inputs!$D$14*(Reservoir!$F$14-X14)+Inputs!$E$14*(Inputs!$D$26-X14))) -> 36.414796 | Y15: =IF(Y14="","",Y14+Inputs!$B$5/Inputs!$B$14*(Inputs!$C$14*(Inputs!$C$27-Y14)+Inputs!$D$14*(Reservoir!$G$14-Y14)+Inputs!$E$14*(Inputs!$D$27-Y14))) -> 23.765858 | Z15: =IF(V15<>0,W15/V15,"") -> 0.51925228 | AB15: 10 | AC15: =IF(AC14="","",AC14+Inputs!$B$5/Inputs!$B$15*(Inputs!$C$15*(IF(Inputs!$C$23>0,10^(-Inputs!$C$23),0)-AC14)+Inputs!$D$15*(Reservoir!$B$14-AC14)+Inputs!$E$15*(IF(Inputs!$D$23>0,10^(-Inputs!$D$23),0)-AC14))) -> 9.6043406e-07 | AD15: =IF(AC15>0,-LOG10(AC15),"") -> 6.0175324 | AE15: =IF(AE14="","",AE14+Inputs!$B$5/Inputs!$B$15*(Inputs!$C$15*(Inputs!$C$24-AE14)+Inputs!$D$15*(Reservoir!$D$14-AE14)+Inputs!$E$15*(Inputs!$D$24-AE14))) -> 1.0837561 | AF15: =IF(AF14="","",AF14+Inputs!$B$5/Inputs!$B$15*(Inputs!$C$15*(Inputs!$C$25-AF14)+Inputs!$D$15*(Reservoir!$E$14-AF14)+Inputs!$E$15*(Inputs!$D$25-AF14))) -> 0.55899543 | AG15: =IF(AG14="","",AG14+Inputs!$B$5/Inputs!$B$15*(Inputs!$C$15*(Inputs!$C$26-AG14)+Inputs!$D$15*(Reservoir!$F$14-AG14)+Inputs!$E$15*(Inputs!$D$26-AG14))) -> 41.856431 | AH15: =IF(AH14="","",AH14+Inputs!$B$5/Inputs!$B$15*(Inputs!$C$15*(Inputs!$C$27-AH14)+Inputs!$D$15*(Reservoir!$G$14-AH14)+Inputs!$E$15*(Inputs!$D$27-AH14))) -> 28.711464 | AI15: =IF(AE15<>0,AF15/AE15,"") -> 0.51579449 | AK15: 10 | AL15: =IF(AL14="","",AL14+Inputs!$B$5/Inputs!$B$16*(Inputs!$C$16*(IF(Inputs!$C$23>0,10^(-Inputs!$C$23),0)-AL14)+Inputs!$D$16*(Reservoir!$B$14-AL14)+Inputs!$E$16*(IF(Inputs!$D$23>0,10^(-Inputs!$D$23),0)-AL14))) -> 9.6043406e-07 | AM15: =IF(AL15>0,-LOG10(AL15),"") -> 6.0175324 | AN15: =IF(AN14="","",AN14+Inputs!$B$5/Inputs!$B$16*(Inputs!$C$16*(Inputs!$C$24-AN14)+Inputs!$D$16*(Reservoir!$D$14-AN14)+Inputs!$E$16*(Inputs!$D$24-AN14))) -> 1.0276142 | AO15: =IF(AO14="","",AO14+Inputs!$B$5/Inputs!$B$16*(Inputs!$C$16*(Inputs!$C$25-AO14)+Inputs!$D$16*(Reservoir!$E$14-AO14)+Inputs!$E$16*(Inputs!$D$25-AO14))) -> 0.50737072 | AP15: =IF(AP14="","",AP14+Inputs!$B$5/Inputs!$B$16*(Inputs!$C$16*(Inputs!$C$26-AP14)+Inputs!$D$16*(Reservoir!$F$14-AP14)+Inputs!$E$16*(Inputs!$D$26-AP14))) -> 41.727369 | AQ15: =IF(AQ14="","",AQ14+Inputs!$B$5/Inputs!$B$16*(Inputs!$C$16*(Inputs!$C$27-AQ14)+Inputs!$D$16*(Reservoir!$G$14-AQ14)+Inputs!$E$16*(Inputs!$D$27-AQ14))) -> 28.388809 | AR15: =IF(AN15<>0,AO15/AN15,"") -> 0.49373656
A16: 11 | B16: =IF(B15="","",B15+Inputs!$B$5/Inputs!$B$12*(Inputs!$C$12*(IF(Inputs!$C$23>0,10^(-Inputs!$C$23),0)-B15)+Inputs!$D$12*(Reservoir!$B$15-B15)+Inputs!$E$12*(IF(Inputs!$D$23>0,10^(-Inputs!$D$23),0)-B15))) -> 1.0150328e-05 | C16: =IF(B16>0,-LOG10(B16),"") -> 4.9935199 | D16: =IF(D15="","",D15+Inputs!$B$5/Inputs!$B$12*(Inputs!$C$12*(Inputs!$C$24-D15)+Inputs!$D$12*(Reservoir!$D$15-D15)+Inputs!$E$12*(Inputs!$D$24-D15))) -> 2.598917 | E16: =IF(E15="","",E15+Inputs!$B$5/Inputs!$B$12*(Inputs!$C$12*(Inputs!$C$25-E15)+Inputs!$D$12*(Reservoir!$E$15-E15)+Inputs!$E$12*(Inputs!$D$25-E15))) -> 1.2581637 | F16: =IF(F15="","",F15+Inputs!$B$5/Inputs!$B$12*(Inputs!$C$12*(Inputs!$C$26-F15)+Inputs!$D$12*(Reservoir!$F$15-F15)+Inputs!$E$12*(Inputs!$D$26-F15))) -> 37.799947 | G16: =IF(G15="","",G15+Inputs!$B$5/Inputs!$B$12*(Inputs!$C$12*(Inputs!$C$27-G15)+Inputs!$D$12*(Reservoir!$G$15-G15)+Inputs!$E$12*(Inputs!$D$27-G15))) -> 23.943308 | H16: =IF(D16<>0,E16/D16,"") -> 0.48411076 | J16: 11 | K16: =IF(K15="","",K15+Inputs!$B$5/Inputs!$B$13*(Inputs!$C$13*(IF(Inputs!$C$23>0,10^(-Inputs!$C$23),0)-K15)+Inputs!$D$13*(Reservoir!$B$15-K15)+Inputs!$E$13*(IF(Inputs!$D$23>0,10^(-Inputs!$D$23),0)-K15))) -> 1.0150328e-05 | L16: =IF(K16>0,-LOG10(K16),"") -> 4.9935199 | M16: =IF(M15="","",M15+Inputs!$B$5/Inputs!$B$13*(Inputs!$C$13*(Inputs!$C$24-M15)+Inputs!$D$13*(Reservoir!$D$15-M15)+Inputs!$E$13*(Inputs!$D$24-M15))) -> 2.598917 | N16: =IF(N15="","",N15+Inputs!$B$5/Inputs!$B$13*(Inputs!$C$13*(Inputs!$C$25-N15)+Inputs!$D$13*(Reservoir!$E$15-N15)+Inputs!$E$13*(Inputs!$D$25-N15))) -> 1.2587232 | O16: =IF(O15="","",O15+Inputs!$B$5/Inputs!$B$13*(Inputs!$C$13*(Inputs!$C$26-O15)+Inputs!$D$13*(Reservoir!$F$15-O15)+Inputs!$E$13*(Inputs!$D$26-O15))) -> 37.240486 | P16: =IF(P15="","",P15+Inputs!$B$5/Inputs!$B$13*(Inputs!$C$13*(Inputs!$C$27-P15)+Inputs!$D$13*(Reservoir!$G$15-P15)+Inputs!$E$13*(Inputs!$D$27-P15))) -> 23.831415 | Q16: =IF(M16<>0,N16/M16,"") -> 0.48432603 | S16: 11 | T16: =IF(T15="","",T15+Inputs!$B$5/Inputs!$B$14*(Inputs!$C$14*(IF(Inputs!$C$23>0,10^(-Inputs!$C$23),0)-T15)+Inputs!$D$14*(Reservoir!$B$15-T15)+Inputs!$E$14*(IF(Inputs!$D$23>0,10^(-Inputs!$D$23),0)-T15))) -> 1.3904443e-05 | U16: =IF(T16>0,-LOG10(T16),"") -> 4.8568464 | V16: =IF(V15="","",V15+Inputs!$B$5/Inputs!$B$14*(Inputs!$C$14*(Inputs!$C$24-V15)+Inputs!$D$14*(Reservoir!$D$15-V15)+Inputs!$E$14*(Inputs!$D$24-V15))) -> 2.8203046 | W16: =IF(W15="","",W15+Inputs!$B$5/Inputs!$B$14*(Inputs!$C$14*(Inputs!$C$25-W15)+Inputs!$D$14*(Reservoir!$E$15-W15)+Inputs!$E$14*(Inputs!$D$25-W15))) -> 1.618736 | X16: =IF(X15="","",X15+Inputs!$B$5/Inputs!$B$14*(Inputs!$C$14*(Inputs!$C$26-X15)+Inputs!$D$14*(Reservoir!$F$15-X15)+Inputs!$E$14*(Inputs!$D$26-X15))) -> 37.448518 | Y16: =IF(Y15="","",Y15+Inputs!$B$5/Inputs!$B$14*(Inputs!$C$14*(Inputs!$C$27-Y15)+Inputs!$D$14*(Reservoir!$G$15-Y15)+Inputs!$E$14*(Inputs!$D$27-Y15))) -> 24.276347 | Z16: =IF(V16<>0,W16/V16,"") -> 0.57395786 | AB16: 11 | AC16: =IF(AC15="","",AC15+Inputs!$B$5/Inputs!$B$15*(Inputs!$C$15*(IF(Inputs!$C$23>0,10^(-Inputs!$C$23),0)-AC15)+Inputs!$D$15*(Reservoir!$B$15-AC15)+Inputs!$E$15*(IF(Inputs!$D$23>0,10^(-Inputs!$D$23),0)-AC15))) -> 1.0903973e-06 | AD16: =IF(AC16>0,-LOG10(AC16),"") -> 5.9624152 | AE16: =IF(AE15="","",AE15+Inputs!$B$5/Inputs!$B$15*(Inputs!$C$15*(Inputs!$C$24-AE15)+Inputs!$D$15*(Reservoir!$D$15-AE15)+Inputs!$E$15*(Inputs!$D$24-AE15))) -> 1.10845 | AF16: =IF(AF15="","",AF15+Inputs!$B$5/Inputs!$B$15*(Inputs!$C$15*(Inputs!$C$25-AF15)+Inputs!$D$15*(Reservoir!$E$15-AF15)+Inputs!$E$15*(Inputs!$D$25-AF15))) -> 0.57159562 | AG16: =IF(AG15="","",AG15+Inputs!$B$5/Inputs!$B$15*(Inputs!$C$15*(Inputs!$C$26-AG15)+Inputs!$D$15*(Reservoir!$F$15-AG15)+Inputs!$E$15*(Inputs!$D$26-AG15))) -> 42.057069 | AH16: =IF(AH15="","",AH15+Inputs!$B$5/Inputs!$B$15*(Inputs!$C$15*(Inputs!$C$27-AH15)+Inputs!$D$15*(Reservoir!$G$15-AH15)+Inputs!$E$15*(Inputs!$D$27-AH15))) -> 28.604755 | AI16: =IF(AE16<>0,AF16/AE16,"") -> 0.51567108 | AK16: 11 | AL16: =IF(AL15="","",AL15+Inputs!$B$5/Inputs!$B$16*(Inputs!$C$16*(IF(Inputs!$C$23>0,10^(-Inputs!$C$23),0)-AL15)+Inputs!$D$16*(Reservoir!$B$15-AL15)+Inputs!$E$16*(IF(Inputs!$D$23>0,10^(-Inputs!$D$23),0)-AL15))) -> 1.0903973e-06 | AM16: =IF(AL16>0,-LOG10(AL16),"") -> 5.9624152 | AN16: =IF(AN15="","",AN15+Inputs!$B$5/Inputs!$B$16*(Inputs!$C$16*(Inputs!$C$24-AN15)+Inputs!$D$16*(Reservoir!$D$15-AN15)+Inputs!$E$16*(Inputs!$D$24-AN15))) -> 1.0547142 | AO16: =IF(AO15="","",AO15+Inputs!$B$5/Inputs!$B$16*(Inputs!$C$16*(Inputs!$C$25-AO15)+Inputs!$D$16*(Reservoir!$E$15-AO15)+Inputs!$E$16*(Inputs!$D$25-AO15))) -> 0.5221834 | AP16: =IF(AP15="","",AP15+Inputs!$B$5/Inputs!$B$16*(Inputs!$C$16*(Inputs!$C$26-AP15)+Inputs!$D$16*(Reservoir!$F$15-AP15)+Inputs!$E$16*(Inputs!$D$26-AP15))) -> 41.933539 | AQ16: =IF(AQ15="","",AQ15+Inputs!$B$5/Inputs!$B$16*(Inputs!$C$16*(Inputs!$C$27-AQ15)+Inputs!$D$16*(Reservoir!$G$15-AQ15)+Inputs!$E$16*(Inputs!$D$27-AQ15))) -> 28.295929 | AR16: =IF(AN16<>0,AO16/AN16,"") -> 0.49509467
A17: 12 | B17: =IF(B16="","",B16+Inputs!$B$5/Inputs!$B$12*(Inputs!$C$12*(IF(Inputs!$C$23>0,10^(-Inputs!$C$23),0)-B16)+Inputs!$D$12*(Reservoir!$B$16-B16)+Inputs!$E$12*(IF(Inputs!$D$23>0,10^(-Inputs!$D$23),0)-B16))) -> 1.0892653e-05 | C17: =IF(B17>0,-LOG10(B17),"") -> 4.9628663 | D17: =IF(D16="","",D16+Inputs!$B$5/Inputs!$B$12*(Inputs!$C$12*(Inputs!$C$24-D16)+Inputs!$D$12*(Reservoir!$D$16-D16)+Inputs!$E$12*(Inputs!$D$24-D16))) -> 2.5356629 | E17: =IF(E16="","",E16+Inputs!$B$5/Inputs!$B$12*(Inputs!$C$12*(Inputs!$C$25-E16)+Inputs!$D$12*(Reservoir!$E$16-E16)+Inputs!$E$12*(Inputs!$D$25-E16))) -> 1.3438985 | F17: =IF(F16="","",F16+Inputs!$B$5/Inputs!$B$12*(Inputs!$C$12*(Inputs!$C$26-F16)+Inputs!$D$12*(Reservoir!$F$16-F16)+Inputs!$E$12*(Inputs!$D$26-F16))) -> 38.696106 | G17: =IF(G16="","",G16+Inputs!$B$5/Inputs!$B$12*(Inputs!$C$12*(Inputs!$C$27-G16)+Inputs!$D$12*(Reservoir!$G$16-G16)+Inputs!$E$12*(Inputs!$D$27-G16))) -> 24.359188 | H17: =IF(D17<>0,E17/D17,"") -> 0.52999888 | J17: 12 | K17: =IF(K16="","",K16+Inputs!$B$5/Inputs!$B$13*(Inputs!$C$13*(IF(Inputs!$C$23>0,10^(-Inputs!$C$23),0)-K16)+Inputs!$D$13*(Reservoir!$B$16-K16)+Inputs!$E$13*(IF(Inputs!$D$23>0,10^(-Inputs!$D$23),0)-K16))) -> 1.0892653e-05 | L17: =IF(K17>0,-LOG10(K17),"") -> 4.9628663 | M17: =IF(M16="","",M16+Inputs!$B$5/Inputs!$B$13*(Inputs!$C$13*(Inputs!$C$24-M16)+Inputs!$D$13*(Reservoir!$D$16-M16)+Inputs!$E$13*(Inputs!$D$24-M16))) -> 2.5356629 | N17: =IF(N16="","",N16+Inputs!$B$5/Inputs!$B$13*(Inputs!$C$13*(Inputs!$C$25-N16)+Inputs!$D$13*(Reservoir!$E$16-N16)+Inputs!$E$13*(Inputs!$D$25-N16))) -> 1.3444292 | O17: =IF(O16="","",O16+Inputs!$B$5/Inputs!$B$13*(Inputs!$C$13*(Inputs!$C$26-O16)+Inputs!$D$13*(Reservoir!$F$16-O16)+Inputs!$E$13*(Inputs!$D$26-O16))) -> 38.165416 | P17: =IF(P16="","",P16+Inputs!$B$5/Inputs!$B$13*(Inputs!$C$13*(Inputs!$C$27-P16)+Inputs!$D$13*(Reservoir!$G$16-P16)+Inputs!$E$13*(Inputs!$D$27-P16))) -> 24.25305 | Q17: =IF(M17<>0,N17/M17,"") -> 0.53020817 | S17: 12 | T17: =IF(T16="","",T16+Inputs!$B$5/Inputs!$B$14*(Inputs!$C$14*(IF(Inputs!$C$23>0,10^(-Inputs!$C$23),0)-T16)+Inputs!$D$14*(Reservoir!$B$16-T16)+Inputs!$E$14*(IF(Inputs!$D$23>0,10^(-Inputs!$D$23),0)-T16))) -> 1.4920619e-05 | U17: =IF(T17>0,-LOG10(T17),"") -> 4.8262132 | V17: =IF(V16="","",V16+Inputs!$B$5/Inputs!$B$14*(Inputs!$C$14*(Inputs!$C$24-V16)+Inputs!$D$14*(Reservoir!$D$16-V16)+Inputs!$E$14*(Inputs!$D$24-V16))) -> 2.7495175 | W17: =IF(W16="","",W16+Inputs!$B$5/Inputs!$B$14*(Inputs!$C$14*(Inputs!$C$25-W16)+Inputs!$D$14*(Reservoir!$E$16-W16)+Inputs!$E$14*(Inputs!$D$25-W16))) -> 1.7310023 | X17: =IF(X16="","",X16+Inputs!$B$5/Inputs!$B$14*(Inputs!$C$14*(Inputs!$C$26-X16)+Inputs!$D$14*(Reservoir!$F$16-X16)+Inputs!$E$14*(Inputs!$D$26-X16))) -> 38.449611 | Y17: =IF(Y16="","",Y16+Inputs!$B$5/Inputs!$B$14*(Inputs!$C$14*(Inputs!$C$27-Y16)+Inputs!$D$14*(Reservoir!$G$16-Y16)+Inputs!$E$14*(Inputs!$D$27-Y16))) -> 24.768827 | Z17: =IF(V17<>0,W17/V17,"") -> 0.62956585 | AB17: 12 | AC17: =IF(AC16="","",AC16+Inputs!$B$5/Inputs!$B$15*(Inputs!$C$15*(IF(Inputs!$C$23>0,10^(-Inputs!$C$23),0)-AC16)+Inputs!$D$15*(Reservoir!$B$16-AC16)+Inputs!$E$15*(IF(Inputs!$D$23>0,10^(-Inputs!$D$23),0)-AC16))) -> 1.2289284e-06 | AD17: =IF(AC17>0,-LOG10(AC17),"") -> 5.9104734 | AE17: =IF(AE16="","",AE16+Inputs!$B$5/Inputs!$B$15*(Inputs!$C$15*(Inputs!$C$24-AE16)+Inputs!$D$15*(Reservoir!$D$16-AE16)+Inputs!$E$15*(Inputs!$D$24-AE16))) -> 1.1313495 | AF17: =IF(AF16="","",AF16+Inputs!$B$5/Inputs!$B$15*(Inputs!$C$15*(Inputs!$C$25-AF16)+Inputs!$D$15*(Reservoir!$E$16-AF16)+Inputs!$E$15*(Inputs!$D$25-AF16))) -> 0.58525329 | AG17: =IF(AG16="","",AG16+Inputs!$B$5/Inputs!$B$15*(Inputs!$C$15*(Inputs!$C$26-AG16)+Inputs!$D$15*(Reservoir!$F$16-AG16)+Inputs!$E$15*(Inputs!$D$26-AG16))) -> 42.265922 | AH17: =IF(AH16="","",AH16+Inputs!$B$5/Inputs!$B$15*(Inputs!$C$15*(Inputs!$C$27-AH16)+Inputs!$D$15*(Reservoir!$G$16-AH16)+Inputs!$E$15*(Inputs!$D$27-AH16))) -> 28.508374 | AI17: =IF(AE17<>0,AF17/AE17,"") -> 0.51730548 | AK17: 12 | AL17: =IF(AL16="","",AL16+Inputs!$B$5/Inputs!$B$16*(Inputs!$C$16*(IF(Inputs!$C$23>0,10^(-Inputs!$C$23),0)-AL16)+Inputs!$D$16*(Reservoir!$B$16-AL16)+Inputs!$E$16*(IF(Inputs!$D$23>0,10^(-Inputs!$D$23),0)-AL16))) -> 1.2289284e-06 | AM17: =IF(AL17>0,-LOG10(AL17),"") -> 5.9104734 | AN17: =IF(AN16="","",AN16+Inputs!$B$5/Inputs!$B$16*(Inputs!$C$16*(Inputs!$C$24-AN16)+Inputs!$D$16*(Reservoir!$D$16-AN16)+Inputs!$E$16*(Inputs!$D$24-AN16))) -> 1.0799167 | AO17: =IF(AO16="","",AO16+Inputs!$B$5/Inputs!$B$16*(Inputs!$C$16*(Inputs!$C$25-AO16)+Inputs!$D$16*(Reservoir!$E$16-AO16)+Inputs!$E$16*(Inputs!$D$25-AO16))) -> 0.53795874 | AP17: =IF(AP16="","",AP16+Inputs!$B$5/Inputs!$B$16*(Inputs!$C$16*(Inputs!$C$26-AP16)+Inputs!$D$16*(Reservoir!$F$16-AP16)+Inputs!$E$16*(Inputs!$D$26-AP16))) -> 42.147686 | AQ17: =IF(AQ16="","",AQ16+Inputs!$B$5/Inputs!$B$16*(Inputs!$C$16*(Inputs!$C$27-AQ16)+Inputs!$D$16*(Reservoir!$G$16-AQ16)+Inputs!$E$16*(Inputs!$D$27-AQ16))) -> 28.212783 | AR17: =IF(AN17<>0,AO17/AN17,"") -> 0.49814838
A18: 13 | B18: =IF(B17="","",B17+Inputs!$B$5/Inputs!$B$12*(Inputs!$C$12*(IF(Inputs!$C$23>0,10^(-Inputs!$C$23),0)-B17)+Inputs!$D$12*(Reservoir!$B$17-B17)+Inputs!$E$12*(IF(Inputs!$D$23>0,10^(-Inputs!$D$23),0)-B17))) -> 1.1610611e-05 | C18: =IF(B18>0,-LOG10(B18),"") -> 4.9351449 | D18: =IF(D17="","",D17+Inputs!$B$5/Inputs!$B$12*(Inputs!$C$12*(Inputs!$C$24-D17)+Inputs!$D$12*(Reservoir!$D$17-D17)+Inputs!$E$12*(Inputs!$D$24-D17))) -> 2.4749452 | E18: =IF(E17="","",E17+Inputs!$B$5/Inputs!$B$12*(Inputs!$C$12*(Inputs!$C$25-E17)+Inputs!$D$12*(Reservoir!$E$17-E17)+Inputs!$E$12*(Inputs!$D$25-E17))) -> 1.4267844 | F18: =IF(F17="","",F17+Inputs!$B$5/Inputs!$B$12*(Inputs!$C$12*(Inputs!$C$26-F17)+Inputs!$D$12*(Reservoir!$F$17-F17)+Inputs!$E$12*(Inputs!$D$26-F17))) -> 39.562598 | G18: =IF(G17="","",G17+Inputs!$B$5/Inputs!$B$12*(Inputs!$C$12*(Inputs!$C$27-G17)+Inputs!$D$12*(Reservoir!$G$17-G17)+Inputs!$E$12*(Inputs!$D$27-G17))) -> 24.75929 | H18: =IF(D18<>0,E18/D18,"") -> 0.57649131 | J18: 13 | K18: =IF(K17="","",K17+Inputs!$B$5/Inputs!$B$13*(Inputs!$C$13*(IF(Inputs!$C$23>0,10^(-Inputs!$C$23),0)-K17)+Inputs!$D$13*(Reservoir!$B$17-K17)+Inputs!$E$13*(IF(Inputs!$D$23>0,10^(-Inputs!$D$23),0)-K17))) -> 1.1610611e-05 | L18: =IF(K18>0,-LOG10(K18),"") -> 4.9351449 | M18: =IF(M17="","",M17+Inputs!$B$5/Inputs!$B$13*(Inputs!$C$13*(Inputs!$C$24-M17)+Inputs!$D$13*(Reservoir!$D$17-M17)+Inputs!$E$13*(Inputs!$D$24-M17))) -> 2.4749452 | N18: =IF(N17="","",N17+Inputs!$B$5/Inputs!$B$13*(Inputs!$C$13*(Inputs!$C$25-N17)+Inputs!$D$13*(Reservoir!$E$17-N17)+Inputs!$E$13*(Inputs!$D$25-N17))) -> 1.4272878 | O18: =IF(O17="","",O17+Inputs!$B$5/Inputs!$B$13*(Inputs!$C$13*(Inputs!$C$26-O17)+Inputs!$D$13*(Reservoir!$F$17-O17)+Inputs!$E$13*(Inputs!$D$26-O17))) -> 39.059201 | P18: =IF(P17="","",P17+Inputs!$B$5/Inputs!$B$13*(Inputs!$C$13*(Inputs!$C$27-P17)+Inputs!$D$13*(Reservoir!$G$17-P17)+Inputs!$E$13*(Inputs!$D$27-P17))) -> 24.65861 | Q18: =IF(M18<>0,N18/M18,"") -> 0.5766947 | S18: 13 | T18: =IF(T17="","",T17+Inputs!$B$5/Inputs!$B$14*(Inputs!$C$14*(IF(Inputs!$C$23>0,10^(-Inputs!$C$23),0)-T17)+Inputs!$D$14*(Reservoir!$B$17-T17)+Inputs!$E$14*(IF(Inputs!$D$23>0,10^(-Inputs!$D$23),0)-T17))) -> 1.5902701e-05 | U18: =IF(T18>0,-LOG10(T18),"") -> 4.7985291 | V18: =IF(V17="","",V17+Inputs!$B$5/Inputs!$B$14*(Inputs!$C$14*(Inputs!$C$24-V17)+Inputs!$D$14*(Reservoir!$D$17-V17)+Inputs!$E$14*(Inputs!$D$24-V17))) -> 2.681288 | W18: =IF(W17="","",W17+Inputs!$B$5/Inputs!$B$14*(Inputs!$C$14*(Inputs!$C$25-W17)+Inputs!$D$14*(Reservoir!$E$17-W17)+Inputs!$E$14*(Inputs!$D$25-W17))) -> 1.8395277 | X18: =IF(X17="","",X17+Inputs!$B$5/Inputs!$B$14*(Inputs!$C$14*(Inputs!$C$26-X17)+Inputs!$D$14*(Reservoir!$F$17-X17)+Inputs!$E$14*(Inputs!$D$26-X17))) -> 39.41921 | Y18: =IF(Y17="","",Y17+Inputs!$B$5/Inputs!$B$14*(Inputs!$C$14*(Inputs!$C$27-Y17)+Inputs!$D$14*(Reservoir!$G$17-Y17)+Inputs!$E$14*(Inputs!$D$27-Y17))) -> 25.243977 | Z18: =IF(V18<>0,W18/V18,"") -> 0.68606119 | AB18: 13 | AC18: =IF(AC17="","",AC17+Inputs!$B$5/Inputs!$B$15*(Inputs!$C$15*(IF(Inputs!$C$23>0,10^(-Inputs!$C$23),0)-AC17)+Inputs!$D$15*(Reservoir!$B$17-AC17)+Inputs!$E$15*(IF(Inputs!$D$23>0,10^(-Inputs!$D$23),0)-AC17))) -> 1.3753331e-06 | AD18: =IF(AC18>0,-LOG10(AC18),"") -> 5.8615921 | AE18: =IF(AE17="","",AE17+Inputs!$B$5/Inputs!$B$15*(Inputs!$C$15*(Inputs!$C$24-AE17)+Inputs!$D$15*(Reservoir!$D$17-AE17)+Inputs!$E$15*(Inputs!$D$24-AE17))) -> 1.1525509 | AF18: =IF(AF17="","",AF17+Inputs!$B$5/Inputs!$B$15*(Inputs!$C$15*(Inputs!$C$25-AF17)+Inputs!$D$15*(Reservoir!$E$17-AF17)+Inputs!$E$15*(Inputs!$D$25-AF17))) -> 0.59988599 | AG18: =IF(AG17="","",AG17+Inputs!$B$5/Inputs!$B$15*(Inputs!$C$15*(Inputs!$C$26-AG17)+Inputs!$D$15*(Reservoir!$F$17-AG17)+Inputs!$E$15*(Inputs!$D$26-AG17))) -> 42.482246 | AH18: =IF(AH17="","",AH17+Inputs!$B$5/Inputs!$B$15*(Inputs!$C$15*(Inputs!$C$27-AH17)+Inputs!$D$15*(Reservoir!$G$17-AH17)+Inputs!$E$15*(Inputs!$D$27-AH17))) -> 28.421732 | AI18: =IF(AE18<>0,AF18/AE18,"") -> 0.52048545 | AK18: 13 | AL18: =IF(AL17="","",AL17+Inputs!$B$5/Inputs!$B$16*(Inputs!$C$16*(IF(Inputs!$C$23>0,10^(-Inputs!$C$23),0)-AL17)+Inputs!$D$16*(Reservoir!$B$17-AL17)+Inputs!$E$16*(IF(Inputs!$D$23>0,10^(-Inputs!$D$23),0)-AL17))) -> 1.3753331e-06 | AM18: =IF(AL18>0,-LOG10(AL18),"") -> 5.8615921 | AN18: =IF(AN17="","",AN17+Inputs!$B$5/Inputs!$B$16*(Inputs!$C$16*(Inputs!$C$24-AN17)+Inputs!$D$16*(Reservoir!$D$17-AN17)+Inputs!$E$16*(Inputs!$D$24-AN17))) -> 1.1033224 | AO18: =IF(AO17="","",AO17+Inputs!$B$5/Inputs!$B$16*(Inputs!$C$16*(Inputs!$C$25-AO17)+Inputs!$D$16*(Reservoir!$E$17-AO17)+Inputs!$E$16*(Inputs!$D$25-AO17))) -> 0.55461834 | AP18: =IF(AP17="","",AP17+Inputs!$B$5/Inputs!$B$16*(Inputs!$C$16*(Inputs!$C$26-AP17)+Inputs!$D$16*(Reservoir!$F$17-AP17)+Inputs!$E$16*(Inputs!$D$26-AP17))) -> 42.369077 | AQ18: =IF(AQ17="","",AQ17+Inputs!$B$5/Inputs!$B$16*(Inputs!$C$16*(Inputs!$C$27-AQ17)+Inputs!$D$16*(Reservoir!$G$17-AQ17)+Inputs!$E$16*(Inputs!$D$27-AQ17))) -> 28.138809 | AR18: =IF(AN18<>0,AO18/AN18,"") -> 0.50268024
A19: 14 | B19: =IF(B18="","",B18+Inputs!$B$5/Inputs!$B$12*(Inputs!$C$12*(IF(Inputs!$C$23>0,10^(-Inputs!$C$23),0)-B18)+Inputs!$D$12*(Reservoir!$B$18-B18)+Inputs!$E$12*(IF(Inputs!$D$23>0,10^(-Inputs!$D$23),0)-B18))) -> 1.2305138e-05 | C19: =IF(B19>0,-LOG10(B19),"") -> 4.9099135 | D19: =IF(D18="","",D18+Inputs!$B$5/Inputs!$B$12*(Inputs!$C$12*(Inputs!$C$24-D18)+Inputs!$D$12*(Reservoir!$D$18-D18)+Inputs!$E$12*(Inputs!$D$24-D18))) -> 2.4166525 | E19: =IF(E18="","",E18+Inputs!$B$5/Inputs!$B$12*(Inputs!$C$12*(Inputs!$C$25-E18)+Inputs!$D$12*(Reservoir!$E$18-E18)+Inputs!$E$12*(Inputs!$D$25-E18))) -> 1.5069318 | F19: =IF(F18="","",F18+Inputs!$B$5/Inputs!$B$12*(Inputs!$C$12*(Inputs!$C$26-F18)+Inputs!$D$12*(Reservoir!$F$18-F18)+Inputs!$E$12*(Inputs!$D$26-F18))) -> 40.40057 | G19: =IF(G18="","",G18+Inputs!$B$5/Inputs!$B$12*(Inputs!$C$12*(Inputs!$C$27-G18)+Inputs!$D$12*(Reservoir!$G$18-G18)+Inputs!$E$12*(Inputs!$D$27-G18))) -> 25.144282 | H19: =IF(D19<>0,E19/D19,"") -> 0.62356165 | J19: 14 | K19: =IF(K18="","",K18+Inputs!$B$5/Inputs!$B$13*(Inputs!$C$13*(IF(Inputs!$C$23>0,10^(-Inputs!$C$23),0)-K18)+Inputs!$D$13*(Reservoir!$B$18-K18)+Inputs!$E$13*(IF(Inputs!$D$23>0,10^(-Inputs!$D$23),0)-K18))) -> 1.2305138e-05 | L19: =IF(K19>0,-LOG10(K19),"") -> 4.9099135 | M19: =IF(M18="","",M18+Inputs!$B$5/Inputs!$B$13*(Inputs!$C$13*(Inputs!$C$24-M18)+Inputs!$D$13*(Reservoir!$D$18-M18)+Inputs!$E$13*(Inputs!$D$24-M18))) -> 2.4166525 | N19: =IF(N18="","",N18+Inputs!$B$5/Inputs!$B$13*(Inputs!$C$13*(Inputs!$C$25-N18)+Inputs!$D$13*(Reservoir!$E$18-N18)+Inputs!$E$13*(Inputs!$D$25-N18))) -> 1.5074093 | O19: =IF(O18="","",O18+Inputs!$B$5/Inputs!$B$13*(Inputs!$C$13*(Inputs!$C$26-O18)+Inputs!$D$13*(Reservoir!$F$18-O18)+Inputs!$E$13*(Inputs!$D$26-O18))) -> 39.923062 | P19: =IF(P18="","",P18+Inputs!$B$5/Inputs!$B$13*(Inputs!$C$13*(Inputs!$C$27-P18)+Inputs!$D$13*(Reservoir!$G$18-P18)+Inputs!$E$13*(Inputs!$D$27-P18))) -> 25.048781 | Q19: =IF(M19<>0,N19/M19,"") -> 0.62375924 | S19: 14 | T19: =IF(T18="","",T18+Inputs!$B$5/Inputs!$B$14*(Inputs!$C$14*(IF(Inputs!$C$23>0,10^(-Inputs!$C$23),0)-T18)+Inputs!$D$14*(Reservoir!$B$18-T18)+Inputs!$E$14*(IF(Inputs!$D$23>0,10^(-Inputs!$D$23),0)-T18))) -> 1.6851939e-05 | U19: =IF(T19>0,-LOG10(T19),"") -> 4.7733501 | V19: =IF(V18="","",V18+Inputs!$B$5/Inputs!$B$14*(Inputs!$C$14*(Inputs!$C$24-V18)+Inputs!$D$14*(Reservoir!$D$18-V18)+Inputs!$E$14*(Inputs!$D$24-V18))) -> 2.6155185 | W19: =IF(W18="","",W18+Inputs!$B$5/Inputs!$B$14*(Inputs!$C$14*(Inputs!$C$25-W18)+Inputs!$D$14*(Reservoir!$E$18-W18)+Inputs!$E$14*(Inputs!$D$25-W18))) -> 1.9444484 | X19: =IF(X18="","",X18+Inputs!$B$5/Inputs!$B$14*(Inputs!$C$14*(Inputs!$C$26-X18)+Inputs!$D$14*(Reservoir!$F$18-X18)+Inputs!$E$14*(Inputs!$D$26-X18))) -> 40.358406 | Y19: =IF(Y18="","",Y18+Inputs!$B$5/Inputs!$B$14*(Inputs!$C$14*(Inputs!$C$27-Y18)+Inputs!$D$14*(Reservoir!$G$18-Y18)+Inputs!$E$14*(Inputs!$D$27-Y18))) -> 25.70245 | Z19: =IF(V19<>0,W19/V19,"") -> 0.74342749 | AB19: 14 | AC19: =IF(AC18="","",AC18+Inputs!$B$5/Inputs!$B$15*(Inputs!$C$15*(IF(Inputs!$C$23>0,10^(-Inputs!$C$23),0)-AC18)+Inputs!$D$15*(Reservoir!$B$18-AC18)+Inputs!$E$15*(IF(Inputs!$D$23>0,10^(-Inputs!$D$23),0)-AC18))) -> 1.5289553e-06 | AD19: =IF(AC19>0,-LOG10(AC19),"") -> 5.8156052 | AE19: =IF(AE18="","",AE18+Inputs!$B$5/Inputs!$B$15*(Inputs!$C$15*(Inputs!$C$24-AE18)+Inputs!$D$15*(Reservoir!$D$18-AE18)+Inputs!$E$15*(Inputs!$D$24-AE18))) -> 1.172146 | AF19: =IF(AF18="","",AF18+Inputs!$B$5/Inputs!$B$15*(Inputs!$C$15*(Inputs!$C$25-AF18)+Inputs!$D$15*(Reservoir!$E$18-AF18)+Inputs!$E$15*(Inputs!$D$25-AF18))) -> 0.61541576 | AG19: =IF(AG18="","",AG18+Inputs!$B$5/Inputs!$B$15*(Inputs!$C$15*(Inputs!$C$26-AG18)+Inputs!$D$15*(Reservoir!$F$18-AG18)+Inputs!$E$15*(Inputs!$D$26-AG18))) -> 42.70534 | AH19: =IF(AH18="","",AH18+Inputs!$B$5/Inputs!$B$15*(Inputs!$C$15*(Inputs!$C$27-AH18)+Inputs!$D$15*(Reservoir!$G$18-AH18)+Inputs!$E$15*(Inputs!$D$27-AH18))) -> 28.344271 | AI19: =IF(AE19<>0,AF19/AE19,"") -> 0.52503334 | AK19: 14 | AL19: =IF(AL18="","",AL18+Inputs!$B$5/Inputs!$B$16*(Inputs!$C$16*(IF(Inputs!$C$23>0,10^(-Inputs!$C$23),0)-AL18)+Inputs!$D$16*(Reservoir!$B$18-AL18)+Inputs!$E$16*(IF(Inputs!$D$23>0,10^(-Inputs!$D$23),0)-AL18))) -> 1.5289553e-06 | AM19: =IF(AL19>0,-LOG10(AL19),"") -> 5.8156052 | AN19: =IF(AN18="","",AN18+Inputs!$B$5/Inputs!$B$16*(Inputs!$C$16*(Inputs!$C$24-AN18)+Inputs!$D$16*(Reservoir!$D$18-AN18)+Inputs!$E$16*(Inputs!$D$24-AN18))) -> 1.1250273 | AO19: =IF(AO18="","",AO18+Inputs!$B$5/Inputs!$B$16*(Inputs!$C$16*(Inputs!$C$25-AO18)+Inputs!$D$16*(Reservoir!$E$18-AO18)+Inputs!$E$16*(Inputs!$D$25-AO18))) -> 0.57208815 | AP19: =IF(AP18="","",AP18+Inputs!$B$5/Inputs!$B$16*(Inputs!$C$16*(Inputs!$C$26-AP18)+Inputs!$D$16*(Reservoir!$F$18-AP18)+Inputs!$E$16*(Inputs!$D$26-AP18))) -> 42.597021 | AQ19: =IF(AQ18="","",AQ18+Inputs!$B$5/Inputs!$B$16*(Inputs!$C$16*(Inputs!$C$27-AQ18)+Inputs!$D$16*(Reservoir!$G$18-AQ18)+Inputs!$E$16*(Inputs!$D$27-AQ18))) -> 28.073473 | AR19: =IF(AN19<>0,AO19/AN19,"") -> 0.50851047
A20: 15 | B20: =IF(B19="","",B19+Inputs!$B$5/Inputs!$B$12*(Inputs!$C$12*(IF(Inputs!$C$23>0,10^(-Inputs!$C$23),0)-B19)+Inputs!$D$12*(Reservoir!$B$19-B19)+Inputs!$E$12*(IF(Inputs!$D$23>0,10^(-Inputs!$D$23),0)-B19))) -> 1.2977128e-05 | C20: =IF(B20>0,-LOG10(B20),"") -> 4.8868214 | D20: =IF(D19="","",D19+Inputs!$B$5/Inputs!$B$12*(Inputs!$C$12*(Inputs!$C$24-D19)+Inputs!$D$12*(Reservoir!$D$19-D19)+Inputs!$E$12*(Inputs!$D$24-D19))) -> 2.3606783 | E20: =IF(E19="","",E19+Inputs!$B$5/Inputs!$B$12*(Inputs!$C$12*(Inputs!$C$25-E19)+Inputs!$D$12*(Reservoir!$E$19-E19)+Inputs!$E$12*(Inputs!$D$25-E19))) -> 1.5844463 | F20: =IF(F19="","",F19+Inputs!$B$5/Inputs!$B$12*(Inputs!$C$12*(Inputs!$C$26-F19)+Inputs!$D$12*(Reservoir!$F$19-F19)+Inputs!$E$12*(Inputs!$D$26-F19))) -> 41.211115 | G20: =IF(G19="","",G19+Inputs!$B$5/Inputs!$B$12*(Inputs!$C$12*(Inputs!$C$27-G19)+Inputs!$D$12*(Reservoir!$G$19-G19)+Inputs!$E$12*(Inputs!$D$27-G19))) -> 25.514807 | H20: =IF(D20<>0,E20/D20,"") -> 0.67118261 | J20: 15 | K20: =IF(K19="","",K19+Inputs!$B$5/Inputs!$B$13*(Inputs!$C$13*(IF(Inputs!$C$23>0,10^(-Inputs!$C$23),0)-K19)+Inputs!$D$13*(Reservoir!$B$19-K19)+Inputs!$E$13*(IF(Inputs!$D$23>0,10^(-Inputs!$D$23),0)-K19))) -> 1.2977128e-05 | L20: =IF(K20>0,-LOG10(K20),"") -> 4.8868214 | M20: =IF(M19="","",M19+Inputs!$B$5/Inputs!$B$13*(Inputs!$C$13*(Inputs!$C$24-M19)+Inputs!$D$13*(Reservoir!$D$19-M19)+Inputs!$E$13*(Inputs!$D$24-M19))) -> 2.3606783 | N20: =IF(N19="","",N19+Inputs!$B$5/Inputs!$B$13*(Inputs!$C$13*(Inputs!$C$25-N19)+Inputs!$D$13*(Reservoir!$E$19-N19)+Inputs!$E$13*(Inputs!$D$25-N19))) -> 1.5848992 | O20: =IF(O19="","",O19+Inputs!$B$5/Inputs!$B$13*(Inputs!$C$13*(Inputs!$C$26-O19)+Inputs!$D$13*(Reservoir!$F$19-O19)+Inputs!$E$13*(Inputs!$D$26-O19))) -> 40.758165 | P20: =IF(P19="","",P19+Inputs!$B$5/Inputs!$B$13*(Inputs!$C$13*(Inputs!$C$27-P19)+Inputs!$D$13*(Reservoir!$G$19-P19)+Inputs!$E$13*(Inputs!$D$27-P19))) -> 25.424217 | Q20: =IF(M20<>0,N20/M20,"") -> 0.67137449 | S20: 15 | T20: =IF(T19="","",T19+Inputs!$B$5/Inputs!$B$14*(Inputs!$C$14*(IF(Inputs!$C$23>0,10^(-Inputs!$C$23),0)-T19)+Inputs!$D$14*(Reservoir!$B$19-T19)+Inputs!$E$14*(IF(Inputs!$D$23>0,10^(-Inputs!$D$23),0)-T19))) -> 1.7769537e-05 | U20: =IF(T20>0,-LOG10(T20),"") -> 4.7503239 | V20: =IF(V19="","",V19+Inputs!$B$5/Inputs!$B$14*(Inputs!$C$14*(Inputs!$C$24-V19)+Inputs!$D$14*(Reservoir!$D$19-V19)+Inputs!$E$14*(Inputs!$D$24-V19))) -> 2.5521152 | W20: =IF(W19="","",W19+Inputs!$B$5/Inputs!$B$14*(Inputs!$C$14*(Inputs!$C$25-W19)+Inputs!$D$14*(Reservoir!$E$19-W19)+Inputs!$E$14*(Inputs!$D$25-W19))) -> 2.0458956 | X20: =IF(X19="","",X19+Inputs!$B$5/Inputs!$B$14*(Inputs!$C$14*(Inputs!$C$26-X19)+Inputs!$D$14*(Reservoir!$F$19-X19)+Inputs!$E$14*(Inputs!$D$26-X19))) -> 41.268252 | Y20: =IF(Y19="","",Y19+Inputs!$B$5/Inputs!$B$14*(Inputs!$C$14*(Inputs!$C$27-Y19)+Inputs!$D$14*(Reservoir!$G$19-Y19)+Inputs!$E$14*(Inputs!$D$27-Y19))) -> 26.14487 | Z20: =IF(V20<>0,W20/V20,"") -> 0.80164705 | AB20: 15 | AC20: =IF(AC19="","",AC19+Inputs!$B$5/Inputs!$B$15*(Inputs!$C$15*(IF(Inputs!$C$23>0,10^(-Inputs!$C$23),0)-AC19)+Inputs!$D$15*(Reservoir!$B$19-AC19)+Inputs!$E$15*(IF(Inputs!$D$23>0,10^(-Inputs!$D$23),0)-AC19))) -> 1.689175e-06 | AD20: =IF(AC20>0,-LOG10(AC20),"") -> 5.7723254 | AE20: =IF(AE19="","",AE19+Inputs!$B$5/Inputs!$B$15*(Inputs!$C$15*(Inputs!$C$24-AE19)+Inputs!$D$15*(Reservoir!$D$19-AE19)+Inputs!$E$15*(Inputs!$D$24-AE19))) -> 1.1902221 | AF20: =IF(AF19="","",AF19+Inputs!$B$5/Inputs!$B$15*(Inputs!$C$15*(Inputs!$C$25-AF19)+Inputs!$D$15*(Reservoir!$E$19-AF19)+Inputs!$E$15*(Inputs!$D$25-AF19))) -> 0.6317689 | AG20: =IF(AG19="","",AG19+Inputs!$B$5/Inputs!$B$15*(Inputs!$C$15*(Inputs!$C$26-AG19)+Inputs!$D$15*(Reservoir!$F$19-AG19)+Inputs!$E$15*(Inputs!$D$26-AG19))) -> 42.934544 | AH20: =IF(AH19="","",AH19+Inputs!$B$5/Inputs!$B$15*(Inputs!$C$15*(Inputs!$C$27-AH19)+Inputs!$D$15*(Reservoir!$G$19-AH19)+Inputs!$E$15*(Inputs!$D$27-AH19))) -> 28.275461 | AI20: =IF(AE20<>0,AF20/AE20,"") -> 0.53079918 | AK20: 15 | AL20: =IF(AL19="","",AL19+Inputs!$B$5/Inputs!$B$16*(Inputs!$C$16*(IF(Inputs!$C$23>0,10^(-Inputs!$C$23),0)-AL19)+Inputs!$D$16*(Reservoir!$B$19-AL19)+Inputs!$E$16*(IF(Inputs!$D$23>0,10^(-Inputs!$D$23),0)-AL19))) -> 1.689175e-06 | AM20: =IF(AL20>0,-LOG10(AL20),"") -> 5.7723254 | AN20: =IF(AN19="","",AN19+Inputs!$B$5/Inputs!$B$16*(Inputs!$C$16*(Inputs!$C$24-AN19)+Inputs!$D$16*(Reservoir!$D$19-AN19)+Inputs!$E$16*(Inputs!$D$24-AN19))) -> 1.1451227 | AO20: =IF(AO19="","",AO19+Inputs!$B$5/Inputs!$B$16*(Inputs!$C$16*(Inputs!$C$25-AO19)+Inputs!$D$16*(Reservoir!$E$19-AO19)+Inputs!$E$16*(Inputs!$D$25-AO19))) -> 0.59029819 | AP20: =IF(AP19="","",AP19+Inputs!$B$5/Inputs!$B$16*(Inputs!$C$16*(Inputs!$C$26-AP19)+Inputs!$D$16*(Reservoir!$F$19-AP19)+Inputs!$E$16*(Inputs!$D$26-AP19))) -> 42.830867 | AQ20: =IF(AQ19="","",AQ19+Inputs!$B$5/Inputs!$B$16*(Inputs!$C$16*(Inputs!$C$27-AQ19)+Inputs!$D$16*(Reservoir!$G$19-AQ19)+Inputs!$E$16*(Inputs!$D$27-AQ19))) -> 28.016269 | AR20: =IF(AN20<>0,AO20/AN20,"") -> 0.51548904
A21: 16 | B21: =IF(B20="","",B20+Inputs!$B$5/Inputs!$B$12*(Inputs!$C$12*(IF(Inputs!$C$23>0,10^(-Inputs!$C$23),0)-B20)+Inputs!$D$12*(Reservoir!$B$20-B20)+Inputs!$E$12*(IF(Inputs!$D$23>0,10^(-Inputs!$D$23),0)-B20))) -> 1.3627436e-05 | C21: =IF(B21>0,-LOG10(B21),"") -> 4.8655858 | D21: =IF(D20="","",D20+Inputs!$B$5/Inputs!$B$12*(Inputs!$C$12*(Inputs!$C$24-D20)+Inputs!$D$12*(Reservoir!$D$20-D20)+Inputs!$E$12*(Inputs!$D$24-D20))) -> 2.3069214 | E21: =IF(E20="","",E20+Inputs!$B$5/Inputs!$B$12*(Inputs!$C$12*(Inputs!$C$25-E20)+Inputs!$D$12*(Reservoir!$E$20-E20)+Inputs!$E$12*(Inputs!$D$25-E20))) -> 1.6594289 | F21: =IF(F20="","",F20+Inputs!$B$5/Inputs!$B$12*(Inputs!$C$12*(Inputs!$C$26-F20)+Inputs!$D$12*(Reservoir!$F$20-F20)+Inputs!$E$12*(Inputs!$D$26-F20))) -> 41.995284 | G21: =IF(G20="","",G20+Inputs!$B$5/Inputs!$B$12*(Inputs!$C$12*(Inputs!$C$27-G20)+Inputs!$D$12*(Reservoir!$G$20-G20)+Inputs!$E$12*(Inputs!$D$27-G20))) -> 25.871474 | H21: =IF(D21<>0,E21/D21,"") -> 0.71932615 | J21: 16 | K21: =IF(K20="","",K20+Inputs!$B$5/Inputs!$B$13*(Inputs!$C$13*(IF(Inputs!$C$23>0,10^(-Inputs!$C$23),0)-K20)+Inputs!$D$13*(Reservoir!$B$20-K20)+Inputs!$E$13*(IF(Inputs!$D$23>0,10^(-Inputs!$D$23),0)-K20))) -> 1.3627436e-05 | L21: =IF(K21>0,-LOG10(K21),"") -> 4.8655858 | M21: =IF(M20="","",M20+Inputs!$B$5/Inputs!$B$13*(Inputs!$C$13*(Inputs!$C$24-M20)+Inputs!$D$13*(Reservoir!$D$20-M20)+Inputs!$E$13*(Inputs!$D$24-M20))) -> 2.3069214 | N21: =IF(N20="","",N20+Inputs!$B$5/Inputs!$B$13*(Inputs!$C$13*(Inputs!$C$25-N20)+Inputs!$D$13*(Reservoir!$E$20-N20)+Inputs!$E$13*(Inputs!$D$25-N20))) -> 1.6598585 | O21: =IF(O20="","",O20+Inputs!$B$5/Inputs!$B$13*(Inputs!$C$13*(Inputs!$C$26-O20)+Inputs!$D$13*(Reservoir!$F$20-O20)+Inputs!$E$13*(Inputs!$D$26-O20))) -> 41.565628 | P21: =IF(P20="","",P20+Inputs!$B$5/Inputs!$B$13*(Inputs!$C$13*(Inputs!$C$27-P20)+Inputs!$D$13*(Reservoir!$G$20-P20)+Inputs!$E$13*(Inputs!$D$27-P20))) -> 25.785542 | Q21: =IF(M21<>0,N21/M21,"") -> 0.71951239 | S21: 16 | T21: =IF(T20="","",T20+Inputs!$B$5/Inputs!$B$14*(Inputs!$C$14*(IF(Inputs!$C$23>0,10^(-Inputs!$C$23),0)-T20)+Inputs!$D$14*(Reservoir!$B$20-T20)+Inputs!$E$14*(IF(Inputs!$D$23>0,10^(-Inputs!$D$23),0)-T20))) -> 1.8656651e-05 | U21: =IF(T21>0,-LOG10(T21),"") -> 4.7291663 | V21: =IF(V20="","",V20+Inputs!$B$5/Inputs!$B$14*(Inputs!$C$14*(Inputs!$C$24-V20)+Inputs!$D$14*(Reservoir!$D$20-V20)+Inputs!$E$14*(Inputs!$D$24-V20))) -> 2.4909881 | W21: =IF(W20="","",W20+Inputs!$B$5/Inputs!$B$14*(Inputs!$C$14*(Inputs!$C$25-W20)+Inputs!$D$14*(Reservoir!$E$20-W20)+Inputs!$E$14*(Inputs!$D$25-W20))) -> 2.1439955 | X21: =IF(X20="","",X20+Inputs!$B$5/Inputs!$B$14*(Inputs!$C$14*(Inputs!$C$26-X20)+Inputs!$D$14*(Reservoir!$F$20-X20)+Inputs!$E$14*(Inputs!$D$26-X20))) -> 42.149758 | Y21: =IF(Y20="","",Y20+Inputs!$B$5/Inputs!$B$14*(Inputs!$C$14*(Inputs!$C$27-Y20)+Inputs!$D$14*(Reservoir!$G$20-Y20)+Inputs!$E$14*(Inputs!$D$27-Y20))) -> 26.571841 | Z21: =IF(V21<>0,W21/V21,"") -> 0.86070085 | AB21: 16 | AC21: =IF(AC20="","",AC20+Inputs!$B$5/Inputs!$B$15*(Inputs!$C$15*(IF(Inputs!$C$23>0,10^(-Inputs!$C$23),0)-AC20)+Inputs!$D$15*(Reservoir!$B$20-AC20)+Inputs!$E$15*(IF(Inputs!$D$23>0,10^(-Inputs!$D$23),0)-AC20))) -> 1.8554067e-06 | AD21: =IF(AC21>0,-LOG10(AC21),"") -> 5.7315609 | AE21: =IF(AE20="","",AE20+Inputs!$B$5/Inputs!$B$15*(Inputs!$C$15*(Inputs!$C$24-AE20)+Inputs!$D$15*(Reservoir!$D$20-AE20)+Inputs!$E$15*(Inputs!$D$24-AE20))) -> 1.2068619 | AF21: =IF(AF20="","",AF20+Inputs!$B$5/Inputs!$B$15*(Inputs!$C$15*(Inputs!$C$25-AF20)+Inputs!$D$15*(Reservoir!$E$20-AF20)+Inputs!$E$15*(Inputs!$D$25-AF20))) -> 0.64887577 | AG21: =IF(AG20="","",AG20+Inputs!$B$5/Inputs!$B$15*(Inputs!$C$15*(Inputs!$C$26-AG20)+Inputs!$D$15*(Reservoir!$F$20-AG20)+Inputs!$E$15*(Inputs!$D$26-AG20))) -> 43.169232 | AH21: =IF(AH20="","",AH20+Inputs!$B$5/Inputs!$B$15*(Inputs!$C$15*(Inputs!$C$27-AH20)+Inputs!$D$15*(Reservoir!$G$20-AH20)+Inputs!$E$15*(Inputs!$D$27-AH20))) -> 28.214798 | AI21: =IF(AE21<>0,AF21/AE21,"") -> 0.53765537 | AK21: 16 | AL21: =IF(AL20="","",AL20+Inputs!$B$5/Inputs!$B$16*(Inputs!$C$16*(IF(Inputs!$C$23>0,10^(-Inputs!$C$23),0)-AL20)+Inputs!$D$16*(Reservoir!$B$20-AL20)+Inputs!$E$16*(IF(Inputs!$D$23>0,10^(-Inputs!$D$23),0)-AL20))) -> 1.8554067e-06 | AM21: =IF(AL21>0,-LOG10(AL21),"") -> 5.7315609 | AN21: =IF(AN20="","",AN20+Inputs!$B$5/Inputs!$B$16*(Inputs!$C$16*(Inputs!$C$24-AN20)+Inputs!$D$16*(Reservoir!$D$20-AN20)+Inputs!$E$16*(Inputs!$D$24-AN20))) -> 1.1636953 | AO21: =IF(AO20="","",AO20+Inputs!$B$5/Inputs!$B$16*(Inputs!$C$16*(Inputs!$C$25-AO20)+Inputs!$D$16*(Reservoir!$E$20-AO20)+Inputs!$E$16*(Inputs!$D$25-AO20))) -> 0.60918238 | AP21: =IF(AP20="","",AP20+Inputs!$B$5/Inputs!$B$16*(Inputs!$C$16*(Inputs!$C$26-AP20)+Inputs!$D$16*(Reservoir!$F$20-AP20)+Inputs!$E$16*(Inputs!$D$26-AP20))) -> 43.069998 | AQ21: =IF(AQ20="","",AQ20+Inputs!$B$5/Inputs!$B$16*(Inputs!$C$16*(Inputs!$C$27-AQ20)+Inputs!$D$16*(Reservoir!$G$20-AQ20)+Inputs!$E$16*(Inputs!$D$27-AQ20))) -> 27.966714 | AR21: =IF(AN21<>0,AO21/AN21,"") -> 0.52348959
A22: 17 | B22: =IF(B21="","",B21+Inputs!$B$5/Inputs!$B$12*(Inputs!$C$12*(IF(Inputs!$C$23>0,10^(-Inputs!$C$23),0)-B21)+Inputs!$D$12*(Reservoir!$B$21-B21)+Inputs!$E$12*(IF(Inputs!$D$23>0,10^(-Inputs!$D$23),0)-B21))) -> 1.4256884e-05 | C22: =IF(B22>0,-LOG10(B22),"") -> 4.8459754 | D22: =IF(D21="","",D21+Inputs!$B$5/Inputs!$B$12*(Inputs!$C$12*(Inputs!$C$24-D21)+Inputs!$D$12*(Reservoir!$D$21-D21)+Inputs!$E$12*(Inputs!$D$24-D21))) -> 2.2552847 | E22: =IF(E21="","",E21+Inputs!$B$5/Inputs!$B$12*(Inputs!$C$12*(Inputs!$C$25-E21)+Inputs!$D$12*(Reservoir!$E$21-E21)+Inputs!$E$12*(Inputs!$D$25-E21))) -> 1.7319763 | F22: =IF(F21="","",F21+Inputs!$B$5/Inputs!$B$12*(Inputs!$C$12*(Inputs!$C$26-F21)+Inputs!$D$12*(Reservoir!$F$21-F21)+Inputs!$E$12*(Inputs!$D$26-F21))) -> 42.754079 | G22: =IF(G21="","",G21+Inputs!$B$5/Inputs!$B$12*(Inputs!$C$12*(Inputs!$C$27-G21)+Inputs!$D$12*(Reservoir!$G$21-G21)+Inputs!$E$12*(Inputs!$D$27-G21))) -> 26.214867 | H22: =IF(D22<>0,E22/D22,"") -> 0.76796347 | J22: 17 | K22: =IF(K21="","",K21+Inputs!$B$5/Inputs!$B$13*(Inputs!$C$13*(IF(Inputs!$C$23>0,10^(-Inputs!$C$23),0)-K21)+Inputs!$D$13*(Reservoir!$B$21-K21)+Inputs!$E$13*(IF(Inputs!$D$23>0,10^(-Inputs!$D$23),0)-K21))) -> 1.4256884e-05 | L22: =IF(K22>0,-LOG10(K22),"") -> 4.8459754 | M22: =IF(M21="","",M21+Inputs!$B$5/Inputs!$B$13*(Inputs!$C$13*(Inputs!$C$24-M21)+Inputs!$D$13*(Reservoir!$D$21-M21)+Inputs!$E$13*(Inputs!$D$24-M21))) -> 2.2552847 | N22: =IF(N21="","",N21+Inputs!$B$5/Inputs!$B$13*(Inputs!$C$13*(Inputs!$C$25-N21)+Inputs!$D$13*(Reservoir!$E$21-N21)+Inputs!$E$13*(Inputs!$D$25-N21))) -> 1.7323839 | O22: =IF(O21="","",O21+Inputs!$B$5/Inputs!$B$13*(Inputs!$C$13*(Inputs!$C$26-O21)+Inputs!$D$13*(Reservoir!$F$21-O21)+Inputs!$E$13*(Inputs!$D$26-O21))) -> 42.34652 | P22: =IF(P21="","",P21+Inputs!$B$5/Inputs!$B$13*(Inputs!$C$13*(Inputs!$C$27-P21)+Inputs!$D$13*(Reservoir!$G$21-P21)+Inputs!$E$13*(Inputs!$D$27-P21))) -> 26.133355 | Q22: =IF(M22<>0,N22/M22,"") -> 0.76814418 | S22: 17 | T22: =IF(T21="","",T21+Inputs!$B$5/Inputs!$B$14*(Inputs!$C$14*(IF(Inputs!$C$23>0,10^(-Inputs!$C$23),0)-T21)+Inputs!$D$14*(Reservoir!$B$21-T21)+Inputs!$E$14*(IF(Inputs!$D$23>0,10^(-Inputs!$D$23),0)-T21))) -> 1.9514393e-05 | U22: =IF(T22>0,-LOG10(T22),"") -> 4.709645 | V22: =IF(V21="","",V21+Inputs!$B$5/Inputs!$B$14*(Inputs!$C$14*(Inputs!$C$24-V21)+Inputs!$D$14*(Reservoir!$D$21-V21)+Inputs!$E$14*(Inputs!$D$24-V21))) -> 2.4320505 | W22: =IF(W21="","",W21+Inputs!$B$5/Inputs!$B$14*(Inputs!$C$14*(Inputs!$C$25-W21)+Inputs!$D$14*(Reservoir!$E$21-W21)+Inputs!$E$14*(Inputs!$D$25-W21))) -> 2.2388693 | X22: =IF(X21="","",X21+Inputs!$B$5/Inputs!$B$14*(Inputs!$C$14*(Inputs!$C$26-X21)+Inputs!$D$14*(Reservoir!$F$21-X21)+Inputs!$E$14*(Inputs!$D$26-X21))) -> 43.003901 | Y22: =IF(Y21="","",Y21+Inputs!$B$5/Inputs!$B$14*(Inputs!$C$14*(Inputs!$C$27-Y21)+Inputs!$D$14*(Reservoir!$G$21-Y21)+Inputs!$E$14*(Inputs!$D$27-Y21))) -> 26.983941 | Z22: =IF(V22<>0,W22/V22,"") -> 0.92056859 | AB22: 17 | AC22: =IF(AC21="","",AC21+Inputs!$B$5/Inputs!$B$15*(Inputs!$C$15*(IF(Inputs!$C$23>0,10^(-Inputs!$C$23),0)-AC21)+Inputs!$D$15*(Reservoir!$B$21-AC21)+Inputs!$E$15*(IF(Inputs!$D$23>0,10^(-Inputs!$D$23),0)-AC21))) -> 2.0270977e-06 | AD22: =IF(AC22>0,-LOG10(AC22),"") -> 5.6931253 | AE22: =IF(AE21="","",AE21+Inputs!$B$5/Inputs!$B$15*(Inputs!$C$15*(Inputs!$C$24-AE21)+Inputs!$D$15*(Reservoir!$D$21-AE21)+Inputs!$E$15*(Inputs!$D$24-AE21))) -> 1.2221443 | AF22: =IF(AF21="","",AF21+Inputs!$B$5/Inputs!$B$15*(Inputs!$C$15*(Inputs!$C$25-AF21)+Inputs!$D$15*(Reservoir!$E$21-AF21)+Inputs!$E$15*(Inputs!$D$25-AF21))) -> 0.66667059 | AG22: =IF(AG21="","",AG21+Inputs!$B$5/Inputs!$B$15*(Inputs!$C$15*(Inputs!$C$26-AG21)+Inputs!$D$15*(Reservoir!$F$21-AG21)+Inputs!$E$15*(Inputs!$D$26-AG21))) -> 43.408818 | AH22: =IF(AH21="","",AH21+Inputs!$B$5/Inputs!$B$15*(Inputs!$C$15*(Inputs!$C$27-AH21)+Inputs!$D$15*(Reservoir!$G$21-AH21)+Inputs!$E$15*(Inputs!$D$27-AH21))) -> 28.161805 | AI22: =IF(AE22<>0,AF22/AE22,"") -> 0.54549254 | AK22: 17 | AL22: =IF(AL21="","",AL21+Inputs!$B$5/Inputs!$B$16*(Inputs!$C$16*(IF(Inputs!$C$23>0,10^(-Inputs!$C$23),0)-AL21)+Inputs!$D$16*(Reservoir!$B$21-AL21)+Inputs!$E$16*(IF(Inputs!$D$23>0,10^(-Inputs!$D$23),0)-AL21))) -> 2.0270977e-06 | AM22: =IF(AL22>0,-LOG10(AL22),"") -> 5.6931253 | AN22: =IF(AN21="","",AN21+Inputs!$B$5/Inputs!$B$16*(Inputs!$C$16*(Inputs!$C$24-AN21)+Inputs!$D$16*(Reservoir!$D$21-AN21)+Inputs!$E$16*(Inputs!$D$24-AN21))) -> 1.1808277 | AO22: =IF(AO21="","",AO21+Inputs!$B$5/Inputs!$B$16*(Inputs!$C$16*(Inputs!$C$25-AO21)+Inputs!$D$16*(Reservoir!$E$21-AO21)+Inputs!$E$16*(Inputs!$D$25-AO21))) -> 0.62867835 | AP22: =IF(AP21="","",AP21+Inputs!$B$5/Inputs!$B$16*(Inputs!$C$16*(Inputs!$C$26-AP21)+Inputs!$D$16*(Reservoir!$F$21-AP21)+Inputs!$E$16*(Inputs!$D$26-AP21))) -> 43.313837 | AQ22: =IF(AQ21="","",AQ21+Inputs!$B$5/Inputs!$B$16*(Inputs!$C$16*(Inputs!$C$27-AQ21)+Inputs!$D$16*(Reservoir!$G$21-AQ21)+Inputs!$E$16*(Inputs!$D$27-AQ21))) -> 27.924353 | AR22: =IF(AN22<>0,AO22/AN22,"") -> 0.5324048
A23: 18 | B23: =IF(B22="","",B22+Inputs!$B$5/Inputs!$B$12*(Inputs!$C$12*(IF(Inputs!$C$23>0,10^(-Inputs!$C$23),0)-B22)+Inputs!$D$12*(Reservoir!$B$22-B22)+Inputs!$E$12*(IF(Inputs!$D$23>0,10^(-Inputs!$D$23),0)-B22))) -> 1.4866256e-05 | C23: =IF(B23>0,-LOG10(B23),"") -> 4.8277984 | D23: =IF(D22="","",D22+Inputs!$B$5/Inputs!$B$12*(Inputs!$C$12*(Inputs!$C$24-D22)+Inputs!$D$12*(Reservoir!$D$22-D22)+Inputs!$E$12*(Inputs!$D$24-D22))) -> 2.2056762 | E23: =IF(E22="","",E22+Inputs!$B$5/Inputs!$B$12*(Inputs!$C$12*(Inputs!$C$25-E22)+Inputs!$D$12*(Reservoir!$E$22-E22)+Inputs!$E$12*(Inputs!$D$25-E22))) -> 1.8021812 | F23: =IF(F22="","",F22+Inputs!$B$5/Inputs!$B$12*(Inputs!$C$12*(Inputs!$C$26-F22)+Inputs!$D$12*(Reservoir!$F$22-F22)+Inputs!$E$12*(Inputs!$D$26-F22))) -> 43.488463 | G23: =IF(G22="","",G22+Inputs!$B$5/Inputs!$B$12*(Inputs!$C$12*(Inputs!$C$27-G22)+Inputs!$D$12*(Reservoir!$G$22-G22)+Inputs!$E$12*(Inputs!$D$27-G22))) -> 26.545544 | H23: =IF(D23<>0,E23/D23,"") -> 0.81706517 | J23: 18 | K23: =IF(K22="","",K22+Inputs!$B$5/Inputs!$B$13*(Inputs!$C$13*(IF(Inputs!$C$23>0,10^(-Inputs!$C$23),0)-K22)+Inputs!$D$13*(Reservoir!$B$22-K22)+Inputs!$E$13*(IF(Inputs!$D$23>0,10^(-Inputs!$D$23),0)-K22))) -> 1.4866256e-05 | L23: =IF(K23>0,-LOG10(K23),"") -> 4.8277984 | M23: =IF(M22="","",M22+Inputs!$B$5/Inputs!$B$13*(Inputs!$C$13*(Inputs!$C$24-M22)+Inputs!$D$13*(Reservoir!$D$22-M22)+Inputs!$E$13*(Inputs!$D$24-M22))) -> 2.2056762 | N23: =IF(N22="","",N22+Inputs!$B$5/Inputs!$B$13*(Inputs!$C$13*(Inputs!$C$25-N22)+Inputs!$D$13*(Reservoir!$E$22-N22)+Inputs!$E$13*(Inputs!$D$25-N22))) -> 1.8025678 | O23: =IF(O22="","",O22+Inputs!$B$5/Inputs!$B$13*(Inputs!$C$13*(Inputs!$C$26-O22)+Inputs!$D$13*(Reservoir!$F$22-O22)+Inputs!$E$13*(Inputs!$D$26-O22))) -> 43.101864 | P23: =IF(P22="","",P22+Inputs!$B$5/Inputs!$B$13*(Inputs!$C$13*(Inputs!$C$27-P22)+Inputs!$D$13*(Reservoir!$G$22-P22)+Inputs!$E$13*(Inputs!$D$27-P22))) -> 26.468224 | Q23: =IF(M23<>0,N23/M23,"") -> 0.81724045 | S23: 18 | T23: =IF(T22="","",T22+Inputs!$B$5/Inputs!$B$14*(Inputs!$C$14*(IF(Inputs!$C$23>0,10^(-Inputs!$C$23),0)-T22)+Inputs!$D$14*(Reservoir!$B$22-T22)+Inputs!$E$14*(IF(Inputs!$D$23>0,10^(-Inputs!$D$23),0)-T22))) -> 2.0343831e-05 | U23: =IF(T23>0,-LOG10(T23),"") -> 4.6915673 | V23: =IF(V22="","",V22+Inputs!$B$5/Inputs!$B$14*(Inputs!$C$14*(Inputs!$C$24-V22)+Inputs!$D$14*(Reservoir!$D$22-V22)+Inputs!$E$14*(Inputs!$D$24-V22))) -> 2.3752194 | W23: =IF(W22="","",W22+Inputs!$B$5/Inputs!$B$14*(Inputs!$C$14*(Inputs!$C$25-W22)+Inputs!$D$14*(Reservoir!$E$22-W22)+Inputs!$E$14*(Inputs!$D$25-W22))) -> 2.3306336 | X23: =IF(X22="","",X22+Inputs!$B$5/Inputs!$B$14*(Inputs!$C$14*(Inputs!$C$26-X22)+Inputs!$D$14*(Reservoir!$F$22-X22)+Inputs!$E$14*(Inputs!$D$26-X22))) -> 43.831619 | Y23: =IF(Y22="","",Y22+Inputs!$B$5/Inputs!$B$14*(Inputs!$C$14*(Inputs!$C$27-Y22)+Inputs!$D$14*(Reservoir!$G$22-Y22)+Inputs!$E$14*(Inputs!$D$27-Y22))) -> 27.381725 | Z23: =IF(V23<>0,W23/V23,"") -> 0.98122875 | AB23: 18 | AC23: =IF(AC22="","",AC22+Inputs!$B$5/Inputs!$B$15*(Inputs!$C$15*(IF(Inputs!$C$23>0,10^(-Inputs!$C$23),0)-AC22)+Inputs!$D$15*(Reservoir!$B$22-AC22)+Inputs!$E$15*(IF(Inputs!$D$23>0,10^(-Inputs!$D$23),0)-AC22))) -> 2.2037261e-06 | AD23: =IF(AC23>0,-LOG10(AC23),"") -> 5.6568424 | AE23: =IF(AE22="","",AE22+Inputs!$B$5/Inputs!$B$15*(Inputs!$C$15*(Inputs!$C$24-AE22)+Inputs!$D$15*(Reservoir!$D$22-AE22)+Inputs!$E$15*(Inputs!$D$24-AE22))) -> 1.2361442 | AF23: =IF(AF22="","",AF22+Inputs!$B$5/Inputs!$B$15*(Inputs!$C$15*(Inputs!$C$25-AF22)+Inputs!$D$15*(Reservoir!$E$22-AF22)+Inputs!$E$15*(Inputs!$D$25-AF22))) -> 0.68509124 | AG23: =IF(AG22="","",AG22+Inputs!$B$5/Inputs!$B$15*(Inputs!$C$15*(Inputs!$C$26-AG22)+Inputs!$D$15*(Reservoir!$F$22-AG22)+Inputs!$E$15*(Inputs!$D$26-AG22))) -> 43.652748 | AH23: =IF(AH22="","",AH22+Inputs!$B$5/Inputs!$B$15*(Inputs!$C$15*(Inputs!$C$27-AH22)+Inputs!$D$15*(Reservoir!$G$22-AH22)+Inputs!$E$15*(Inputs!$D$27-AH22))) -> 28.116026 | AI23: =IF(AE23<>0,AF23/AE23,"") -> 0.55421629 | AK23: 18 | AL23: =IF(AL22="","",AL22+Inputs!$B$5/Inputs!$B$16*(Inputs!$C$16*(IF(Inputs!$C$23>0,10^(-Inputs!$C$23),0)-AL22)+Inputs!$D$16*(Reservoir!$B$22-AL22)+Inputs!$E$16*(IF(Inputs!$D$23>0,10^(-Inputs!$D$23),0)-AL22))) -> 2.2037261e-06 | AM23: =IF(AL23>0,-LOG10(AL23),"") -> 5.6568424 | AN23: =IF(AN22="","",AN22+Inputs!$B$5/Inputs!$B$16*(Inputs!$C$16*(Inputs!$C$24-AN22)+Inputs!$D$16*(Reservoir!$D$22-AN22)+Inputs!$E$16*(Inputs!$D$24-AN22))) -> 1.1965983 | AO23: =IF(AO22="","",AO22+Inputs!$B$5/Inputs!$B$16*(Inputs!$C$16*(Inputs!$C$25-AO22)+Inputs!$D$16*(Reservoir!$E$22-AO22)+Inputs!$E$16*(Inputs!$D$25-AO22))) -> 0.64872723 | AP23: =IF(AP22="","",AP22+Inputs!$B$5/Inputs!$B$16*(Inputs!$C$16*(Inputs!$C$26-AP22)+Inputs!$D$16*(Reservoir!$F$22-AP22)+Inputs!$E$16*(Inputs!$D$26-AP22))) -> 43.561838 | AQ23: =IF(AQ22="","",AQ22+Inputs!$B$5/Inputs!$B$16*(Inputs!$C$16*(Inputs!$C$27-AQ22)+Inputs!$D$16*(Reservoir!$G$22-AQ22)+Inputs!$E$16*(Inputs!$D$27-AQ22))) -> 27.888751 | AR23: =IF(AN23<>0,AO23/AN23,"") -> 0.54214286
A24: 19 | B24: =IF(B23="","",B23+Inputs!$B$5/Inputs!$B$12*(Inputs!$C$12*(IF(Inputs!$C$23>0,10^(-Inputs!$C$23),0)-B23)+Inputs!$D$12*(Reservoir!$B$23-B23)+Inputs!$E$12*(IF(Inputs!$D$23>0,10^(-Inputs!$D$23),0)-B23))) -> 1.5456303e-05 | C24: =IF(B24>0,-LOG10(B24),"") -> 4.8108944 | D24: =IF(D23="","",D23+Inputs!$B$5/Inputs!$B$12*(Inputs!$C$12*(Inputs!$C$24-D23)+Inputs!$D$12*(Reservoir!$D$23-D23)+Inputs!$E$12*(Inputs!$D$24-D23))) -> 2.1580076 | E24: =IF(E23="","",E23+Inputs!$B$5/Inputs!$B$12*(Inputs!$C$12*(Inputs!$C$25-E23)+Inputs!$D$12*(Reservoir!$E$23-E23)+Inputs!$E$12*(Inputs!$D$25-E23))) -> 1.8701322 | F24: =IF(F23="","",F23+Inputs!$B$5/Inputs!$B$12*(Inputs!$C$12*(Inputs!$C$26-F23)+Inputs!$D$12*(Reservoir!$F$23-F23)+Inputs!$E$12*(Inputs!$D$26-F23))) -> 44.199356 | G24: =IF(G23="","",G23+Inputs!$B$5/Inputs!$B$12*(Inputs!$C$12*(Inputs!$C$27-G23)+Inputs!$D$12*(Reservoir!$G$23-G23)+Inputs!$E$12*(Inputs!$D$27-G23))) -> 26.864037 | H24: =IF(D24<>0,E24/D24,"") -> 0.8666013 | J24: 19 | K24: =IF(K23="","",K23+Inputs!$B$5/Inputs!$B$13*(Inputs!$C$13*(IF(Inputs!$C$23>0,10^(-Inputs!$C$23),0)-K23)+Inputs!$D$13*(Reservoir!$B$23-K23)+Inputs!$E$13*(IF(Inputs!$D$23>0,10^(-Inputs!$D$23),0)-K23))) -> 1.5456303e-05 | L24: =IF(K24>0,-LOG10(K24),"") -> 4.8108944 | M24: =IF(M23="","",M23+Inputs!$B$5/Inputs!$B$13*(Inputs!$C$13*(Inputs!$C$24-M23)+Inputs!$D$13*(Reservoir!$D$23-M23)+Inputs!$E$13*(Inputs!$D$24-M23))) -> 2.1580076 | N24: =IF(N23="","",N23+Inputs!$B$5/Inputs!$B$13*(Inputs!$C$13*(Inputs!$C$25-N23)+Inputs!$D$13*(Reservoir!$E$23-N23)+Inputs!$E$13*(Inputs!$D$25-N23))) -> 1.8704989 | O24: =IF(O23="","",O23+Inputs!$B$5/Inputs!$B$13*(Inputs!$C$13*(Inputs!$C$26-O23)+Inputs!$D$13*(Reservoir!$F$23-O23)+Inputs!$E$13*(Inputs!$D$26-O23))) -> 43.832639 | P24: =IF(P23="","",P23+Inputs!$B$5/Inputs!$B$13*(Inputs!$C$13*(Inputs!$C$27-P23)+Inputs!$D$13*(Reservoir!$G$23-P23)+Inputs!$E$13*(Inputs!$D$27-P23))) -> 26.790694 | Q24: =IF(M24<>0,N24/M24,"") -> 0.86677123 | S24: 19 | T24: =IF(T23="","",T23+Inputs!$B$5/Inputs!$B$14*(Inputs!$C$14*(IF(Inputs!$C$23>0,10^(-Inputs!$C$23),0)-T23)+Inputs!$D$14*(Reservoir!$B$23-T23)+Inputs!$E$14*(IF(Inputs!$D$23>0,10^(-Inputs!$D$23),0)-T23))) -> 2.1145991e-05 | U24: =IF(T24>0,-LOG10(T24),"") -> 4.674772 | V24: =IF(V23="","",V23+Inputs!$B$5/Inputs!$B$14*(Inputs!$C$14*(Inputs!$C$24-V23)+Inputs!$D$14*(Reservoir!$D$23-V23)+Inputs!$E$14*(Inputs!$D$24-V23))) -> 2.3204149 | W24: =IF(W23="","",W23+Inputs!$B$5/Inputs!$B$14*(Inputs!$C$14*(Inputs!$C$25-W23)+Inputs!$D$14*(Reservoir!$E$23-W23)+Inputs!$E$14*(Inputs!$D$25-W23))) -> 2.4194004 | X24: =IF(X23="","",X23+Inputs!$B$5/Inputs!$B$14*(Inputs!$C$14*(Inputs!$C$26-X23)+Inputs!$D$14*(Reservoir!$F$23-X23)+Inputs!$E$14*(Inputs!$D$26-X23))) -> 44.633817 | Y24: =IF(Y23="","",Y23+Inputs!$B$5/Inputs!$B$14*(Inputs!$C$14*(Inputs!$C$27-Y23)+Inputs!$D$14*(Reservoir!$G$23-Y23)+Inputs!$E$14*(Inputs!$D$27-Y23))) -> 27.765729 | Z24: =IF(V24<>0,W24/V24,"") -> 1.0426585 | AB24: 19 | AC24: =IF(AC23="","",AC23+Inputs!$B$5/Inputs!$B$15*(Inputs!$C$15*(IF(Inputs!$C$23>0,10^(-Inputs!$C$23),0)-AC23)+Inputs!$D$15*(Reservoir!$B$23-AC23)+Inputs!$E$15*(IF(Inputs!$D$23>0,10^(-Inputs!$D$23),0)-AC23))) -> 2.3847997e-06 | AD24: =IF(AC24>0,-LOG10(AC24),"") -> 5.6225481 | AE24: =IF(AE23="","",AE23+Inputs!$B$5/Inputs!$B$15*(Inputs!$C$15*(Inputs!$C$24-AE23)+Inputs!$D$15*(Reservoir!$D$23-AE23)+Inputs!$E$15*(Inputs!$D$24-AE23))) -> 1.2489328 | AF24: =IF(AF23="","",AF23+Inputs!$B$5/Inputs!$B$15*(Inputs!$C$15*(Inputs!$C$25-AF23)+Inputs!$D$15*(Reservoir!$E$23-AF23)+Inputs!$E$15*(Inputs!$D$25-AF23))) -> 0.70407907 | AG24: =IF(AG23="","",AG23+Inputs!$B$5/Inputs!$B$15*(Inputs!$C$15*(Inputs!$C$26-AG23)+Inputs!$D$15*(Reservoir!$F$23-AG23)+Inputs!$E$15*(Inputs!$D$26-AG23))) -> 43.900501 | AH24: =IF(AH23="","",AH23+Inputs!$B$5/Inputs!$B$15*(Inputs!$C$15*(Inputs!$C$27-AH23)+Inputs!$D$15*(Reservoir!$G$23-AH23)+Inputs!$E$15*(Inputs!$D$27-AH23))) -> 28.077032 | AI24: =IF(AE24<>0,AF24/AE24,"") -> 0.56374458 | AK24: 19 | AL24: =IF(AL23="","",AL23+Inputs!$B$5/Inputs!$B$16*(Inputs!$C$16*(IF(Inputs!$C$23>0,10^(-Inputs!$C$23),0)-AL23)+Inputs!$D$16*(Reservoir!$B$23-AL23)+Inputs!$E$16*(IF(Inputs!$D$23>0,10^(-Inputs!$D$23),0)-AL23))) -> 2.3847997e-06 | AM24: =IF(AL24>0,-LOG10(AL24),"") -> 5.6225481 | AN24: =IF(AN23="","",AN23+Inputs!$B$5/Inputs!$B$16*(Inputs!$C$16*(Inputs!$C$24-AN23)+Inputs!$D$16*(Reservoir!$D$23-AN23)+Inputs!$E$16*(Inputs!$D$24-AN23))) -> 1.2110817 | AO24: =IF(AO23="","",AO23+Inputs!$B$5/Inputs!$B$16*(Inputs!$C$16*(Inputs!$C$25-AO23)+Inputs!$D$16*(Reservoir!$E$23-AO23)+Inputs!$E$16*(Inputs!$D$25-AO23))) -> 0.66927352 | AP24: =IF(AP23="","",AP23+Inputs!$B$5/Inputs!$B$16*(Inputs!$C$16*(Inputs!$C$26-AP23)+Inputs!$D$16*(Reservoir!$F$23-AP23)+Inputs!$E$16*(Inputs!$D$26-AP23))) -> 43.813487 | AQ24: =IF(AQ23="","",AQ23+Inputs!$B$5/Inputs!$B$16*(Inputs!$C$16*(Inputs!$C$27-AQ23)+Inputs!$D$16*(Reservoir!$G$23-AQ23)+Inputs!$E$16*(Inputs!$D$27-AQ23))) -> 27.859497 | AR24: =IF(AN24<>0,AO24/AN24,"") -> 0.55262458
A25: 20 | B25: =IF(B24="","",B24+Inputs!$B$5/Inputs!$B$12*(Inputs!$C$12*(IF(Inputs!$C$23>0,10^(-Inputs!$C$23),0)-B24)+Inputs!$D$12*(Reservoir!$B$24-B24)+Inputs!$E$12*(IF(Inputs!$D$23>0,10^(-Inputs!$D$23),0)-B24))) -> 1.6027747e-05 | C25: =IF(B25>0,-LOG10(B25),"") -> 4.7951275 | D25: =IF(D24="","",D24+Inputs!$B$5/Inputs!$B$12*(Inputs!$C$12*(Inputs!$C$24-D24)+Inputs!$D$12*(Reservoir!$D$24-D24)+Inputs!$E$12*(Inputs!$D$24-D24))) -> 2.1121949 | E25: =IF(E24="","",E24+Inputs!$B$5/Inputs!$B$12*(Inputs!$C$12*(Inputs!$C$25-E24)+Inputs!$D$12*(Reservoir!$E$24-E24)+Inputs!$E$12*(Inputs!$D$25-E24))) -> 1.9359142 | F25: =IF(F24="","",F24+Inputs!$B$5/Inputs!$B$12*(Inputs!$C$12*(Inputs!$C$26-F24)+Inputs!$D$12*(Reservoir!$F$24-F24)+Inputs!$E$12*(Inputs!$D$26-F24))) -> 44.887639 | G25: =IF(G24="","",G24+Inputs!$B$5/Inputs!$B$12*(Inputs!$C$12*(Inputs!$C$27-G24)+Inputs!$D$12*(Reservoir!$G$24-G24)+Inputs!$E$12*(Inputs!$D$27-G24))) -> 27.170854 | H25: =IF(D25<>0,E25/D25,"") -> 0.91654144 | J25: 20 | K25: =IF(K24="","",K24+Inputs!$B$5/Inputs!$B$13*(Inputs!$C$13*(IF(Inputs!$C$23>0,10^(-Inputs!$C$23),0)-K24)+Inputs!$D$13*(Reservoir!$B$24-K24)+Inputs!$E$13*(IF(Inputs!$D$23>0,10^(-Inputs!$D$23),0)-K24))) -> 1.6027747e-05 | L25: =IF(K25>0,-LOG10(K25),"") -> 4.7951275 | M25: =IF(M24="","",M24+Inputs!$B$5/Inputs!$B$13*(Inputs!$C$13*(Inputs!$C$24-M24)+Inputs!$D$13*(Reservoir!$D$24-M24)+Inputs!$E$13*(Inputs!$D$24-M24))) -> 2.1121949 | N25: =IF(N24="","",N24+Inputs!$B$5/Inputs!$B$13*(Inputs!$C$13*(Inputs!$C$25-N24)+Inputs!$D$13*(Reservoir!$E$24-N24)+Inputs!$E$13*(Inputs!$D$25-N24))) -> 1.936262 | O25: =IF(O24="","",O24+Inputs!$B$5/Inputs!$B$13*(Inputs!$C$13*(Inputs!$C$26-O24)+Inputs!$D$13*(Reservoir!$F$24-O24)+Inputs!$E$13*(Inputs!$D$26-O24))) -> 44.539782 | P25: =IF(P24="","",P24+Inputs!$B$5/Inputs!$B$13*(Inputs!$C$13*(Inputs!$C$27-P24)+Inputs!$D$13*(Reservoir!$G$24-P24)+Inputs!$E$13*(Inputs!$D$27-P24))) -> 27.101283 | Q25: =IF(M25<>0,N25/M25,"") -> 0.91670613 | S25: 20 | T25: =IF(T24="","",T24+Inputs!$B$5/Inputs!$B$14*(Inputs!$C$14*(IF(Inputs!$C$23>0,10^(-Inputs!$C$23),0)-T24)+Inputs!$D$14*(Reservoir!$B$24-T24)+Inputs!$E$14*(IF(Inputs!$D$23>0,10^(-Inputs!$D$23),0)-T24))) -> 2.1921861e-05 | U25: =IF(T25>0,-LOG10(T25),"") -> 4.6591226 | V25: =IF(V24="","",V24+Inputs!$B$5/Inputs!$B$14*(Inputs!$C$14*(Inputs!$C$24-V24)+Inputs!$D$14*(Reservoir!$D$24-V24)+Inputs!$E$14*(Inputs!$D$24-V24))) -> 2.2675601 | W25: =IF(W24="","",W24+Inputs!$B$5/Inputs!$B$14*(Inputs!$C$14*(Inputs!$C$25-W24)+Inputs!$D$14*(Reservoir!$E$24-W24)+Inputs!$E$14*(Inputs!$D$25-W24))) -> 2.5052775 | X25: =IF(X24="","",X24+Inputs!$B$5/Inputs!$B$14*(Inputs!$C$14*(Inputs!$C$26-X24)+Inputs!$D$14*(Reservoir!$F$24-X24)+Inputs!$E$14*(Inputs!$D$26-X24))) -> 45.411366 | Y25: =IF(Y24="","",Y24+Inputs!$B$5/Inputs!$B$14*(Inputs!$C$14*(Inputs!$C$27-Y24)+Inputs!$D$14*(Reservoir!$G$24-Y24)+Inputs!$E$14*(Inputs!$D$27-Y24))) -> 28.136466 | Z25: =IF(V25<>0,W25/V25,"") -> 1.104834 | AB25: 20 | AC25: =IF(AC24="","",AC24+Inputs!$B$5/Inputs!$B$15*(Inputs!$C$15*(IF(Inputs!$C$23>0,10^(-Inputs!$C$23),0)-AC24)+Inputs!$D$15*(Reservoir!$B$24-AC24)+Inputs!$E$15*(IF(Inputs!$D$23>0,10^(-Inputs!$D$23),0)-AC24))) -> 2.5698546e-06 | AD25: =IF(AC25>0,-LOG10(AC25),"") -> 5.5900915 | AE25: =IF(AE24="","",AE24+Inputs!$B$5/Inputs!$B$15*(Inputs!$C$15*(Inputs!$C$24-AE24)+Inputs!$D$15*(Reservoir!$D$24-AE24)+Inputs!$E$15*(Inputs!$D$24-AE24))) -> 1.2605777 | AF25: =IF(AF24="","",AF24+Inputs!$B$5/Inputs!$B$15*(Inputs!$C$15*(Inputs!$C$25-AF24)+Inputs!$D$15*(Reservoir!$E$24-AF24)+Inputs!$E$15*(Inputs!$D$25-AF24))) -> 0.72357877 | AG25: =IF(AG24="","",AG24+Inputs!$B$5/Inputs!$B$15*(Inputs!$C$15*(Inputs!$C$26-AG24)+Inputs!$D$15*(Reservoir!$F$24-AG24)+Inputs!$E$15*(Inputs!$D$26-AG24))) -> 44.151587 | AH25: =IF(AH24="","",AH24+Inputs!$B$5/Inputs!$B$15*(Inputs!$C$15*(Inputs!$C$27-AH24)+Inputs!$D$15*(Reservoir!$G$24-AH24)+Inputs!$E$15*(Inputs!$D$27-AH24))) -> 28.044412 | AI25: =IF(AE25<>0,AF25/AE25,"") -> 0.5740057 | AK25: 20 | AL25: =IF(AL24="","",AL24+Inputs!$B$5/Inputs!$B$16*(Inputs!$C$16*(IF(Inputs!$C$23>0,10^(-Inputs!$C$23),0)-AL24)+Inputs!$D$16*(Reservoir!$B$24-AL24)+Inputs!$E$16*(IF(Inputs!$D$23>0,10^(-Inputs!$D$23),0)-AL24))) -> 2.5698546e-06 | AM25: =IF(AL25>0,-LOG10(AL25),"") -> 5.5900915 | AN25: =IF(AN24="","",AN24+Inputs!$B$5/Inputs!$B$16*(Inputs!$C$16*(Inputs!$C$24-AN24)+Inputs!$D$16*(Reservoir!$D$24-AN24)+Inputs!$E$16*(Inputs!$D$24-AN24))) -> 1.2243488 | AO25: =IF(AO24="","",AO24+Inputs!$B$5/Inputs!$B$16*(Inputs!$C$16*(Inputs!$C$25-AO24)+Inputs!$D$16*(Reservoir!$E$24-AO24)+Inputs!$E$16*(Inputs!$D$25-AO24))) -> 0.69026489 | AP25: =IF(AP24="","",AP24+Inputs!$B$5/Inputs!$B$16*(Inputs!$C$16*(Inputs!$C$26-AP24)+Inputs!$D$16*(Reservoir!$F$24-AP24)+Inputs!$E$16*(Inputs!$D$26-AP24))) -> 44.068302 | AQ25: =IF(AQ24="","",AQ24+Inputs!$B$5/Inputs!$B$16*(Inputs!$C$16*(Inputs!$C$27-AQ24)+Inputs!$D$16*(Reservoir!$G$24-AQ24)+Inputs!$E$16*(Inputs!$D$27-AQ24))) -> 27.8362 | AR25: =IF(AN25<>0,AO25/AN25,"") -> 0.56378123
A26: 21 | B26: =IF(B25="","",B25+Inputs!$B$5/Inputs!$B$12*(Inputs!$C$12*(IF(Inputs!$C$23>0,10^(-Inputs!$C$23),0)-B25)+Inputs!$D$12*(Reservoir!$B$25-B25)+Inputs!$E$12*(IF(Inputs!$D$23>0,10^(-Inputs!$D$23),0)-B25))) -> 1.6581277e-05 | C26: =IF(B26>0,-LOG10(B26),"") -> 4.780382 | D26: =IF(D25="","",D25+Inputs!$B$5/Inputs!$B$12*(Inputs!$C$12*(Inputs!$C$24-D25)+Inputs!$D$12*(Reservoir!$D$25-D25)+Inputs!$E$12*(Inputs!$D$24-D25))) -> 2.068158 | E26: =IF(E25="","",E25+Inputs!$B$5/Inputs!$B$12*(Inputs!$C$12*(Inputs!$C$25-E25)+Inputs!$D$12*(Reservoir!$E$25-E25)+Inputs!$E$12*(Inputs!$D$25-E25))) -> 1.9996085 | F26: =IF(F25="","",F25+Inputs!$B$5/Inputs!$B$12*(Inputs!$C$12*(Inputs!$C$26-F25)+Inputs!$D$12*(Reservoir!$F$25-F25)+Inputs!$E$12*(Inputs!$D$26-F25))) -> 45.554157 | G26: =IF(G25="","",G25+Inputs!$B$5/Inputs!$B$12*(Inputs!$C$12*(Inputs!$C$27-G25)+Inputs!$D$12*(Reservoir!$G$25-G25)+Inputs!$E$12*(Inputs!$D$27-G25))) -> 27.466481 | H26: =IF(D26<>0,E26/D26,"") -> 0.96685478 | J26: 21 | K26: =IF(K25="","",K25+Inputs!$B$5/Inputs!$B$13*(Inputs!$C$13*(IF(Inputs!$C$23>0,10^(-Inputs!$C$23),0)-K25)+Inputs!$D$13*(Reservoir!$B$25-K25)+Inputs!$E$13*(IF(Inputs!$D$23>0,10^(-Inputs!$D$23),0)-K25))) -> 1.6581277e-05 | L26: =IF(K26>0,-LOG10(K26),"") -> 4.780382 | M26: =IF(M25="","",M25+Inputs!$B$5/Inputs!$B$13*(Inputs!$C$13*(Inputs!$C$24-M25)+Inputs!$D$13*(Reservoir!$D$25-M25)+Inputs!$E$13*(Inputs!$D$24-M25))) -> 2.068158 | N26: =IF(N25="","",N25+Inputs!$B$5/Inputs!$B$13*(Inputs!$C$13*(Inputs!$C$25-N25)+Inputs!$D$13*(Reservoir!$E$25-N25)+Inputs!$E$13*(Inputs!$D$25-N25))) -> 1.9999385 | O26: =IF(O25="","",O25+Inputs!$B$5/Inputs!$B$13*(Inputs!$C$13*(Inputs!$C$26-O25)+Inputs!$D$13*(Reservoir!$F$25-O25)+Inputs!$E$13*(Inputs!$D$26-O25))) -> 45.22419 | P26: =IF(P25="","",P25+Inputs!$B$5/Inputs!$B$13*(Inputs!$C$13*(Inputs!$C$27-P25)+Inputs!$D$13*(Reservoir!$G$25-P25)+Inputs!$E$13*(Inputs!$D$27-P25))) -> 27.400488 | Q26: =IF(M26<>0,N26/M26,"") -> 0.96701432 | S26: 21 | T26: =IF(T25="","",T25+Inputs!$B$5/Inputs!$B$14*(Inputs!$C$14*(IF(Inputs!$C$23>0,10^(-Inputs!$C$23),0)-T25)+Inputs!$D$14*(Reservoir!$B$25-T25)+Inputs!$E$14*(IF(Inputs!$D$23>0,10^(-Inputs!$D$23),0)-T25))) -> 2.2672391e-05 | U26: =IF(T26>0,-LOG10(T26),"") -> 4.6445027 | V26: =IF(V25="","",V25+Inputs!$B$5/Inputs!$B$14*(Inputs!$C$14*(Inputs!$C$24-V25)+Inputs!$D$14*(Reservoir!$D$25-V25)+Inputs!$E$14*(Inputs!$D$24-V25))) -> 2.2165813 | W26: =IF(W25="","",W25+Inputs!$B$5/Inputs!$B$14*(Inputs!$C$14*(Inputs!$C$25-W25)+Inputs!$D$14*(Reservoir!$E$25-W25)+Inputs!$E$14*(Inputs!$D$25-W25))) -> 2.5883687 | X26: =IF(X25="","",X25+Inputs!$B$5/Inputs!$B$14*(Inputs!$C$14*(Inputs!$C$26-X25)+Inputs!$D$14*(Reservoir!$F$25-X25)+Inputs!$E$14*(Inputs!$D$26-X25))) -> 46.165106 | Y26: =IF(Y25="","",Y25+Inputs!$B$5/Inputs!$B$14*(Inputs!$C$14*(Inputs!$C$27-Y25)+Inputs!$D$14*(Reservoir!$G$25-Y25)+Inputs!$E$14*(Inputs!$D$27-Y25))) -> 28.494429 | Z26: =IF(V26<>0,W26/V26,"") -> 1.1677301 | AB26: 21 | AC26: =IF(AC25="","",AC25+Inputs!$B$5/Inputs!$B$15*(Inputs!$C$15*(IF(Inputs!$C$23>0,10^(-Inputs!$C$23),0)-AC25)+Inputs!$D$15*(Reservoir!$B$25-AC25)+Inputs!$E$15*(IF(Inputs!$D$23>0,10^(-Inputs!$D$23),0)-AC25))) -> 2.758453e-06 | AD26: =IF(AC26>0,-LOG10(AC26),"") -> 5.5593344 | AE26: =IF(AE25="","",AE25+Inputs!$B$5/Inputs!$B$15*(Inputs!$C$15*(Inputs!$C$24-AE25)+Inputs!$D$15*(Reservoir!$D$25-AE25)+Inputs!$E$15*(Inputs!$D$24-AE25))) -> 1.2711432 | AF26: =IF(AF25="","",AF25+Inputs!$B$5/Inputs!$B$15*(Inputs!$C$15*(Inputs!$C$25-AF25)+Inputs!$D$15*(Reservoir!$E$25-AF25)+Inputs!$E$15*(Inputs!$D$25-AF25))) -> 0.74353814 | AG26: =IF(AG25="","",AG25+Inputs!$B$5/Inputs!$B$15*(Inputs!$C$15*(Inputs!$C$26-AG25)+Inputs!$D$15*(Reservoir!$F$25-AG25)+Inputs!$E$15*(Inputs!$D$26-AG25))) -> 44.405544 | AH26: =IF(AH25="","",AH25+Inputs!$B$5/Inputs!$B$15*(Inputs!$C$15*(Inputs!$C$27-AH25)+Inputs!$D$15*(Reservoir!$G$25-AH25)+Inputs!$E$15*(Inputs!$D$27-AH25))) -> 28.017779 | AI26: =IF(AE26<>0,AF26/AE26,"") -> 0.58493657 | AK26: 21 | AL26: =IF(AL25="","",AL25+Inputs!$B$5/Inputs!$B$16*(Inputs!$C$16*(IF(Inputs!$C$23>0,10^(-Inputs!$C$23),0)-AL25)+Inputs!$D$16*(Reservoir!$B$25-AL25)+Inputs!$E$16*(IF(Inputs!$D$23>0,10^(-Inputs!$D$23),0)-AL25))) -> 2.758453e-06 | AM26: =IF(AL26>0,-LOG10(AL26),"") -> 5.5593344 | AN26: =IF(AN25="","",AN25+Inputs!$B$5/Inputs!$B$16*(Inputs!$C$16*(Inputs!$C$24-AN25)+Inputs!$D$16*(Reservoir!$D$25-AN25)+Inputs!$E$16*(Inputs!$D$24-AN25))) -> 1.236467 | AO26: =IF(AO25="","",AO25+Inputs!$B$5/Inputs!$B$16*(Inputs!$C$16*(Inputs!$C$25-AO25)+Inputs!$D$16*(Reservoir!$E$25-AO25)+Inputs!$E$16*(Inputs!$D$25-AO25))) -> 0.71165199 | AP26: =IF(AP25="","",AP25+Inputs!$B$5/Inputs!$B$16*(Inputs!$C$16*(Inputs!$C$26-AP25)+Inputs!$D$16*(Reservoir!$F$25-AP25)+Inputs!$E$16*(Inputs!$D$26-AP25))) -> 44.325828 | AQ26: =IF(AQ25="","",AQ25+Inputs!$B$5/Inputs!$B$16*(Inputs!$C$16*(Inputs!$C$27-AQ25)+Inputs!$D$16*(Reservoir!$G$25-AQ25)+Inputs!$E$16*(Inputs!$D$27-AQ25))) -> 27.818491 | AR26: =IF(AN26<>0,AO26/AN26,"") -> 0.57555276

Sheet BAC_ARC_Daily
A1: BAC / ARC Daily Tracking (mixing / dilution only)
A3: R1 | H3: R2 | O3: R3 | V3: R4 | AC3: R5
A4: Day | B4: BAC | C4: ARC | D4: ARC/BAC | E4: Total BAC copies | F4: Total ARC copies | H4: Day | I4: BAC | J4: ARC | K4: ARC/BAC | L4: Total BAC copies | M4: Total ARC copies | O4: Day | P4: BAC | Q4: ARC | R4: ARC/BAC | S4: Total BAC copies | T4: Total ARC copies | V4: Day | W4: BAC | X4: ARC | Y4: ARC/BAC | Z4: Total BAC copies | AA4: Total ARC copies | AC4: Day | AD4: BAC | AE4: ARC | AF4: ARC/BAC | AG4: Total BAC copies | AH4: Total ARC copies
A5: 0 | B5: =IF(Inputs!$G$35="", "", Inputs!$G$35) -> 974582.68 | C5: =IF(Inputs!$H$35="", "", Inputs!$H$35) -> 17543034 | D5: =IF(B5<>0,C5/B5,"") -> 18.00056 | E5: =IF(B5="","",B5*Inputs!$B$12*1000000) -> 3.4110394e+15 | F5: =IF(C5="","",C5*Inputs!$B$12*1000000) -> 6.1400619e+16 | H5: 0 | I5: =IF(Inputs!$G$36="", "", Inputs!$G$36) -> 1954522.3 | J5: =IF(Inputs!$H$36="", "", Inputs!$H$36) -> 16068873 | K5: =IF(I5<>0,J5/I5,"") -> 8.2213813 | L5: =IF(I5="","",I5*Inputs!$B$13*1000000) -> 6.840828e+15 | M5: =IF(J5="","",J5*Inputs!$B$13*1000000) -> 5.6241056e+16 | O5: 0 | P5: =IF(Inputs!$G$37="", "", Inputs!$G$37) -> 1404076.4 | Q5: =IF(Inputs!$H$37="", "", Inputs!$H$37) -> 13068243 | R5: =IF(P5<>0,Q5/P5,"") -> 9.3073588 | S5: =IF(P5="","",P5*Inputs!$B$14*1000000) -> 4.7598189e+15 | T5: =IF(Q5="","",Q5*Inputs!$B$14*1000000) -> 4.4301342e+16 | V5: 0 | W5: =IF(Inputs!$G$38="", "", Inputs!$G$38) -> 967106.58 | X5: =IF(Inputs!$H$38="", "", Inputs!$H$38) -> 7753954.5 | Y5: =IF(W5<>0,X5/W5,"") -> 8.0176836 | Z5: =IF(W5="","",W5*Inputs!$B$15*1000000) -> 3.384873e+15 | AA5: =IF(X5="","",X5*Inputs!$B$15*1000000) -> 2.7138841e+16 | AC5: 0 | AD5: =IF(Inputs!$G$39="", "", Inputs!$G$39) -> 1462050.8 | AE5: =IF(Inputs!$H$39="", "", Inputs!$H$39) -> 7043007.9 | AF5: =IF(AD5<>0,AE5/AD5,"") -> 4.8172115 | AG5: =IF(AD5="","",AD5*Inputs!$B$16*1000000) -> 5.1171778e+15 | AH5: =IF(AE5="","",AE5*Inputs!$B$16*1000000) -> 2.4650528e+16
A6: 1 | B6: =IF(B5="","",B5+Inputs!$B$5/Inputs!$B$12*(Inputs!$C$12*(Inputs!$C$28-B5)+Inputs!$D$12*(Reservoir!$H$5-B5)+Inputs!$E$12*(Inputs!$D$28-B5))) -> 960330.79 | C6: =IF(C5="","",C5+Inputs!$B$5/Inputs!$B$12*(Inputs!$C$12*(Inputs!$C$29-C5)+Inputs!$D$12*(Reservoir!$I$5-C5)+Inputs!$E$12*(Inputs!$D$29-C5))) -> 17035802 | D6: =IF(B6<>0,C6/B6,"") -> 17.739514 | E6: =IF(B6="","",B6*Inputs!$B$12*1000000) -> 3.3611578e+15 | F6: =IF(C6="","",C6*Inputs!$B$12*1000000) -> 5.9625306e+16 | H6: 1 | I6: =IF(I5="","",I5+Inputs!$B$5/Inputs!$B$13*(Inputs!$C$13*(Inputs!$C$28-I5)+Inputs!$D$13*(Reservoir!$H$5-I5)+Inputs!$E$13*(Inputs!$D$28-I5))) -> 1889873.5 | J6: =IF(J5="","",J5+Inputs!$B$5/Inputs!$B$13*(Inputs!$C$13*(Inputs!$C$29-J5)+Inputs!$D$13*(Reservoir!$I$5-J5)+Inputs!$E$13*(Inputs!$D$29-J5))) -> 15637455 | K6: =IF(I6<>0,J6/I6,"") -> 8.2743394 | L6: =IF(I6="","",I6*Inputs!$B$13*1000000) -> 6.6145573e+15 | M6: =IF(J6="","",J6*Inputs!$B$13*1000000) -> 5.4731092e+16 | O6: 1 | P6: =IF(P5="","",P5+Inputs!$B$5/Inputs!$B$14*(Inputs!$C$14*(Inputs!$C$28-P5)+Inputs!$D$14*(Reservoir!$H$5-P5)+Inputs!$E$14*(Inputs!$D$28-P5))) -> 1369449.3 | Q6: =IF(Q5="","",Q5+Inputs!$B$5/Inputs!$B$14*(Inputs!$C$14*(Inputs!$C$29-Q5)+Inputs!$D$14*(Reservoir!$I$5-Q5)+Inputs!$E$14*(Inputs!$D$29-Q5))) -> 12791372 | R6: =IF(P6<>0,Q6/P6,"") -> 9.3405226 | S6: =IF(P6="","",P6*Inputs!$B$14*1000000) -> 4.642433e+15 | T6: =IF(Q6="","",Q6*Inputs!$B$14*1000000) -> 4.336275e+16 | V6: 1 | W6: =IF(W5="","",W5+Inputs!$B$5/Inputs!$B$15*(Inputs!$C$15*(Inputs!$C$28-W5)+Inputs!$D$15*(Reservoir!$H$5-W5)+Inputs!$E$15*(Inputs!$D$28-W5))) -> 961528.66 | X6: =IF(X5="","",X5+Inputs!$B$5/Inputs!$B$15*(Inputs!$C$15*(Inputs!$C$29-X5)+Inputs!$D$15*(Reservoir!$I$5-X5)+Inputs!$E$15*(Inputs!$D$29-X5))) -> 7816623.2 | Y6: =IF(W6<>0,X6/W6,"") -> 8.1293711 | Z6: =IF(W6="","",W6*Inputs!$B$15*1000000) -> 3.3653503e+15 | AA6: =IF(X6="","",X6*Inputs!$B$15*1000000) -> 2.7358181e+16 | AC6: 1 | AD6: =IF(AD5="","",AD5+Inputs!$B$5/Inputs!$B$16*(Inputs!$C$16*(Inputs!$C$28-AD5)+Inputs!$D$16*(Reservoir!$H$5-AD5)+Inputs!$E$16*(Inputs!$D$28-AD5))) -> 1435261 | AE6: =IF(AE5="","",AE5+Inputs!$B$5/Inputs!$B$16*(Inputs!$C$16*(Inputs!$C$29-AE5)+Inputs!$D$16*(Reservoir!$I$5-AE5)+Inputs!$E$16*(Inputs!$D$29-AE5))) -> 7136145.7 | AF6: =IF(AD6<>0,AE6/AD6,"") -> 4.9720196 | AG6: =IF(AD6="","",AD6*Inputs!$B$16*1000000) -> 5.0234134e+15 | AH6: =IF(AE6="","",AE6*Inputs!$B$16*1000000) -> 2.497651e+16
A7: 2 | B7: =IF(B6="","",B6+Inputs!$B$5/Inputs!$B$12*(Inputs!$C$12*(Inputs!$C$28-B6)+Inputs!$D$12*(Reservoir!$H$6-B6)+Inputs!$E$12*(Inputs!$D$28-B6))) -> 946057.47 | C7: =IF(C6="","",C6+Inputs!$B$5/Inputs!$B$12*(Inputs!$C$12*(Inputs!$C$29-C6)+Inputs!$D$12*(Reservoir!$I$6-C6)+Inputs!$E$12*(Inputs!$D$29-C6))) -> 16549216 | D7: =IF(B7<>0,C7/B7,"") -> 17.492823 | E7: =IF(B7="","",B7*Inputs!$B$12*1000000) -> 3.3112011e+15 | F7: =IF(C7="","",C7*Inputs!$B$12*1000000) -> 5.7922255e+16 | H7: 2 | I7: =IF(I6="","",I6+Inputs!$B$5/Inputs!$B$13*(Inputs!$C$13*(Inputs!$C$28-I6)+Inputs!$D$13*(Reservoir!$H$6-I6)+Inputs!$E$13*(Inputs!$D$28-I6))) -> 1827795.1 | J7: =IF(J6="","",J6+Inputs!$B$5/Inputs!$B$13*(Inputs!$C$13*(Inputs!$C$29-J6)+Inputs!$D$13*(Reservoir!$I$6-J6)+Inputs!$E$13*(Inputs!$D$29-J6))) -> 15222784 | K7: =IF(I7<>0,J7/I7,"") -> 8.3284956 | L7: =IF(I7="","",I7*Inputs!$B$13*1000000) -> 6.397283e+15 | M7: =IF(J7="","",J7*Inputs!$B$13*1000000) -> 5.3279743e+16 | O7: 2 | P7: =IF(P6="","",P6+Inputs!$B$5/Inputs!$B$14*(Inputs!$C$14*(Inputs!$C$28-P6)+Inputs!$D$14*(Reservoir!$H$6-P6)+Inputs!$E$14*(Inputs!$D$28-P6))) -> 1335772.9 | Q7: =IF(Q6="","",Q6+Inputs!$B$5/Inputs!$B$14*(Inputs!$C$14*(Inputs!$C$29-Q6)+Inputs!$D$14*(Reservoir!$I$6-Q6)+Inputs!$E$14*(Inputs!$D$29-Q6))) -> 12522543 | R7: =IF(P7<>0,Q7/P7,"") -> 9.3747543 | S7: =IF(P7="","",P7*Inputs!$B$14*1000000) -> 4.5282703e+15 | T7: =IF(Q7="","",Q7*Inputs!$B$14*1000000) -> 4.2451421e+16 | V7: 2 | W7: =IF(W6="","",W6+Inputs!$B$5/Inputs!$B$15*(Inputs!$C$15*(Inputs!$C$28-W6)+Inputs!$D$15*(Reservoir!$H$6-W6)+Inputs!$E$15*(Inputs!$D$28-W6))) -> 955435.4 | X7: =IF(X6="","",X6+Inputs!$B$5/Inputs!$B$15*(Inputs!$C$15*(Inputs!$C$29-X6)+Inputs!$D$15*(Reservoir!$I$6-X6)+Inputs!$E$15*(Inputs!$D$29-X6))) -> 7871165.9 | Y7: =IF(W7<>0,X7/W7,"") -> 8.2383026 | Z7: =IF(W7="","",W7*Inputs!$B$15*1000000) -> 3.3440239e+15 | AA7: =IF(X7="","",X7*Inputs!$B$15*1000000) -> 2.7549081e+16 | AC7: 2 | AD7: =IF(AD6="","",AD6+Inputs!$B$5/Inputs!$B$16*(Inputs!$C$16*(Inputs!$C$28-AD6)+Inputs!$D$16*(Reservoir!$H$6-AD6)+Inputs!$E$16*(Inputs!$D$28-AD6))) -> 1408864.9 | AE7: =IF(AE6="","",AE6+Inputs!$B$5/Inputs!$B$16*(Inputs!$C$16*(Inputs!$C$29-AE6)+Inputs!$D$16*(Reservoir!$I$6-AE6)+Inputs!$E$16*(Inputs!$D$29-AE6))) -> 7219851.8 | AF7: =IF(AD7<>0,AE7/AD7,"") -> 5.1245877 | AG7: =IF(AD7="","",AD7*Inputs!$B$16*1000000) -> 4.9310272e+15 | AH7: =IF(AE7="","",AE7*Inputs!$B$16*1000000) -> 2.5269481e+16
A8: 3 | B8: =IF(B7="","",B7+Inputs!$B$5/Inputs!$B$12*(Inputs!$C$12*(Inputs!$C$28-B7)+Inputs!$D$12*(Reservoir!$H$7-B7)+Inputs!$E$12*(Inputs!$D$28-B7))) -> 931781.06 | C8: =IF(C7="","",C7+Inputs!$B$5/Inputs!$B$12*(Inputs!$C$12*(Inputs!$C$29-C7)+Inputs!$D$12*(Reservoir!$I$7-C7)+Inputs!$E$12*(Inputs!$D$29-C7))) -> 16082356 | D8: =IF(B8<>0,C8/B8,"") -> 17.259801 | E8: =IF(B8="","",B8*Inputs!$B$12*1000000) -> 3.2612337e+15 | F8: =IF(C8="","",C8*Inputs!$B$12*1000000) -> 5.6288245e+16 | H8: 3 | I8: =IF(I7="","",I7+Inputs!$B$5/Inputs!$B$13*(Inputs!$C$13*(Inputs!$C$28-I7)+Inputs!$D$13*(Reservoir!$H$7-I7)+Inputs!$E$13*(Inputs!$D$28-I7))) -> 1768172.2 | J8: =IF(J7="","",J7+Inputs!$B$5/Inputs!$B$13*(Inputs!$C$13*(Inputs!$C$29-J7)+Inputs!$D$13*(Reservoir!$I$7-J7)+Inputs!$E$13*(Inputs!$D$29-J7))) -> 14824140 | K8: =IF(I8<>0,J8/I8,"") -> 8.3838781 | L8: =IF(I8="","",I8*Inputs!$B$13*1000000) -> 6.1886028e+15 | M8: =IF(J8="","",J8*Inputs!$B$13*1000000) -> 5.1884491e+16 | O8: 3 | P8: =IF(P7="","",P7+Inputs!$B$5/Inputs!$B$14*(Inputs!$C$14*(Inputs!$C$28-P7)+Inputs!$D$14*(Reservoir!$H$7-P7)+Inputs!$E$14*(Inputs!$D$28-P7))) -> 1303018.7 | Q8: =IF(Q7="","",Q7+Inputs!$B$5/Inputs!$B$14*(Inputs!$C$14*(Inputs!$C$29-Q7)+Inputs!$D$14*(Reservoir!$I$7-Q7)+Inputs!$E$14*(Inputs!$D$29-Q7))) -> 12261511 | R8: =IF(P8<>0,Q8/P8,"") -> 9.4100806 | S8: =IF(P8="","",P8*Inputs!$B$14*1000000) -> 4.4172335e+15 | T8: =IF(Q8="","",Q8*Inputs!$B$14*1000000) -> 4.1566524e+16 | V8: 3 | W8: =IF(W7="","",W7+Inputs!$B$5/Inputs!$B$15*(Inputs!$C$15*(Inputs!$C$28-W7)+Inputs!$D$15*(Reservoir!$H$7-W7)+Inputs!$E$15*(Inputs!$D$28-W7))) -> 948866.15 | X8: =IF(X7="","",X7+Inputs!$B$5/Inputs!$B$15*(Inputs!$C$15*(Inputs!$C$29-X7)+Inputs!$D$15*(Reservoir!$I$7-X7)+Inputs!$E$15*(Inputs!$D$29-X7))) -> 7918072.9 | Y8: =IF(W8<>0,X8/W8,"") -> 8.3447733 | Z8: =IF(W8="","",W8*Inputs!$B$15*1000000) -> 3.3210315e+15 | AA8: =IF(X8="","",X8*Inputs!$B$15*1000000) -> 2.7713255e+16 | AC8: 3 | AD8: =IF(AD7="","",AD7+Inputs!$B$5/Inputs!$B$16*(Inputs!$C$16*(Inputs!$C$28-AD7)+Inputs!$D$16*(Reservoir!$H$7-AD7)+Inputs!$E$16*(Inputs!$D$28-AD7))) -> 1382863 | AE8: =IF(AE7="","",AE7+Inputs!$B$5/Inputs!$B$16*(Inputs!$C$16*(Inputs!$C$29-AE7)+Inputs!$D$16*(Reservoir!$I$7-AE7)+Inputs!$E$16*(Inputs!$D$29-AE7))) -> 7294672.2 | AF8: =IF(AD8<>0,AE8/AD8,"") -> 5.2750507 | AG8: =IF(AD8="","",AD8*Inputs!$B$16*1000000) -> 4.8400204e+15 | AH8: =IF(AE8="","",AE8*Inputs!$B$16*1000000) -> 2.5531353e+16
A9: 4 | B9: =IF(B8="","",B8+Inputs!$B$5/Inputs!$B$12*(Inputs!$C$12*(Inputs!$C$28-B8)+Inputs!$D$12*(Reservoir!$H$8-B8)+Inputs!$E$12*(Inputs!$D$28-B8))) -> 917518.52 | C9: =IF(C8="","",C8+Inputs!$B$5/Inputs!$B$12*(Inputs!$C$12*(Inputs!$C$29-C8)+Inputs!$D$12*(Reservoir!$I$8-C8)+Inputs!$E$12*(Inputs!$D$29-C8))) -> 15634345 | D9: =IF(B9<>0,C9/B9,"") -> 17.039814 | E9: =IF(B9="","",B9*Inputs!$B$12*1000000) -> 3.2113148e+15 | F9: =IF(C9="","",C9*Inputs!$B$12*1000000) -> 5.4720208e+16 | H9: 4 | I9: =IF(I8="","",I8+Inputs!$B$5/Inputs!$B$13*(Inputs!$C$13*(Inputs!$C$28-I8)+Inputs!$D$13*(Reservoir!$H$8-I8)+Inputs!$E$13*(Inputs!$D$28-I8))) -> 1710895.3 | J9: =IF(J8="","",J8+Inputs!$B$5/Inputs!$B$13*(Inputs!$C$13*(Inputs!$C$29-J8)+Inputs!$D$13*(Reservoir!$I$8-J8)+Inputs!$E$13*(Inputs!$D$29-J8))) -> 14440838 | K9: =IF(I9<>0,J9/I9,"") -> 8.4405154 | L9: =IF(I9="","",I9*Inputs!$B$13*1000000) -> 5.9881335e+15 | M9: =IF(J9="","",J9*Inputs!$B$13*1000000) -> 5.0542933e+16 | O9: 4 | P9: =IF(P8="","",P8+Inputs!$B$5/Inputs!$B$14*(Inputs!$C$14*(Inputs!$C$28-P8)+Inputs!$D$14*(Reservoir!$H$8-P8)+Inputs!$E$14*(Inputs!$D$28-P8))) -> 1271158.9 | Q9: =IF(Q8="","",Q8+Inputs!$B$5/Inputs!$B$14*(Inputs!$C$14*(Inputs!$C$29-Q8)+Inputs!$D$14*(Reservoir!$I$8-Q8)+Inputs!$E$14*(Inputs!$D$29-Q8))) -> 12008038 | R9: =IF(P9<>0,Q9/P9,"") -> 9.4465284 | S9: =IF(P9="","",P9*Inputs!$B$14*1000000) -> 4.3092286e+15 | T9: =IF(Q9="","",Q9*Inputs!$B$14*1000000) -> 4.070725e+16 | V9: 4 | W9: =IF(W8="","",W8+Inputs!$B$5/Inputs!$B$15*(Inputs!$C$15*(Inputs!$C$28-W8)+Inputs!$D$15*(Reservoir!$H$8-W8)+Inputs!$E$15*(Inputs!$D$28-W8))) -> 941858.09 | X9: =IF(X8="","",X8+Inputs!$B$5/Inputs!$B$15*(Inputs!$C$15*(Inputs!$C$29-X8)+Inputs!$D$15*(Reservoir!$I$8-X8)+Inputs!$E$15*(Inputs!$D$29-X8))) -> 7957808.9 | Y9: =IF(W9<>0,X9/W9,"") -> 8.449053 | Z9: =IF(W9="","",W9*Inputs!$B$15*1000000) -> 3.2965033e+15 | AA9: =IF(X9="","",X9*Inputs!$B$15*1000000) -> 2.7852331e+16 | AC9: 4 | AD9: =IF(AD8="","",AD8+Inputs!$B$5/Inputs!$B$16*(Inputs!$C$16*(Inputs!$C$28-AD8)+Inputs!$D$16*(Reservoir!$H$8-AD8)+Inputs!$E$16*(Inputs!$D$28-AD8))) -> 1357255 | AE9: =IF(AE8="","",AE8+Inputs!$B$5/Inputs!$B$16*(Inputs!$C$16*(Inputs!$C$29-AE8)+Inputs!$D$16*(Reservoir!$I$8-AE8)+Inputs!$E$16*(Inputs!$D$29-AE8))) -> 7361125.3 | AF9: =IF(AD9<>0,AE9/AD9,"") -> 5.4235388 | AG9: =IF(AD9="","",AD9*Inputs!$B$16*1000000) -> 4.7503926e+15 | AH9: =IF(AE9="","",AE9*Inputs!$B$16*1000000) -> 2.5763939e+16
A10: 5 | B10: =IF(B9="","",B9+Inputs!$B$5/Inputs!$B$12*(Inputs!$C$12*(Inputs!$C$28-B9)+Inputs!$D$12*(Reservoir!$H$9-B9)+Inputs!$E$12*(Inputs!$D$28-B9))) -> 903285.54 | C10: =IF(C9="","",C9+Inputs!$B$5/Inputs!$B$12*(Inputs!$C$12*(Inputs!$C$29-C9)+Inputs!$D$12*(Reservoir!$I$9-C9)+Inputs!$E$12*(Inputs!$D$29-C9))) -> 15204348 | D10: =IF(B10<>0,C10/B10,"") -> 16.832272 | E10: =IF(B10="","",B10*Inputs!$B$12*1000000) -> 3.1614994e+15 | F10: =IF(C10="","",C10*Inputs!$B$12*1000000) -> 5.3215218e+16 | H10: 5 | I10: =IF(I9="","",I9+Inputs!$B$5/Inputs!$B$13*(Inputs!$C$13*(Inputs!$C$28-I9)+Inputs!$D$13*(Reservoir!$H$9-I9)+Inputs!$E$13*(Inputs!$D$28-I9))) -> 1655860.1 | J10: =IF(J9="","",J9+Inputs!$B$5/Inputs!$B$13*(Inputs!$C$13*(Inputs!$C$29-J9)+Inputs!$D$13*(Reservoir!$I$9-J9)+Inputs!$E$13*(Inputs!$D$29-J9))) -> 14072221 | K10: =IF(I10<>0,J10/I10,"") -> 8.4984362 | L10: =IF(I10="","",I10*Inputs!$B$13*1000000) -> 5.7955102e+15 | M10: =IF(J10="","",J10*Inputs!$B$13*1000000) -> 4.9252774e+16 | O10: 5 | P10: =IF(P9="","",P9+Inputs!$B$5/Inputs!$B$14*(Inputs!$C$14*(Inputs!$C$28-P9)+Inputs!$D$14*(Reservoir!$H$9-P9)+Inputs!$E$14*(Inputs!$D$28-P9))) -> 1240166.5 | Q10: =IF(Q9="","",Q9+Inputs!$B$5/Inputs!$B$14*(Inputs!$C$14*(Inputs!$C$29-Q9)+Inputs!$D$14*(Reservoir!$I$9-Q9)+Inputs!$E$14*(Inputs!$D$29-Q9))) -> 11761893 | R10: =IF(P10<>0,Q10/P10,"") -> 9.4841244 | S10: =IF(P10="","",P10*Inputs!$B$14*1000000) -> 4.2041644e+15 | T10: =IF(Q10="","",Q10*Inputs!$B$14*1000000) -> 3.9872818e+16 | V10: 5 | W10: =IF(W9="","",W9+Inputs!$B$5/Inputs!$B$15*(Inputs!$C$15*(Inputs!$C$28-W9)+Inputs!$D$15*(Reservoir!$H$9-W9)+Inputs!$E$15*(Inputs!$D$28-W9))) -> 934446.42 | X10: =IF(X9="","",X9+Inputs!$B$5/Inputs!$B$15*(Inputs!$C$15*(Inputs!$C$29-X9)+Inputs!$D$15*(Reservoir!$I$9-X9)+Inputs!$E$15*(Inputs!$D$29-X9))) -> 7990814.7 | Y10: =IF(W10<>0,X10/W10,"") -> 8.5513888 | Z10: =IF(W10="","",W10*Inputs!$B$15*1000000) -> 3.2705625e+15 | AA10: =IF(X10="","",X10*Inputs!$B$15*1000000) -> 2.7967852e+16 | AC10: 5 | AD10: =IF(AD9="","",AD9+Inputs!$B$5/Inputs!$B$16*(Inputs!$C$16*(Inputs!$C$28-AD9)+Inputs!$D$16*(Reservoir!$H$9-AD9)+Inputs!$E$16*(Inputs!$D$28-AD9))) -> 1332040.6 | AE10: =IF(AE9="","",AE9+Inputs!$B$5/Inputs!$B$16*(Inputs!$C$16*(Inputs!$C$29-AE9)+Inputs!$D$16*(Reservoir!$I$9-AE9)+Inputs!$E$16*(Inputs!$D$29-AE9))) -> 7419703.4 | AF10: =IF(AD10<>0,AE10/AD10,"") -> 5.5701779 | AG10: =IF(AD10="","",AD10*Inputs!$B$16*1000000) -> 4.6621423e+15 | AH10: =IF(AE10="","",AE10*Inputs!$B$16*1000000) -> 2.5968962e+16
A11: 6 | B11: =IF(B10="","",B10+Inputs!$B$5/Inputs!$B$12*(Inputs!$C$12*(Inputs!$C$28-B10)+Inputs!$D$12*(Reservoir!$H$10-B10)+Inputs!$E$12*(Inputs!$D$28-B10))) -> 889096.57 | C11: =IF(C10="","",C10+Inputs!$B$5/Inputs!$B$12*(Inputs!$C$12*(Inputs!$C$29-C10)+Inputs!$D$12*(Reservoir!$I$10-C10)+Inputs!$E$12*(Inputs!$D$29-C10))) -> 14791567 | D11: =IF(B11<>0,C11/B11,"") -> 16.636626 | E11: =IF(B11="","",B11*Inputs!$B$12*1000000) -> 3.111838e+15 | F11: =IF(C11="","",C11*Inputs!$B$12*1000000) -> 5.1770485e+16 | H11: 6 | I11: =IF(I10="","",I10+Inputs!$B$5/Inputs!$B$13*(Inputs!$C$13*(Inputs!$C$28-I10)+Inputs!$D$13*(Reservoir!$H$10-I10)+Inputs!$E$13*(Inputs!$D$28-I10))) -> 1602967.3 | J11: =IF(J10="","",J10+Inputs!$B$5/Inputs!$B$13*(Inputs!$C$13*(Inputs!$C$29-J10)+Inputs!$D$13*(Reservoir!$I$10-J10)+Inputs!$E$13*(Inputs!$D$29-J10))) -> 13717664 | K11: =IF(I11<>0,J11/I11,"") -> 8.5576695 | L11: =IF(I11="","",I11*Inputs!$B$13*1000000) -> 5.6103854e+15 | M11: =IF(J11="","",J11*Inputs!$B$13*1000000) -> 4.8011824e+16 | O11: 6 | P11: =IF(P10="","",P10+Inputs!$B$5/Inputs!$B$14*(Inputs!$C$14*(Inputs!$C$28-P10)+Inputs!$D$14*(Reservoir!$H$10-P10)+Inputs!$E$14*(Inputs!$D$28-P10))) -> 1210015.6 | Q11: =IF(Q10="","",Q10+Inputs!$B$5/Inputs!$B$14*(Inputs!$C$14*(Inputs!$C$29-Q10)+Inputs!$D$14*(Reservoir!$I$10-Q10)+Inputs!$E$14*(Inputs!$D$29-Q10))) -> 11522852 | R11: =IF(P11<>0,Q11/P11,"") -> 9.5228957 | S11: =IF(P11="","",P11*Inputs!$B$14*1000000) -> 4.1019529e+15 | T11: =IF(Q11="","",Q11*Inputs!$B$14*1000000) -> 3.9062469e+16 | V11: 6 | W11: =IF(W10="","",W10+Inputs!$B$5/Inputs!$B$15*(Inputs!$C$15*(Inputs!$C$28-W10)+Inputs!$D$15*(Reservoir!$H$10-W10)+Inputs!$E$15*(Inputs!$D$28-W10))) -> 926664.44 | X11: =IF(X10="","",X10+Inputs!$B$5/Inputs!$B$15*(Inputs!$C$15*(Inputs!$C$29-X10)+Inputs!$D$15*(Reservoir!$I$10-X10)+Inputs!$E$15*(Inputs!$D$29-X10))) -> 8017508.3 | Y11: =IF(W11<>0,X11/W11,"") -> 8.6520082 | Z11: =IF(W11="","",W11*Inputs!$B$15*1000000) -> 3.2433255e+15 | AA11: =IF(X11="","",X11*Inputs!$B$15*1000000) -> 2.8061279e+16 | AC11: 6 | AD11: =IF(AD10="","",AD10+Inputs!$B$5/Inputs!$B$16*(Inputs!$C$16*(Inputs!$C$28-AD10)+Inputs!$D$16*(Reservoir!$H$10-AD10)+Inputs!$E$16*(Inputs!$D$28-AD10))) -> 1307218.9 | AE11: =IF(AE10="","",AE10+Inputs!$B$5/Inputs!$B$16*(Inputs!$C$16*(Inputs!$C$29-AE10)+Inputs!$D$16*(Reservoir!$I$10-AE10)+Inputs!$E$16*(Inputs!$D$29-AE10))) -> 7470873.2 | AF11: =IF(AD11<>0,AE11/AD11,"") -> 5.7150896 | AG11: =IF(AD11="","",AD11*Inputs!$B$16*1000000) -> 4.5752662e+15 | AH11: =IF(AE11="","",AE11*Inputs!$B$16*1000000) -> 2.6148056e+16
A12: 7 | B12: =IF(B11="","",B11+Inputs!$B$5/Inputs!$B$12*(Inputs!$C$12*(Inputs!$C$28-B11)+Inputs!$D$12*(Reservoir!$H$11-B11)+Inputs!$E$12*(Inputs!$D$28-B11))) -> 874964.95 | C12: =IF(C11="","",C11+Inputs!$B$5/Inputs!$B$12*(Inputs!$C$12*(Inputs!$C$29-C11)+Inputs!$D$12*(Reservoir!$I$11-C11)+Inputs!$E$12*(Inputs!$D$29-C11))) -> 14395243 | D12: =IF(B12<>0,C12/B12,"") -> 16.452365 | E12: =IF(B12="","",B12*Inputs!$B$12*1000000) -> 3.0623773e+15 | F12: =IF(C12="","",C12*Inputs!$B$12*1000000) -> 5.038335e+16 | H12: 7 | I12: =IF(I11="","",I11+Inputs!$B$5/Inputs!$B$13*(Inputs!$C$13*(Inputs!$C$28-I11)+Inputs!$D$13*(Reservoir!$H$11-I11)+Inputs!$E$13*(Inputs!$D$28-I11))) -> 1552122.3 | J12: =IF(J11="","",J11+Inputs!$B$5/Inputs!$B$13*(Inputs!$C$13*(Inputs!$C$29-J11)+Inputs!$D$13*(Reservoir!$I$11-J11)+Inputs!$E$13*(Inputs!$D$29-J11))) -> 13376569 | K12: =IF(I12<>0,J12/I12,"") -> 8.6182443 | L12: =IF(I12="","",I12*Inputs!$B$13*1000000) -> 5.432428e+15 | M12: =IF(J12="","",J12*Inputs!$B$13*1000000) -> 4.6817992e+16 | O12: 7 | P12: =IF(P11="","",P11+Inputs!$B$5/Inputs!$B$14*(Inputs!$C$14*(Inputs!$C$28-P11)+Inputs!$D$14*(Reservoir!$H$11-P11)+Inputs!$E$14*(Inputs!$D$28-P11))) -> 1180681.1 | Q12: =IF(Q11="","",Q11+Inputs!$B$5/Inputs!$B$14*(Inputs!$C$14*(Inputs!$C$29-Q11)+Inputs!$D$14*(Reservoir!$I$11-Q11)+Inputs!$E$14*(Inputs!$D$29-Q11))) -> 11290699 | R12: =IF(P12<>0,Q12/P12,"") -> 9.5628695 | S12: =IF(P12="","",P12*Inputs!$B$14*1000000) -> 4.0025088e+15 | T12: =IF(Q12="","",Q12*Inputs!$B$14*1000000) -> 3.8275469e+16 | V12: 7 | W12: =IF(W11="","",W11+Inputs!$B$5/Inputs!$B$15*(Inputs!$C$15*(Inputs!$C$28-W11)+Inputs!$D$15*(Reservoir!$H$11-W11)+Inputs!$E$15*(Inputs!$D$28-W11))) -> 918543.59 | X12: =IF(X11="","",X11+Inputs!$B$5/Inputs!$B$15*(Inputs!$C$15*(Inputs!$C$29-X11)+Inputs!$D$15*(Reservoir!$I$11-X11)+Inputs!$E$15*(Inputs!$D$29-X11))) -> 8038285.7 | Y12: =IF(W12<>0,X12/W12,"") -> 8.7511206 | Z12: =IF(W12="","",W12*Inputs!$B$15*1000000) -> 3.2149026e+15 | AA12: =IF(X12="","",X12*Inputs!$B$15*1000000) -> 2.8134e+16 | AC12: 7 | AD12: =IF(AD11="","",AD11+Inputs!$B$5/Inputs!$B$16*(Inputs!$C$16*(Inputs!$C$28-AD11)+Inputs!$D$16*(Reservoir!$H$11-AD11)+Inputs!$E$16*(Inputs!$D$28-AD11))) -> 1282788.6 | AE12: =IF(AE11="","",AE11+Inputs!$B$5/Inputs!$B$16*(Inputs!$C$16*(Inputs!$C$29-AE11)+Inputs!$D$16*(Reservoir!$I$11-AE11)+Inputs!$E$16*(Inputs!$D$29-AE11))) -> 7515077.8 | AF12: =IF(AD12<>0,AE12/AD12,"") -> 5.8583915 | AG12: =IF(AD12="","",AD12*Inputs!$B$16*1000000) -> 4.48976e+15 | AH12: =IF(AE12="","",AE12*Inputs!$B$16*1000000) -> 2.6302772e+16
A13: 8 | B13: =IF(B12="","",B12+Inputs!$B$5/Inputs!$B$12*(Inputs!$C$12*(Inputs!$C$28-B12)+Inputs!$D$12*(Reservoir!$H$12-B12)+Inputs!$E$12*(Inputs!$D$28-B12))) -> 860902.92 | C13: =IF(C12="","",C12+Inputs!$B$5/Inputs!$B$12*(Inputs!$C$12*(Inputs!$C$29-C12)+Inputs!$D$12*(Reservoir!$I$12-C12)+Inputs!$E$12*(Inputs!$D$29-C12))) -> 14014651 | D13: =IF(B13<>0,C13/B13,"") -> 16.279014 | E13: =IF(B13="","",B13*Inputs!$B$12*1000000) -> 3.0131602e+15 | F13: =IF(C13="","",C13*Inputs!$B$12*1000000) -> 4.9051277e+16 | H13: 8 | I13: =IF(I12="","",I12+Inputs!$B$5/Inputs!$B$13*(Inputs!$C$13*(Inputs!$C$28-I12)+Inputs!$D$13*(Reservoir!$H$12-I12)+Inputs!$E$13*(Inputs!$D$28-I12))) -> 1503235 | J13: =IF(J12="","",J12+Inputs!$B$5/Inputs!$B$13*(Inputs!$C$13*(Inputs!$C$29-J12)+Inputs!$D$13*(Reservoir!$I$12-J12)+Inputs!$E$13*(Inputs!$D$29-J12))) -> 13048366 | K13: =IF(I13<>0,J13/I13,"") -> 8.6801901 | L13: =IF(I13="","",I13*Inputs!$B$13*1000000) -> 5.2613226e+15 | M13: =IF(J13="","",J13*Inputs!$B$13*1000000) -> 4.566928e+16 | O13: 8 | P13: =IF(P12="","",P12+Inputs!$B$5/Inputs!$B$14*(Inputs!$C$14*(Inputs!$C$28-P12)+Inputs!$D$14*(Reservoir!$H$12-P12)+Inputs!$E$14*(Inputs!$D$28-P12))) -> 1152138.5 | Q13: =IF(Q12="","",Q12+Inputs!$B$5/Inputs!$B$14*(Inputs!$C$14*(Inputs!$C$29-Q12)+Inputs!$D$14*(Reservoir!$I$12-Q12)+Inputs!$E$14*(Inputs!$D$29-Q12))) -> 11065223 | R13: =IF(P13<>0,Q13/P13,"") -> 9.6040732 | S13: =IF(P13="","",P13*Inputs!$B$14*1000000) -> 3.9057497e+15 | T13: =IF(Q13="","",Q13*Inputs!$B$14*1000000) -> 3.7511106e+16 | V13: 8 | W13: =IF(W12="","",W12+Inputs!$B$5/Inputs!$B$15*(Inputs!$C$15*(Inputs!$C$28-W12)+Inputs!$D$15*(Reservoir!$H$12-W12)+Inputs!$E$15*(Inputs!$D$28-W12))) -> 910113.61 | X13: =IF(X12="","",X12+Inputs!$B$5/Inputs!$B$15*(Inputs!$C$15*(Inputs!$C$29-X12)+Inputs!$D$15*(Reservoir!$I$12-X12)+Inputs!$E$15*(Inputs!$D$29-X12))) -> 8053522.4 | Y13: =IF(W13<>0,X13/W13,"") -> 8.8489199 | Z13: =IF(W13="","",W13*Inputs!$B$15*1000000) -> 3.1853976e+15 | AA13: =IF(X13="","",X13*Inputs!$B$15*1000000) -> 2.8187328e+16 | AC13: 8 | AD13: =IF(AD12="","",AD12+Inputs!$B$5/Inputs!$B$16*(Inputs!$C$16*(Inputs!$C$28-AD12)+Inputs!$D$16*(Reservoir!$H$12-AD12)+Inputs!$E$16*(Inputs!$D$28-AD12))) -> 1258748.1 | AE13: =IF(AE12="","",AE12+Inputs!$B$5/Inputs!$B$16*(Inputs!$C$16*(Inputs!$C$29-AE12)+Inputs!$D$16*(Reservoir!$I$12-AE12)+Inputs!$E$16*(Inputs!$D$29-AE12))) -> 7552737.6 | AF13: =IF(AD13<>0,AE13/AD13,"") -> 6.0001978 | AG13: =IF(AD13="","",AD13*Inputs!$B$16*1000000) -> 4.4056184e+15 | AH13: =IF(AE13="","",AE13*Inputs!$B$16*1000000) -> 2.6434582e+16
A14: 9 | B14: =IF(B13="","",B13+Inputs!$B$5/Inputs!$B$12*(Inputs!$C$12*(Inputs!$C$28-B13)+Inputs!$D$12*(Reservoir!$H$13-B13)+Inputs!$E$12*(Inputs!$D$28-B13))) -> 846921.75 | C14: =IF(C13="","",C13+Inputs!$B$5/Inputs!$B$12*(Inputs!$C$12*(Inputs!$C$29-C13)+Inputs!$D$12*(Reservoir!$I$13-C13)+Inputs!$E$12*(Inputs!$D$29-C13))) -> 13649100 | D14: =IF(B14<>0,C14/B14,"") -> 16.116128 | E14: =IF(B14="","",B14*Inputs!$B$12*1000000) -> 2.9642261e+15 | F14: =IF(C14="","",C14*Inputs!$B$12*1000000) -> 4.7771849e+16 | H14: 9 | I14: =IF(I13="","",I13+Inputs!$B$5/Inputs!$B$13*(Inputs!$C$13*(Inputs!$C$28-I13)+Inputs!$D$13*(Reservoir!$H$13-I13)+Inputs!$E$13*(Inputs!$D$28-I13))) -> 1456219.6 | J14: =IF(J13="","",J13+Inputs!$B$5/Inputs!$B$13*(Inputs!$C$13*(Inputs!$C$29-J13)+Inputs!$D$13*(Reservoir!$I$13-J13)+Inputs!$E$13*(Inputs!$D$29-J13))) -> 12732510 | K14: =IF(I14<>0,J14/I14,"") -> 8.7435365 | L14: =IF(I14="","",I14*Inputs!$B$13*1000000) -> 5.0967687e+15 | M14: =IF(J14="","",J14*Inputs!$B$13*1000000) -> 4.4563783e+16 | O14: 9 | P14: =IF(P13="","",P13+Inputs!$B$5/Inputs!$B$14*(Inputs!$C$14*(Inputs!$C$28-P13)+Inputs!$D$14*(Reservoir!$H$13-P13)+Inputs!$E$14*(Inputs!$D$28-P13))) -> 1124364.5 | Q14: =IF(Q13="","",Q13+Inputs!$B$5/Inputs!$B$14*(Inputs!$C$14*(Inputs!$C$29-Q13)+Inputs!$D$14*(Reservoir!$I$13-Q13)+Inputs!$E$14*(Inputs!$D$29-Q13))) -> 10846221 | R14: =IF(P14<>0,Q14/P14,"") -> 9.6465343 | S14: =IF(P14="","",P14*Inputs!$B$14*1000000) -> 3.8115957e+15 | T14: =IF(Q14="","",Q14*Inputs!$B$14*1000000) -> 3.6768688e+16 | V14: 9 | W14: =IF(W13="","",W13+Inputs!$B$5/Inputs!$B$15*(Inputs!$C$15*(Inputs!$C$28-W13)+Inputs!$D$15*(Reservoir!$H$13-W13)+Inputs!$E$15*(Inputs!$D$28-W13))) -> 901402.58 | X14: =IF(X13="","",X13+Inputs!$B$5/Inputs!$B$15*(Inputs!$C$15*(Inputs!$C$29-X13)+Inputs!$D$15*(Reservoir!$I$13-X13)+Inputs!$E$15*(Inputs!$D$29-X13))) -> 8063573.9 | Y14: =IF(W14<>0,X14/W14,"") -> 8.9455856 | Z14: =IF(W14="","",W14*Inputs!$B$15*1000000) -> 3.154909e+15 | AA14: =IF(X14="","",X14*Inputs!$B$15*1000000) -> 2.8222509e+16 | AC14: 9 | AD14: =IF(AD13="","",AD13+Inputs!$B$5/Inputs!$B$16*(Inputs!$C$16*(Inputs!$C$28-AD13)+Inputs!$D$16*(Reservoir!$H$13-AD13)+Inputs!$E$16*(Inputs!$D$28-AD13))) -> 1235095.6 | AE14: =IF(AE13="","",AE13+Inputs!$B$5/Inputs!$B$16*(Inputs!$C$16*(Inputs!$C$29-AE13)+Inputs!$D$16*(Reservoir!$I$13-AE13)+Inputs!$E$16*(Inputs!$D$29-AE13))) -> 7584251.4 | AF14: =IF(AD14<>0,AE14/AD14,"") -> 6.1406189 | AG14: =IF(AD14="","",AD14*Inputs!$B$16*1000000) -> 4.3228346e+15 | AH14: =IF(AE14="","",AE14*Inputs!$B$16*1000000) -> 2.654488e+16
A15: 10 | B15: =IF(B14="","",B14+Inputs!$B$5/Inputs!$B$12*(Inputs!$C$12*(Inputs!$C$28-B14)+Inputs!$D$12*(Reservoir!$H$14-B14)+Inputs!$E$12*(Inputs!$D$28-B14))) -> 833031.75 | C15: =IF(C14="","",C14+Inputs!$B$5/Inputs!$B$12*(Inputs!$C$12*(Inputs!$C$29-C14)+Inputs!$D$12*(Reservoir!$I$14-C14)+Inputs!$E$12*(Inputs!$D$29-C14))) -> 13297931 | D15: =IF(B15<>0,C15/B15,"") -> 15.963294 | E15: =IF(B15="","",B15*Inputs!$B$12*1000000) -> 2.9156111e+15 | F15: =IF(C15="","",C15*Inputs!$B$12*1000000) -> 4.6542759e+16 | H15: 10 | I15: =IF(I14="","",I14+Inputs!$B$5/Inputs!$B$13*(Inputs!$C$13*(Inputs!$C$28-I14)+Inputs!$D$13*(Reservoir!$H$14-I14)+Inputs!$E$13*(Inputs!$D$28-I14))) -> 1410994.3 | J15: =IF(J14="","",J14+Inputs!$B$5/Inputs!$B$13*(Inputs!$C$13*(Inputs!$C$29-J14)+Inputs!$D$13*(Reservoir!$I$14-J14)+Inputs!$E$13*(Inputs!$D$29-J14))) -> 12428480 | K15: =IF(I15<>0,J15/I15,"") -> 8.8083132 | L15: =IF(I15="","",I15*Inputs!$B$13*1000000) -> 4.9384801e+15 | M15: =IF(J15="","",J15*Inputs!$B$13*1000000) -> 4.349968e+16 | O15: 10 | P15: =IF(P14="","",P14+Inputs!$B$5/Inputs!$B$14*(Inputs!$C$14*(Inputs!$C$28-P14)+Inputs!$D$14*(Reservoir!$H$14-P14)+Inputs!$E$14*(Inputs!$D$28-P14))) -> 1097336.1 | Q15: =IF(Q14="","",Q14+Inputs!$B$5/Inputs!$B$14*(Inputs!$C$14*(Inputs!$C$29-Q14)+Inputs!$D$14*(Reservoir!$I$14-Q14)+Inputs!$E$14*(Inputs!$D$29-Q14))) -> 10633495 | R15: =IF(P15<>0,Q15/P15,"") -> 9.6902805 | S15: =IF(P15="","",P15*Inputs!$B$14*1000000) -> 3.7199695e+15 | T15: =IF(Q15="","",Q15*Inputs!$B$14*1000000) -> 3.6047548e+16 | V15: 10 | W15: =IF(W14="","",W14+Inputs!$B$5/Inputs!$B$15*(Inputs!$C$15*(Inputs!$C$28-W14)+Inputs!$D$15*(Reservoir!$H$14-W14)+Inputs!$E$15*(Inputs!$D$28-W14))) -> 892437.02 | X15: =IF(X14="","",X14+Inputs!$B$5/Inputs!$B$15*(Inputs!$C$15*(Inputs!$C$29-X14)+Inputs!$D$15*(Reservoir!$I$14-X14)+Inputs!$E$15*(Inputs!$D$29-X14))) -> 8068777.4 | Y15: =IF(W15<>0,X15/W15,"") -> 9.0412849 | Z15: =IF(W15="","",W15*Inputs!$B$15*1000000) -> 3.1235296e+15 | AA15: =IF(X15="","",X15*Inputs!$B$15*1000000) -> 2.8240721e+16 | AC15: 10 | AD15: =IF(AD14="","",AD14+Inputs!$B$5/Inputs!$B$16*(Inputs!$C$16*(Inputs!$C$28-AD14)+Inputs!$D$16*(Reservoir!$H$14-AD14)+Inputs!$E$16*(Inputs!$D$28-AD14))) -> 1211828.9 | AE15: =IF(AE14="","",AE14+Inputs!$B$5/Inputs!$B$16*(Inputs!$C$16*(Inputs!$C$29-AE14)+Inputs!$D$16*(Reservoir!$I$14-AE14)+Inputs!$E$16*(Inputs!$D$29-AE14))) -> 7609997.2 | AF15: =IF(AD15<>0,AE15/AD15,"") -> 6.2797621 | AG15: =IF(AD15="","",AD15*Inputs!$B$16*1000000) -> 4.2414012e+15 | AH15: =IF(AE15="","",AE15*Inputs!$B$16*1000000) -> 2.663499e+16
A16: 11 | B16: =IF(B15="","",B15+Inputs!$B$5/Inputs!$B$12*(Inputs!$C$12*(Inputs!$C$28-B15)+Inputs!$D$12*(Reservoir!$H$15-B15)+Inputs!$E$12*(Inputs!$D$28-B15))) -> 819242.36 | C16: =IF(C15="","",C15+Inputs!$B$5/Inputs!$B$12*(Inputs!$C$12*(Inputs!$C$29-C15)+Inputs!$D$12*(Reservoir!$I$15-C15)+Inputs!$E$12*(Inputs!$D$29-C15))) -> 12960517 | D16: =IF(B16<>0,C16/B16,"") -> 15.820125 | E16: =IF(B16="","",B16*Inputs!$B$12*1000000) -> 2.8673482e+15 | F16: =IF(C16="","",C16*Inputs!$B$12*1000000) -> 4.5361809e+16 | H16: 11 | I16: =IF(I15="","",I15+Inputs!$B$5/Inputs!$B$13*(Inputs!$C$13*(Inputs!$C$28-I15)+Inputs!$D$13*(Reservoir!$H$15-I15)+Inputs!$E$13*(Inputs!$D$28-I15))) -> 1367481.1 | J16: =IF(J15="","",J15+Inputs!$B$5/Inputs!$B$13*(Inputs!$C$13*(Inputs!$C$29-J15)+Inputs!$D$13*(Reservoir!$I$15-J15)+Inputs!$E$13*(Inputs!$D$29-J15))) -> 12135780 | K16: =IF(I16<>0,J16/I16,"") -> 8.8745504 | L16: =IF(I16="","",I16*Inputs!$B$13*1000000) -> 4.786184e+15 | M16: =IF(J16="","",J16*Inputs!$B$13*1000000) -> 4.2475231e+16 | O16: 11 | P16: =IF(P15="","",P15+Inputs!$B$5/Inputs!$B$14*(Inputs!$C$14*(Inputs!$C$28-P15)+Inputs!$D$14*(Reservoir!$H$15-P15)+Inputs!$E$14*(Inputs!$D$28-P15))) -> 1071031.4 | Q16: =IF(Q15="","",Q15+Inputs!$B$5/Inputs!$B$14*(Inputs!$C$14*(Inputs!$C$29-Q15)+Inputs!$D$14*(Reservoir!$I$15-Q15)+Inputs!$E$14*(Inputs!$D$29-Q15))) -> 10426855 | R16: =IF(P16<>0,Q16/P16,"") -> 9.7353397 | S16: =IF(P16="","",P16*Inputs!$B$14*1000000) -> 3.6307965e+15 | T16: =IF(Q16="","",Q16*Inputs!$B$14*1000000) -> 3.5347037e+16 | V16: 11 | W16: =IF(W15="","",W15+Inputs!$B$5/Inputs!$B$15*(Inputs!$C$15*(Inputs!$C$28-W15)+Inputs!$D$15*(Reservoir!$H$15-W15)+Inputs!$E$15*(Inputs!$D$28-W15))) -> 883241.95 | X16: =IF(X15="","",X15+Inputs!$B$5/Inputs!$B$15*(Inputs!$C$15*(Inputs!$C$29-X15)+Inputs!$D$15*(Reservoir!$I$15-X15)+Inputs!$E$15*(Inputs!$D$29-X15))) -> 8069451.9 | Y16: =IF(W16<>0,X16/W16,"") -> 9.1361737 | Z16: =IF(W16="","",W16*Inputs!$B$15*1000000) -> 3.0913468e+15 | AA16: =IF(X16="","",X16*Inputs!$B$15*1000000) -> 2.8243081e+16 | AC16: 11 | AD16: =IF(AD15="","",AD15+Inputs!$B$5/Inputs!$B$16*(Inputs!$C$16*(Inputs!$C$28-AD15)+Inputs!$D$16*(Reservoir!$H$15-AD15)+Inputs!$E$16*(Inputs!$D$28-AD15))) -> 1188945.6 | AE16: =IF(AE15="","",AE15+Inputs!$B$5/Inputs!$B$16*(Inputs!$C$16*(Inputs!$C$29-AE15)+Inputs!$D$16*(Reservoir!$I$15-AE15)+Inputs!$E$16*(Inputs!$D$29-AE15))) -> 7630333.7 | AF16: =IF(AD16<>0,AE16/AD16,"") -> 6.4177315 | AG16: =IF(AD16="","",AD16*Inputs!$B$16*1000000) -> 4.1613097e+15 | AH16: =IF(AE16="","",AE16*Inputs!$B$16*1000000) -> 2.6706168e+16
A17: 12 | B17: =IF(B16="","",B16+Inputs!$B$5/Inputs!$B$12*(Inputs!$C$12*(Inputs!$C$28-B16)+Inputs!$D$12*(Reservoir!$H$16-B16)+Inputs!$E$12*(Inputs!$D$28-B16))) -> 805562.17 | C17: =IF(C16="","",C16+Inputs!$B$5/Inputs!$B$12*(Inputs!$C$12*(Inputs!$C$29-C16)+Inputs!$D$12*(Reservoir!$I$16-C16)+Inputs!$E$12*(Inputs!$D$29-C16))) -> 12636257 | D17: =IF(B17<>0,C17/B17,"") -> 15.68626 | E17: =IF(B17="","",B17*Inputs!$B$12*1000000) -> 2.8194676e+15 | F17: =IF(C17="","",C17*Inputs!$B$12*1000000) -> 4.4226901e+16 | H17: 12 | I17: =IF(I16="","",I16+Inputs!$B$5/Inputs!$B$13*(Inputs!$C$13*(Inputs!$C$28-I16)+Inputs!$D$13*(Reservoir!$H$16-I16)+Inputs!$E$13*(Inputs!$D$28-I16))) -> 1325605.8 | J17: =IF(J16="","",J16+Inputs!$B$5/Inputs!$B$13*(Inputs!$C$13*(Inputs!$C$29-J16)+Inputs!$D$13*(Reservoir!$I$16-J16)+Inputs!$E$13*(Inputs!$D$29-J16))) -> 11853936 | K17: =IF(I17<>0,J17/I17,"") -> 8.9422781 | L17: =IF(I17="","",I17*Inputs!$B$13*1000000) -> 4.6396203e+15 | M17: =IF(J17="","",J17*Inputs!$B$13*1000000) -> 4.1488775e+16 | O17: 12 | P17: =IF(P16="","",P16+Inputs!$B$5/Inputs!$B$14*(Inputs!$C$14*(Inputs!$C$28-P16)+Inputs!$D$14*(Reservoir!$H$16-P16)+Inputs!$E$14*(Inputs!$D$28-P16))) -> 1045429 | Q17: =IF(Q16="","",Q16+Inputs!$B$5/Inputs!$B$14*(Inputs!$C$14*(Inputs!$C$29-Q16)+Inputs!$D$14*(Reservoir!$I$16-Q16)+Inputs!$E$14*(Inputs!$D$29-Q16))) -> 10226114 | R17: =IF(P17<>0,Q17/P17,"") -> 9.7817399 | S17: =IF(P17="","",P17*Inputs!$B$14*1000000) -> 3.5440041e+15 | T17: =IF(Q17="","",Q17*Inputs!$B$14*1000000) -> 3.4666527e+16 | V17: 12 | W17: =IF(W16="","",W16+Inputs!$B$5/Inputs!$B$15*(Inputs!$C$15*(Inputs!$C$28-W16)+Inputs!$D$15*(Reservoir!$H$16-W16)+Inputs!$E$15*(Inputs!$D$28-W16))) -> 873841 | X17: =IF(X16="","",X16+Inputs!$B$5/Inputs!$B$15*(Inputs!$C$15*(Inputs!$C$29-X16)+Inputs!$D$15*(Reservoir!$I$16-X16)+Inputs!$E$15*(Inputs!$D$29-X16))) -> 8065899.7 | Y17: =IF(W17<>0,X17/W17,"") -> 9.2303974 | Z17: =IF(W17="","",W17*Inputs!$B$15*1000000) -> 3.0584435e+15 | AA17: =IF(X17="","",X17*Inputs!$B$15*1000000) -> 2.8230649e+16 | AC17: 12 | AD17: =IF(AD16="","",AD16+Inputs!$B$5/Inputs!$B$16*(Inputs!$C$16*(Inputs!$C$28-AD16)+Inputs!$D$16*(Reservoir!$H$16-AD16)+Inputs!$E$16*(Inputs!$D$28-AD16))) -> 1166443.1 | AE17: =IF(AE16="","",AE16+Inputs!$B$5/Inputs!$B$16*(Inputs!$C$16*(Inputs!$C$29-AE16)+Inputs!$D$16*(Reservoir!$I$16-AE16)+Inputs!$E$16*(Inputs!$D$29-AE16))) -> 7645600.9 | AF17: =IF(AD17<>0,AE17/AD17,"") -> 6.5546284 | AG17: =IF(AD17="","",AD17*Inputs!$B$16*1000000) -> 4.0825508e+15 | AH17: =IF(AE17="","",AE17*Inputs!$B$16*1000000) -> 2.6759603e+16
A18: 13 | B18: =IF(B17="","",B17+Inputs!$B$5/Inputs!$B$12*(Inputs!$C$12*(Inputs!$C$28-B17)+Inputs!$D$12*(Reservoir!$H$17-B17)+Inputs!$E$12*(Inputs!$D$28-B17))) -> 791999.01 | C18: =IF(C17="","",C17+Inputs!$B$5/Inputs!$B$12*(Inputs!$C$12*(Inputs!$C$29-C17)+Inputs!$D$12*(Reservoir!$I$17-C17)+Inputs!$E$12*(Inputs!$D$29-C17))) -> 12324581 | D18: =IF(B18<>0,C18/B18,"") -> 15.56136 | E18: =IF(B18="","",B18*Inputs!$B$12*1000000) -> 2.7719965e+15 | F18: =IF(C18="","",C18*Inputs!$B$12*1000000) -> 4.3136035e+16 | H18: 13 | I18: =IF(I17="","",I17+Inputs!$B$5/Inputs!$B$13*(Inputs!$C$13*(Inputs!$C$28-I17)+Inputs!$D$13*(Reservoir!$H$17-I17)+Inputs!$E$13*(Inputs!$D$28-I17))) -> 1285297.5 | J18: =IF(J17="","",J17+Inputs!$B$5/Inputs!$B$13*(Inputs!$C$13*(Inputs!$C$29-J17)+Inputs!$D$13*(Reservoir!$I$17-J17)+Inputs!$E$13*(Inputs!$D$29-J17))) -> 11582494 | K18: =IF(I18<>0,J18/I18,"") -> 9.011527 | L18: =IF(I18="","",I18*Inputs!$B$13*1000000) -> 4.4985414e+15 | M18: =IF(J18="","",J18*Inputs!$B$13*1000000) -> 4.0538727e+16 | O18: 13 | P18: =IF(P17="","",P17+Inputs!$B$5/Inputs!$B$14*(Inputs!$C$14*(Inputs!$C$28-P17)+Inputs!$D$14*(Reservoir!$H$17-P17)+Inputs!$E$14*(Inputs!$D$28-P17))) -> 1020508.1 | Q18: =IF(Q17="","",Q17+Inputs!$B$5/Inputs!$B$14*(Inputs!$C$14*(Inputs!$C$29-Q17)+Inputs!$D$14*(Reservoir!$I$17-Q17)+Inputs!$E$14*(Inputs!$D$29-Q17))) -> 10031094 | R18: =IF(P18<>0,Q18/P18,"") -> 9.8295095 | S18: =IF(P18="","",P18*Inputs!$B$14*1000000) -> 3.4595225e+15 | T18: =IF(Q18="","",Q18*Inputs!$B$14*1000000) -> 3.400541e+16 | V18: 13 | W18: =IF(W17="","",W17+Inputs!$B$5/Inputs!$B$15*(Inputs!$C$15*(Inputs!$C$28-W17)+Inputs!$D$15*(Reservoir!$H$17-W17)+Inputs!$E$15*(Inputs!$D$28-W17))) -> 864256.43 | X18: =IF(X17="","",X17+Inputs!$B$5/Inputs!$B$15*(Inputs!$C$15*(Inputs!$C$29-X17)+Inputs!$D$15*(Reservoir!$I$17-X17)+Inputs!$E$15*(Inputs!$D$29-X17))) -> 8058406.9 | Y18: =IF(W18<>0,X18/W18,"") -> 9.3240926 | Z18: =IF(W18="","",W18*Inputs!$B$15*1000000) -> 3.0248975e+15 | AA18: =IF(X18="","",X18*Inputs!$B$15*1000000) -> 2.8204424e+16 | AC18: 13 | AD18: =IF(AD17="","",AD17+Inputs!$B$5/Inputs!$B$16*(Inputs!$C$16*(Inputs!$C$28-AD17)+Inputs!$D$16*(Reservoir!$H$17-AD17)+Inputs!$E$16*(Inputs!$D$28-AD17))) -> 1144318.4 | AE18: =IF(AE17="","",AE17+Inputs!$B$5/Inputs!$B$16*(Inputs!$C$16*(Inputs!$C$29-AE17)+Inputs!$D$16*(Reservoir!$I$17-AE17)+Inputs!$E$16*(Inputs!$D$29-AE17))) -> 7656121 | AF18: =IF(AD18<>0,AE18/AD18,"") -> 6.6905512 | AG18: =IF(AD18="","",AD18*Inputs!$B$16*1000000) -> 4.0051145e+15 | AH18: =IF(AE18="","",AE18*Inputs!$B$16*1000000) -> 2.6796423e+16
A19: 14 | B19: =IF(B18="","",B18+Inputs!$B$5/Inputs!$B$12*(Inputs!$C$12*(Inputs!$C$28-B18)+Inputs!$D$12*(Reservoir!$H$18-B18)+Inputs!$E$12*(Inputs!$D$28-B18))) -> 778560 | C19: =IF(C18="","",C18+Inputs!$B$5/Inputs!$B$12*(Inputs!$C$12*(Inputs!$C$29-C18)+Inputs!$D$12*(Reservoir!$I$18-C18)+Inputs!$E$12*(Inputs!$D$29-C18))) -> 12024944 | D19: =IF(B19<>0,C19/B19,"") -> 15.445109 | E19: =IF(B19="","",B19*Inputs!$B$12*1000000) -> 2.72496e+15 | F19: =IF(C19="","",C19*Inputs!$B$12*1000000) -> 4.2087303e+16 | H19: 14 | I19: =IF(I18="","",I18+Inputs!$B$5/Inputs!$B$13*(Inputs!$C$13*(Inputs!$C$28-I18)+Inputs!$D$13*(Reservoir!$H$18-I18)+Inputs!$E$13*(Inputs!$D$28-I18))) -> 1246488.9 | J19: =IF(J18="","",J18+Inputs!$B$5/Inputs!$B$13*(Inputs!$C$13*(Inputs!$C$29-J18)+Inputs!$D$13*(Reservoir!$I$18-J18)+Inputs!$E$13*(Inputs!$D$29-J18))) -> 11321020 | K19: =IF(I19<>0,J19/I19,"") -> 9.0823275 | L19: =IF(I19="","",I19*Inputs!$B$13*1000000) -> 4.3627111e+15 | M19: =IF(J19="","",J19*Inputs!$B$13*1000000) -> 3.9623571e+16 | O19: 14 | P19: =IF(P18="","",P18+Inputs!$B$5/Inputs!$B$14*(Inputs!$C$14*(Inputs!$C$28-P18)+Inputs!$D$14*(Reservoir!$H$18-P18)+Inputs!$E$14*(Inputs!$D$28-P18))) -> 996248.91 | Q19: =IF(Q18="","",Q18+Inputs!$B$5/Inputs!$B$14*(Inputs!$C$14*(Inputs!$C$29-Q18)+Inputs!$D$14*(Reservoir!$I$18-Q18)+Inputs!$E$14*(Inputs!$D$29-Q18))) -> 9841621.1 | R19: =IF(P19<>0,Q19/P19,"") -> 9.878677 | S19: =IF(P19="","",P19*Inputs!$B$14*1000000) -> 3.3772838e+15 | T19: =IF(Q19="","",Q19*Inputs!$B$14*1000000) -> 3.3363096e+16 | V19: 14 | W19: =IF(W18="","",W18+Inputs!$B$5/Inputs!$B$15*(Inputs!$C$15*(Inputs!$C$28-W18)+Inputs!$D$15*(Reservoir!$H$18-W18)+Inputs!$E$15*(Inputs!$D$28-W18))) -> 854509.23 | X19: =IF(X18="","",X18+Inputs!$B$5/Inputs!$B$15*(Inputs!$C$15*(Inputs!$C$29-X18)+Inputs!$D$15*(Reservoir!$I$18-X18)+Inputs!$E$15*(Inputs!$D$29-X18))) -> 8047244.6 | Y19: =IF(W19<>0,X19/W19,"") -> 9.4173876 | Z19: =IF(W19="","",W19*Inputs!$B$15*1000000) -> 2.9907823e+15 | AA19: =IF(X19="","",X19*Inputs!$B$15*1000000) -> 2.8165356e+16 | AC19: 14 | AD19: =IF(AD18="","",AD18+Inputs!$B$5/Inputs!$B$16*(Inputs!$C$16*(Inputs!$C$28-AD18)+Inputs!$D$16*(Reservoir!$H$18-AD18)+Inputs!$E$16*(Inputs!$D$28-AD18))) -> 1122568.6 | AE19: =IF(AE18="","",AE18+Inputs!$B$5/Inputs!$B$16*(Inputs!$C$16*(Inputs!$C$29-AE18)+Inputs!$D$16*(Reservoir!$I$18-AE18)+Inputs!$E$16*(Inputs!$D$29-AE18))) -> 7662199.4 | AF19: =IF(AD19<>0,AE19/AD19,"") -> 6.825596 | AG19: =IF(AD19="","",AD19*Inputs!$B$16*1000000) -> 3.92899e+15 | AH19: =IF(AE19="","",AE19*Inputs!$B$16*1000000) -> 2.6817698e+16
A20: 15 | B20: =IF(B19="","",B19+Inputs!$B$5/Inputs!$B$12*(Inputs!$C$12*(Inputs!$C$28-B19)+Inputs!$D$12*(Reservoir!$H$19-B19)+Inputs!$E$12*(Inputs!$D$28-B19))) -> 765251.54 | C20: =IF(C19="","",C19+Inputs!$B$5/Inputs!$B$12*(Inputs!$C$12*(Inputs!$C$29-C19)+Inputs!$D$12*(Reservoir!$I$19-C19)+Inputs!$E$12*(Inputs!$D$29-C19))) -> 11736824 | D20: =IF(B20<>0,C20/B20,"") -> 15.337211 | E20: =IF(B20="","",B20*Inputs!$B$12*1000000) -> 2.6783804e+15 | F20: =IF(C20="","",C20*Inputs!$B$12*1000000) -> 4.1078885e+16 | H20: 15 | I20: =IF(I19="","",I19+Inputs!$B$5/Inputs!$B$13*(Inputs!$C$13*(Inputs!$C$28-I19)+Inputs!$D$13*(Reservoir!$H$19-I19)+Inputs!$E$13*(Inputs!$D$28-I19))) -> 1209115.5 | J20: =IF(J19="","",J19+Inputs!$B$5/Inputs!$B$13*(Inputs!$C$13*(Inputs!$C$29-J19)+Inputs!$D$13*(Reservoir!$I$19-J19)+Inputs!$E$13*(Inputs!$D$29-J19))) -> 11069103 | K20: =IF(I20<>0,J20/I20,"") -> 9.1547106 | L20: =IF(I20="","",I20*Inputs!$B$13*1000000) -> 4.2319043e+15 | M20: =IF(J20="","",J20*Inputs!$B$13*1000000) -> 3.874186e+16 | O20: 15 | P20: =IF(P19="","",P19+Inputs!$B$5/Inputs!$B$14*(Inputs!$C$14*(Inputs!$C$28-P19)+Inputs!$D$14*(Reservoir!$H$19-P19)+Inputs!$E$14*(Inputs!$D$28-P19))) -> 972631.95 | Q20: =IF(Q19="","",Q19+Inputs!$B$5/Inputs!$B$14*(Inputs!$C$14*(Inputs!$C$29-Q19)+Inputs!$D$14*(Reservoir!$I$19-Q19)+Inputs!$E$14*(Inputs!$D$29-Q19))) -> 9657526.1 | R20: =IF(P20<>0,Q20/P20,"") -> 9.9292709 | S20: =IF(P20="","",P20*Inputs!$B$14*1000000) -> 3.2972223e+15 | T20: =IF(Q20="","",Q20*Inputs!$B$14*1000000) -> 3.2739014e+16 | V20: 15 | W20: =IF(W19="","",W19+Inputs!$B$5/Inputs!$B$15*(Inputs!$C$15*(Inputs!$C$28-W19)+Inputs!$D$15*(Reservoir!$H$19-W19)+Inputs!$E$15*(Inputs!$D$28-W19))) -> 844619.18 | X20: =IF(X19="","",X19+Inputs!$B$5/Inputs!$B$15*(Inputs!$C$15*(Inputs!$C$29-X19)+Inputs!$D$15*(Reservoir!$I$19-X19)+Inputs!$E$15*(Inputs!$D$29-X19))) -> 8032669 | Y20: =IF(W20<>0,X20/W20,"") -> 9.5104033 | Z20: =IF(W20="","",W20*Inputs!$B$15*1000000) -> 2.9561671e+15 | AA20: =IF(X20="","",X20*Inputs!$B$15*1000000) -> 2.8114342e+16 | AC20: 15 | AD20: =IF(AD19="","",AD19+Inputs!$B$5/Inputs!$B$16*(Inputs!$C$16*(Inputs!$C$28-AD19)+Inputs!$D$16*(Reservoir!$H$19-AD19)+Inputs!$E$16*(Inputs!$D$28-AD19))) -> 1101190.3 | AE20: =IF(AE19="","",AE19+Inputs!$B$5/Inputs!$B$16*(Inputs!$C$16*(Inputs!$C$29-AE19)+Inputs!$D$16*(Reservoir!$I$19-AE19)+Inputs!$E$16*(Inputs!$D$29-AE19))) -> 7664125.8 | AF20: =IF(AD20<>0,AE20/AD20,"") -> 6.9598562 | AG20: =IF(AD20="","",AD20*Inputs!$B$16*1000000) -> 3.8541659e+15 | AH20: =IF(AE20="","",AE20*Inputs!$B$16*1000000) -> 2.682444e+16
A21: 16 | B21: =IF(B20="","",B20+Inputs!$B$5/Inputs!$B$12*(Inputs!$C$12*(Inputs!$C$28-B20)+Inputs!$D$12*(Reservoir!$H$20-B20)+Inputs!$E$12*(Inputs!$D$28-B20))) -> 752079.44 | C21: =IF(C20="","",C20+Inputs!$B$5/Inputs!$B$12*(Inputs!$C$12*(Inputs!$C$29-C20)+Inputs!$D$12*(Reservoir!$I$20-C20)+Inputs!$E$12*(Inputs!$D$29-C20))) -> 11459727 | D21: =IF(B21<>0,C21/B21,"") -> 15.237389 | E21: =IF(B21="","",B21*Inputs!$B$12*1000000) -> 2.632278e+15 | F21: =IF(C21="","",C21*Inputs!$B$12*1000000) -> 4.0109045e+16 | H21: 16 | I21: =IF(I20="","",I20+Inputs!$B$5/Inputs!$B$13*(Inputs!$C$13*(Inputs!$C$28-I20)+Inputs!$D$13*(Reservoir!$H$20-I20)+Inputs!$E$13*(Inputs!$D$28-I20))) -> 1173116.1 | J21: =IF(J20="","",J20+Inputs!$B$5/Inputs!$B$13*(Inputs!$C$13*(Inputs!$C$29-J20)+Inputs!$D$13*(Reservoir!$I$20-J20)+Inputs!$E$13*(Inputs!$D$29-J20))) -> 10826346 | K21: =IF(I21<>0,J21/I21,"") -> 9.2287074 | L21: =IF(I21="","",I21*Inputs!$B$13*1000000) -> 4.1059065e+15 | M21: =IF(J21="","",J21*Inputs!$B$13*1000000) -> 3.7892209e+16 | O21: 16 | P21: =IF(P20="","",P20+Inputs!$B$5/Inputs!$B$14*(Inputs!$C$14*(Inputs!$C$28-P20)+Inputs!$D$14*(Reservoir!$H$20-P20)+Inputs!$E$14*(Inputs!$D$28-P20))) -> 949638.51 | Q21: =IF(Q20="","",Q20+Inputs!$B$5/Inputs!$B$14*(Inputs!$C$14*(Inputs!$C$29-Q20)+Inputs!$D$14*(Reservoir!$I$20-Q20)+Inputs!$E$14*(Inputs!$D$29-Q20))) -> 9478646.2 | R21: =IF(P21<>0,Q21/P21,"") -> 9.9813203 | S21: =IF(P21="","",P21*Inputs!$B$14*1000000) -> 3.2192746e+15 | T21: =IF(Q21="","",Q21*Inputs!$B$14*1000000) -> 3.213261e+16 | V21: 16 | W21: =IF(W20="","",W20+Inputs!$B$5/Inputs!$B$15*(Inputs!$C$15*(Inputs!$C$28-W20)+Inputs!$D$15*(Reservoir!$H$20-W20)+Inputs!$E$15*(Inputs!$D$28-W20))) -> 834604.9 | X21: =IF(X20="","",X20+Inputs!$B$5/Inputs!$B$15*(Inputs!$C$15*(Inputs!$C$29-X20)+Inputs!$D$15*(Reservoir!$I$20-X20)+Inputs!$E$15*(Inputs!$D$29-X20))) -> 8014922.7 | Y21: =IF(W21<>0,X21/W21,"") -> 9.6032538 | Z21: =IF(W21="","",W21*Inputs!$B$15*1000000) -> 2.9211172e+15 | AA21: =IF(X21="","",X21*Inputs!$B$15*1000000) -> 2.8052229e+16 | AC21: 16 | AD21: =IF(AD20="","",AD20+Inputs!$B$5/Inputs!$B$16*(Inputs!$C$16*(Inputs!$C$28-AD20)+Inputs!$D$16*(Reservoir!$H$20-AD20)+Inputs!$E$16*(Inputs!$D$28-AD20))) -> 1080180.1 | AE21: =IF(AE20="","",AE20+Inputs!$B$5/Inputs!$B$16*(Inputs!$C$16*(Inputs!$C$29-AE20)+Inputs!$D$16*(Reservoir!$I$20-AE20)+Inputs!$E$16*(Inputs!$D$29-AE20))) -> 7662174.2 | AF21: =IF(AD21<>0,AE21/AD21,"") -> 7.093423 | AG21: =IF(AD21="","",AD21*Inputs!$B$16*1000000) -> 3.7806303e+15 | AH21: =IF(AE21="","",AE21*Inputs!$B$16*1000000) -> 2.681761e+16
A22: 17 | B22: =IF(B21="","",B21+Inputs!$B$5/Inputs!$B$12*(Inputs!$C$12*(Inputs!$C$28-B21)+Inputs!$D$12*(Reservoir!$H$21-B21)+Inputs!$E$12*(Inputs!$D$28-B21))) -> 739048.87 | C22: =IF(C21="","",C21+Inputs!$B$5/Inputs!$B$12*(Inputs!$C$12*(Inputs!$C$29-C21)+Inputs!$D$12*(Reservoir!$I$21-C21)+Inputs!$E$12*(Inputs!$D$29-C21))) -> 11193179 | D22: =IF(B22<>0,C22/B22,"") -> 15.145384 | E22: =IF(B22="","",B22*Inputs!$B$12*1000000) -> 2.5866711e+15 | F22: =IF(C22="","",C22*Inputs!$B$12*1000000) -> 3.9176126e+16 | H22: 17 | I22: =IF(I21="","",I21+Inputs!$B$5/Inputs!$B$13*(Inputs!$C$13*(Inputs!$C$28-I21)+Inputs!$D$13*(Reservoir!$H$21-I21)+Inputs!$E$13*(Inputs!$D$28-I21))) -> 1138432.3 | J22: =IF(J21="","",J21+Inputs!$B$5/Inputs!$B$13*(Inputs!$C$13*(Inputs!$C$29-J21)+Inputs!$D$13*(Reservoir!$I$21-J21)+Inputs!$E$13*(Inputs!$D$29-J21))) -> 10592371 | K22: =IF(I22<>0,J22/I22,"") -> 9.3043492 | L22: =IF(I22="","",I22*Inputs!$B$13*1000000) -> 3.9845129e+15 | M22: =IF(J22="","",J22*Inputs!$B$13*1000000) -> 3.7073299e+16 | O22: 17 | P22: =IF(P21="","",P21+Inputs!$B$5/Inputs!$B$14*(Inputs!$C$14*(Inputs!$C$28-P21)+Inputs!$D$14*(Reservoir!$H$21-P21)+Inputs!$E$14*(Inputs!$D$28-P21))) -> 927250.44 | Q22: =IF(Q21="","",Q21+Inputs!$B$5/Inputs!$B$14*(Inputs!$C$14*(Inputs!$C$29-Q21)+Inputs!$D$14*(Reservoir!$I$21-Q21)+Inputs!$E$14*(Inputs!$D$29-Q21))) -> 9304823 | R22: =IF(P22<>0,Q22/P22,"") -> 10.034854 | S22: =IF(P22="","",P22*Inputs!$B$14*1000000) -> 3.143379e+15 | T22: =IF(Q22="","",Q22*Inputs!$B$14*1000000) -> 3.154335e+16 | V22: 17 | W22: =IF(W21="","",W21+Inputs!$B$5/Inputs!$B$15*(Inputs!$C$15*(Inputs!$C$28-W21)+Inputs!$D$15*(Reservoir!$H$21-W21)+Inputs!$E$15*(Inputs!$D$28-W21))) -> 824483.93 | X22: =IF(X21="","",X21+Inputs!$B$5/Inputs!$B$15*(Inputs!$C$15*(Inputs!$C$29-X21)+Inputs!$D$15*(Reservoir!$I$21-X21)+Inputs!$E$15*(Inputs!$D$29-X21))) -> 7994235.1 | Y22: =IF(W22<>0,X22/W22,"") -> 9.6960472 | Z22: =IF(W22="","",W22*Inputs!$B$15*1000000) -> 2.8856937e+15 | AA22: =IF(X22="","",X22*Inputs!$B$15*1000000) -> 2.7979823e+16 | AC22: 17 | AD22: =IF(AD21="","",AD21+Inputs!$B$5/Inputs!$B$16*(Inputs!$C$16*(Inputs!$C$28-AD21)+Inputs!$D$16*(Reservoir!$H$21-AD21)+Inputs!$E$16*(Inputs!$D$28-AD21))) -> 1059534.5 | AE22: =IF(AE21="","",AE21+Inputs!$B$5/Inputs!$B$16*(Inputs!$C$16*(Inputs!$C$29-AE21)+Inputs!$D$16*(Reservoir!$I$21-AE21)+Inputs!$E$16*(Inputs!$D$29-AE21))) -> 7656604.3 | AF22: =IF(AD22<>0,AE22/AD22,"") -> 7.2263855 | AG22: =IF(AD22="","",AD22*Inputs!$B$16*1000000) -> 3.7083706e+15 | AH22: =IF(AE22="","",AE22*Inputs!$B$16*1000000) -> 2.6798115e+16
A23: 18 | B23: =IF(B22="","",B22+Inputs!$B$5/Inputs!$B$12*(Inputs!$C$12*(Inputs!$C$28-B22)+Inputs!$D$12*(Reservoir!$H$22-B22)+Inputs!$E$12*(Inputs!$D$28-B22))) -> 726164.48 | C23: =IF(C22="","",C22+Inputs!$B$5/Inputs!$B$12*(Inputs!$C$12*(Inputs!$C$29-C22)+Inputs!$D$12*(Reservoir!$I$22-C22)+Inputs!$E$12*(Inputs!$D$29-C22))) -> 10936728 | D23: =IF(B23<>0,C23/B23,"") -> 15.060951 | E23: =IF(B23="","",B23*Inputs!$B$12*1000000) -> 2.5415757e+15 | F23: =IF(C23="","",C23*Inputs!$B$12*1000000) -> 3.8278548e+16 | H23: 18 | I23: =IF(I22="","",I22+Inputs!$B$5/Inputs!$B$13*(Inputs!$C$13*(Inputs!$C$28-I22)+Inputs!$D$13*(Reservoir!$H$22-I22)+Inputs!$E$13*(Inputs!$D$28-I22))) -> 1105008.1 | J23: =IF(J22="","",J22+Inputs!$B$5/Inputs!$B$13*(Inputs!$C$13*(Inputs!$C$29-J22)+Inputs!$D$13*(Reservoir!$I$22-J22)+Inputs!$E$13*(Inputs!$D$29-J22))) -> 10366819 | K23: =IF(I23<>0,J23/I23,"") -> 9.3816673 | L23: =IF(I23="","",I23*Inputs!$B$13*1000000) -> 3.8675285e+15 | M23: =IF(J23="","",J23*Inputs!$B$13*1000000) -> 3.6283866e+16 | O23: 18 | P23: =IF(P22="","",P22+Inputs!$B$5/Inputs!$B$14*(Inputs!$C$14*(Inputs!$C$28-P22)+Inputs!$D$14*(Reservoir!$H$22-P22)+Inputs!$E$14*(Inputs!$D$28-P22))) -> 905450.16 | Q23: =IF(Q22="","",Q22+Inputs!$B$5/Inputs!$B$14*(Inputs!$C$14*(Inputs!$C$29-Q22)+Inputs!$D$14*(Reservoir!$I$22-Q22)+Inputs!$E$14*(Inputs!$D$29-Q22))) -> 9135903.6 | R23: =IF(P23<>0,Q23/P23,"") -> 10.089902 | S23: =IF(P23="","",P23*Inputs!$B$14*1000000) -> 3.069476e+15 | T23: =IF(Q23="","",Q23*Inputs!$B$14*1000000) -> 3.0970713e+16 | V23: 18 | W23: =IF(W22="","",W22+Inputs!$B$5/Inputs!$B$15*(Inputs!$C$15*(Inputs!$C$28-W22)+Inputs!$D$15*(Reservoir!$H$22-W22)+Inputs!$E$15*(Inputs!$D$28-W22))) -> 814272.74 | X23: =IF(X22="","",X22+Inputs!$B$5/Inputs!$B$15*(Inputs!$C$15*(Inputs!$C$29-X22)+Inputs!$D$15*(Reservoir!$I$22-X22)+Inputs!$E$15*(Inputs!$D$29-X22))) -> 7970823.2 | Y23: =IF(W23<>0,X23/W23,"") -> 9.7888862 | Z23: =IF(W23="","",W23*Inputs!$B$15*1000000) -> 2.8499546e+15 | AA23: =IF(X23="","",X23*Inputs!$B$15*1000000) -> 2.7897881e+16 | AC23: 18 | AD23: =IF(AD22="","",AD22+Inputs!$B$5/Inputs!$B$16*(Inputs!$C$16*(Inputs!$C$28-AD22)+Inputs!$D$16*(Reservoir!$H$22-AD22)+Inputs!$E$16*(Inputs!$D$28-AD22))) -> 1039249.7 | AE23: =IF(AE22="","",AE22+Inputs!$B$5/Inputs!$B$16*(Inputs!$C$16*(Inputs!$C$29-AE22)+Inputs!$D$16*(Reservoir!$I$22-AE22)+Inputs!$E$16*(Inputs!$D$29-AE22))) -> 7647662.3 | AF23: =IF(AD23<>0,AE23/AD23,"") -> 7.3588307 | AG23: =IF(AD23="","",AD23*Inputs!$B$16*1000000) -> 3.6373738e+15 | AH23: =IF(AE23="","",AE23*Inputs!$B$16*1000000) -> 2.6766818e+16
A24: 19 | B24: =IF(B23="","",B23+Inputs!$B$5/Inputs!$B$12*(Inputs!$C$12*(Inputs!$C$28-B23)+Inputs!$D$12*(Reservoir!$H$23-B23)+Inputs!$E$12*(Inputs!$D$28-B23))) -> 713430.38 | C24: =IF(C23="","",C23+Inputs!$B$5/Inputs!$B$12*(Inputs!$C$12*(Inputs!$C$29-C23)+Inputs!$D$12*(Reservoir!$I$23-C23)+Inputs!$E$12*(Inputs!$D$29-C23))) -> 10689943 | D24: =IF(B24<>0,C24/B24,"") -> 14.983863 | E24: =IF(B24="","",B24*Inputs!$B$12*1000000) -> 2.4970063e+15 | F24: =IF(C24="","",C24*Inputs!$B$12*1000000) -> 3.7414801e+16 | H24: 19 | I24: =IF(I23="","",I23+Inputs!$B$5/Inputs!$B$13*(Inputs!$C$13*(Inputs!$C$28-I23)+Inputs!$D$13*(Reservoir!$H$23-I23)+Inputs!$E$13*(Inputs!$D$28-I23))) -> 1072790.6 | J24: =IF(J23="","",J23+Inputs!$B$5/Inputs!$B$13*(Inputs!$C$13*(Inputs!$C$29-J23)+Inputs!$D$13*(Reservoir!$I$23-J23)+Inputs!$E$13*(Inputs!$D$29-J23))) -> 10149344 | K24: =IF(I24<>0,J24/I24,"") -> 9.4606937 | L24: =IF(I24="","",I24*Inputs!$B$13*1000000) -> 3.7547673e+15 | M24: =IF(J24="","",J24*Inputs!$B$13*1000000) -> 3.5522703e+16 | O24: 19 | P24: =IF(P23="","",P23+Inputs!$B$5/Inputs!$B$14*(Inputs!$C$14*(Inputs!$C$28-P23)+Inputs!$D$14*(Reservoir!$H$23-P23)+Inputs!$E$14*(Inputs!$D$28-P23))) -> 884220.67 | Q24: =IF(Q23="","",Q23+Inputs!$B$5/Inputs!$B$14*(Inputs!$C$14*(Inputs!$C$29-Q23)+Inputs!$D$14*(Reservoir!$I$23-Q23)+Inputs!$E$14*(Inputs!$D$29-Q23))) -> 8971739.5 | R24: =IF(P24<>0,Q24/P24,"") -> 10.146494 | S24: =IF(P24="","",P24*Inputs!$B$14*1000000) -> 2.9975081e+15 | T24: =IF(Q24="","",Q24*Inputs!$B$14*1000000) -> 3.0414197e+16 | V24: 19 | W24: =IF(W23="","",W23+Inputs!$B$5/Inputs!$B$15*(Inputs!$C$15*(Inputs!$C$28-W23)+Inputs!$D$15*(Reservoir!$H$23-W23)+Inputs!$E$15*(Inputs!$D$28-W23))) -> 803986.83 | X24: =IF(X23="","",X23+Inputs!$B$5/Inputs!$B$15*(Inputs!$C$15*(Inputs!$C$29-X23)+Inputs!$D$15*(Reservoir!$I$23-X23)+Inputs!$E$15*(Inputs!$D$29-X23))) -> 7944892 | Y24: =IF(W24<>0,X24/W24,"") -> 9.8818683 | Z24: =IF(W24="","",W24*Inputs!$B$15*1000000) -> 2.8139539e+15 | AA24: =IF(X24="","",X24*Inputs!$B$15*1000000) -> 2.7807122e+16 | AC24: 19 | AD24: =IF(AD23="","",AD23+Inputs!$B$5/Inputs!$B$16*(Inputs!$C$16*(Inputs!$C$28-AD23)+Inputs!$D$16*(Reservoir!$H$23-AD23)+Inputs!$E$16*(Inputs!$D$28-AD23))) -> 1019321.9 | AE24: =IF(AE23="","",AE23+Inputs!$B$5/Inputs!$B$16*(Inputs!$C$16*(Inputs!$C$29-AE23)+Inputs!$D$16*(Reservoir!$I$23-AE23)+Inputs!$E$16*(Inputs!$D$29-AE23))) -> 7635580.9 | AF24: =IF(AD24<>0,AE24/AD24,"") -> 7.4908437 | AG24: =IF(AD24="","",AD24*Inputs!$B$16*1000000) -> 3.5676266e+15 | AH24: =IF(AE24="","",AE24*Inputs!$B$16*1000000) -> 2.6724533e+16
