Workbook

Sheet 입력값
A1: 혐기소화조 CSTR 혼합-오경보 계산모델: 하수슬러지 108 mL/d + 음식물류폐수 0–40 mL/d
A3: 입력 변수 | E3: 요약
A4: 반응조 유효부피 | B4: 3500 | C4: mL | E4: pH 첫 경보 음식물류폐수 유입량 (mL/d) | F4: =IFERROR(INDEX(시뮬레이션!$A$6:$A$26,MATCH("YES",시뮬레이션!$V$6:$V$26,0)),"없음") -> 6
A5: 초기 반응조 pH | B5: 7.5 | C5: - | E5: Alk 첫 경보 음식물류폐수 유입량 (mL/d) | F5: =IFERROR(INDEX(시뮬레이션!$A$6:$A$26,MATCH("YES",시뮬레이션!$W$6:$W$26,0)),"없음") -> 없음
A6: 초기 반응조 Alk | B6: 3258 | C6: mg/L as CaCO3 | E6: VFA 첫 경보 음식물류폐수 유입량 (mL/d) | F6: =IFERROR(INDEX(시뮬레이션!$A$6:$A$26,MATCH("YES",시뮬레이션!$X$6:$X$26,0)),"없음") -> 30
A7: 초기 반응조 VFA | B7: 1310 | C7: mg/L as HAc | E7: VFA/Alk 첫 경보 음식물류폐수 유입량 (mL/d) | F7: =IFERROR(INDEX(시뮬레이션!$A$6:$A$26,MATCH("YES",시뮬레이션!$Y$6:$Y$26,0)),"없음") -> 0
A8: 하수슬러지 유입량 | B8: 108 | C8: mL/d | E8: 종합 오경보 첫 발생 음식물류폐수 유입량 (mL/d) | F8: =IFERROR(INDEX(시뮬레이션!$A$6:$A$26,MATCH("YES",시뮬레이션!$AA$6:$AA$26,0)),"없음") -> 0
A9: 하수슬러지 pH | B9: 7.5 | C9: - | E9: HPr/HAc 첫 경보 음식물류폐수 유입량 (mL/d) | F9: =IFERROR(INDEX(시뮬레이션!$A$6:$A$26,MATCH("YES",시뮬레이션!$Z$6:$Z$26,0)),"없음") -> 0
A10: 하수슬러지 Alk | B10: 3258 | C10: mg/L as CaCO3 | E10: 핵심 해석
A11: 하수슬러지 VFA | B11: 1310 | C11: mg/L | E11: 하수슬러지 108 mL/d가 항상 유입되는 조건에서, 음식물류폐수 0–40 mL/d 증량 시 총 유입량과 혼합 유입수 조성을 함께 반영합니다.
A12: 하수슬러지 COD | B12: 0 | C12: mg/L, 실제값 입력 필요
A13: 음식물류폐수 pH | B13: 4.3 | C13: -
A14: 음식물류폐수 Alk | B14: 0 | C14: mg/L as CaCO3
A15: 음식물류폐수 VFA | B15: 321400 | C15: mg/L as HAc
A16: 음식물류폐수 COD | B16: 172000 | C16: mg/L
A17: 초기 반응조 HAc | B17: =0.21*1000 -> 210 | C17: mg/L as HAc, 실측값 입력
A18: 초기 반응조 HPr | B18: =0.91725*1000 -> 917.25 | C18: mg/L as HPr, 실측값 입력
A19: 하수슬러지 HAc | B19: =0.2508*1000 -> 250.8 | C19: mg/L as HAc, 실측값 입력
A20: 하수슬러지 HPr | B20: =0.0226*1000 -> 22.6 | C20: mg/L as HPr, 실측값 입력
A21: 음식물류폐수 HAc | B21: =13.235*1000 -> 13235 | C21: mg/L as HAc, 실측값 입력
A22: 음식물류폐수 HPr | B22: =0.51*1000 -> 510 | C22: mg/L as HPr, 실측값 입력
A25: 예시 경보선 (현장별 조정)
A26: pH 하한 | B26: 7 | C26: -
A27: Alk 하한 | B27: 554 | C27: mg/L as CaCO3
A28: VFA 상한 | B28: 4000 | C28: mg/L
A29: VFA/Alk 상한 | B29: 0.4 | C29: -
A30: HPr/HAc 경보 기준 | B30: 1.4 | C30: HPr/HAc ≥ 기준값
A32: 해석 메모
A33: • 미생물 반응은 0으로 두고, CSTR에서 유입·잔류액이 완전혼합되는 경우만 계산합니다.
A34: • 계산은 ① 하수슬러지+음식물류폐수의 혼합 유입수 조성, ② 기존 반응조 액과 1일 유입량의 완전혼합 후 지표로 구성됩니다.
A35: • 하수슬러지 pH/Alk/VFA 기본값은 초기 반응조와 같게 두었습니다. 실제 하수슬러지 유입수 측정값이 있으면 B9–B12를 교체하세요.
A36: • 하수슬러지 COD는 기존 파일에 없어서 0으로 두었습니다. 실제값을 입력하면 OLR이 자동 갱신됩니다.
A37: • pH는 H+ 농도 기반 혼합식입니다. 실제 현장은 탄산염 완충, 해리평형, 생물반응 때문에 차이가 날 수 있습니다.
A38: • B열의 파란색 셀은 사용자가 바꿀 수 있는 입력값입니다.

Sheet 시뮬레이션
A1: 음식물류폐수 0–40 mL/d 증량 + 하수슬러지 108 mL/d 고정 유입 시 순수 혼합 기반 지표 변화
A3: 혼합 후 지표 = 기존 반응조 잔류분 + 하수슬러지 유입분 + 음식물류폐수 유입분; pH는 H+ 기반 혼합
A5: 음식물류폐수 유입량 (mL/d) | B5: 하수슬러지 유입량 (mL/d) | C5: 총 유입량 (mL/d) | D5: FWW/총유입 (-) | E5: 전체 유입비율 (Qtotal/V) | F5: OLR (kg COD/m³·d) | G5: HRT (d) | H5: 혼합 유입수 pH | I5: 혼합 유입수 Alk | J5: 혼합 유입수 VFA | K5: 혼합 후 H+ (상대값) | L5: pH (혼합 후) | M5: Alk (혼합 후) | N5: VFA (혼합 후) | O5: VFA/Alk | P5: 혼합 유입수 HAc | Q5: 혼합 유입수 HPr | R5: 혼합 유입수 HPr/HAc | S5: 혼합 후 HAc | T5: 혼합 후 HPr | U5: 혼합 후 HPr/HAc | V5: pH 경보 | W5: Alk 경보 | X5: VFA 경보 | Y5: VFA/ALK 경보 | Z5: HPr/HAc 경보 | AA5: 종합 오경보? | AB5: pH 기준 | AC5: Alk 기준 | AD5: VFA 기준 | AE5: 비율 기준 | AF5: HPr/HAc 기준 | AG5: 설명
A6: 0 | B6: =입력값!$B$8 -> 108 | C6: =A6+B6 -> 108 | D6: =IFERROR(A6/C6,0) -> 0 | E6: =C6/입력값!$B$4 -> 0.030857143 | F6: =((B6*입력값!$B$12)+(A6*입력값!$B$16))/입력값!$B$4/1000 -> 0 | G6: =IF(C6=0,"N/A",입력값!$B$4/C6) -> 32.407407 | H6: =-LOG10((B6/C6)*10^(-입력값!$B$9)+(A6/C6)*10^(-입력값!$B$13)) -> 7.5 | I6: =(B6*입력값!$B$10+A6*입력값!$B$14)/C6 -> 3258 | J6: =(B6*입력값!$B$11+A6*입력값!$B$15)/C6 -> 1310 | K6: =(1-E6)*10^(-입력값!$B$5)+(B6/입력값!$B$4)*10^(-입력값!$B$9)+(A6/입력값!$B$4)*10^(-입력값!$B$13) -> 3.1622777e-08 | L6: =-LOG10(K6) -> 7.5 | M6: =(1-E6)*입력값!$B$6+(B6/입력값!$B$4)*입력값!$B$10+(A6/입력값!$B$4)*입력값!$B$14 -> 3258 | N6: =(1-E6)*입력값!$B$7+(B6/입력값!$B$4)*입력값!$B$11+(A6/입력값!$B$4)*입력값!$B$15 -> 1310 | O6: =IFERROR(N6/M6,0) -> 0.40208717 | P6: =IFERROR((B6*입력값!$B$19+A6*입력값!$B$21)/C6,"") -> 250.8 | Q6: =IFERROR((B6*입력값!$B$20+A6*입력값!$B$22)/C6,"") -> 22.6 | R6: =IFERROR(Q6/P6,"") -> 0.090111643 | S6: =IFERROR((1-E6)*입력값!$B$17+(B6/입력값!$B$4)*입력값!$B$19+(A6/입력값!$B$4)*입력값!$B$21,"") -> 211.25897 | T6: =IFERROR((1-E6)*입력값!$B$18+(B6/입력값!$B$4)*입력값!$B$20+(A6/입력값!$B$4)*입력값!$B$22,"") -> 889.64366 | U6: =IFERROR(T6/S6,"") -> 4.2111521 | V6: =IF(L6<입력값!$B$26,"YES","") | W6: =IF(M6<입력값!$B$27,"YES","") | X6: =IF(N6>입력값!$B$28,"YES","") | Y6: =IF(O6>입력값!$B$29,"YES","") -> YES | Z6: =IF(AND(ISNUMBER(U6),U6>=입력값!$B$30),"YES","") -> YES | AA6: =IF(COUNTIF(V6:Y6,"YES")+COUNTIF(Z6,"YES")>0,"YES","") -> YES | AB6: =입력값!$B$26 -> 7 | AC6: =입력값!$B$27 -> 554 | AD6: =입력값!$B$28 -> 4000 | AE6: =입력값!$B$29 -> 0.4 | AF6: =입력값!$B$30 -> 1.4 | AG6: =IF(AA6="YES","혼합만으로도 경보 가능","") -> 혼합만으로도 경보 가능
A7: 2 | B7: =입력값!$B$8 -> 108 | C7: =A7+B7 -> 110 | D7: =IFERROR(A7/C7,0) -> 0.018181818 | E7: =C7/입력값!$B$4 -> 0.031428571 | F7: =((B7*입력값!$B$12)+(A7*입력값!$B$16))/입력값!$B$4/1000 -> 0.098285714 | G7: =IF(C7=0,"N/A",입력값!$B$4/C7) -> 31.818182 | H7: =-LOG10((B7/C7)*10^(-입력값!$B$9)+(A7/C7)*10^(-입력값!$B$13)) -> 6.025812 | I7: =(B7*입력값!$B$10+A7*입력값!$B$14)/C7 -> 3198.7636 | J7: =(B7*입력값!$B$11+A7*입력값!$B$15)/C7 -> 7129.8182 | K7: =(1-E7)*10^(-입력값!$B$5)+(B7/입력값!$B$4)*10^(-입력값!$B$9)+(A7/입력값!$B$4)*10^(-입력값!$B$13) -> 6.0243977e-08 | L7: =-LOG10(K7) -> 7.2200864 | M7: =(1-E7)*입력값!$B$6+(B7/입력값!$B$4)*입력값!$B$10+(A7/입력값!$B$4)*입력값!$B$14 -> 3256.1383 | N7: =(1-E7)*입력값!$B$7+(B7/입력값!$B$4)*입력값!$B$11+(A7/입력값!$B$4)*입력값!$B$15 -> 1492.9086 | O7: =IFERROR(N7/M7,0) -> 0.45849053 | P7: =IFERROR((B7*입력값!$B$19+A7*입력값!$B$21)/C7,"") -> 486.87636 | Q7: =IFERROR((B7*입력값!$B$20+A7*입력값!$B$22)/C7,"") -> 31.461818 | R7: =IFERROR(Q7/P7,"") -> 0.064619728 | S7: =IFERROR((1-E7)*입력값!$B$17+(B7/입력값!$B$4)*입력값!$B$19+(A7/입력값!$B$4)*입력값!$B$21,"") -> 218.70183 | T7: =IFERROR((1-E7)*입력값!$B$18+(B7/입력값!$B$4)*입력값!$B$20+(A7/입력값!$B$4)*입력값!$B$22,"") -> 889.41094 | U7: =IFERROR(T7/S7,"") -> 4.0667741 | V7: =IF(L7<입력값!$B$26,"YES","") | W7: =IF(M7<입력값!$B$27,"YES","") | X7: =IF(N7>입력값!$B$28,"YES","") | Y7: =IF(O7>입력값!$B$29,"YES","") -> YES | Z7: =IF(AND(ISNUMBER(U7),U7>=입력값!$B$30),"YES","") -> YES | AA7: =IF(COUNTIF(V7:Y7,"YES")+COUNTIF(Z7,"YES")>0,"YES","") -> YES | AB7: =입력값!$B$26 -> 7 | AC7: =입력값!$B$27 -> 554 | AD7: =입력값!$B$28 -> 4000 | AE7: =입력값!$B$29 -> 0.4 | AF7: =입력값!$B$30 -> 1.4 | AG7: =IF(AA7="YES","혼합만으로도 경보 가능","") -> 혼합만으로도 경보 가능
A8: 4 | B8: =입력값!$B$8 -> 108 | C8: =A8+B8 -> 112 | D8: =IFERROR(A8/C8,0) -> 0.035714286 | E8: =C8/입력값!$B$4 -> 0.032 | F8: =((B8*입력값!$B$12)+(A8*입력값!$B$16))/입력값!$B$4/1000 -> 0.19657143 | G8: =IF(C8=0,"N/A",입력값!$B$4/C8) -> 31.25 | H8: =-LOG10((B8/C8)*10^(-입력값!$B$9)+(A8/C8)*10^(-입력값!$B$13)) -> 5.7398218 | I8: =(B8*입력값!$B$10+A8*입력값!$B$14)/C8 -> 3141.6429 | J8: =(B8*입력값!$B$11+A8*입력값!$B$15)/C8 -> 12741.786 | K8: =(1-E8)*10^(-입력값!$B$5)+(B8/입력값!$B$4)*10^(-입력값!$B$9)+(A8/입력값!$B$4)*10^(-입력값!$B$13) -> 8.8865177e-08 | L8: =-LOG10(K8) -> 7.0512684 | M8: =(1-E8)*입력값!$B$6+(B8/입력값!$B$4)*입력값!$B$10+(A8/입력값!$B$4)*입력값!$B$14 -> 3254.2766 | N8: =(1-E8)*입력값!$B$7+(B8/입력값!$B$4)*입력값!$B$11+(A8/입력값!$B$4)*입력값!$B$15 -> 1675.8171 | O8: =IFERROR(N8/M8,0) -> 0.51495843 | P8: =IFERROR((B8*입력값!$B$19+A8*입력값!$B$21)/C8,"") -> 714.52143 | Q8: =IFERROR((B8*입력값!$B$20+A8*입력값!$B$22)/C8,"") -> 40.007143 | R8: =IFERROR(Q8/P8,"") -> 0.055991523 | S8: =IFERROR((1-E8)*입력값!$B$17+(B8/입력값!$B$4)*입력값!$B$19+(A8/입력값!$B$4)*입력값!$B$21,"") -> 226.14469 | T8: =IFERROR((1-E8)*입력값!$B$18+(B8/입력값!$B$4)*입력값!$B$20+(A8/입력값!$B$4)*입력값!$B$22,"") -> 889.17823 | U8: =IFERROR(T8/S8,"") -> 3.9318997 | V8: =IF(L8<입력값!$B$26,"YES","") | W8: =IF(M8<입력값!$B$27,"YES","") | X8: =IF(N8>입력값!$B$28,"YES","") | Y8: =IF(O8>입력값!$B$29,"YES","") -> YES | Z8: =IF(AND(ISNUMBER(U8),U8>=입력값!$B$30),"YES","") -> YES | AA8: =IF(COUNTIF(V8:Y8,"YES")+COUNTIF(Z8,"YES")>0,"YES","") -> YES | AB8: =입력값!$B$26 -> 7 | AC8: =입력값!$B$27 -> 554 | AD8: =입력값!$B$28 -> 4000 | AE8: =입력값!$B$29 -> 0.4 | AF8: =입력값!$B$30 -> 1.4 | AG8: =IF(AA8="YES","혼합만으로도 경보 가능","") -> 혼합만으로도 경보 가능
A9: 6 | B9: =입력값!$B$8 -> 108 | C9: =A9+B9 -> 114 | D9: =IFERROR(A9/C9,0) -> 0.052631579 | E9: =C9/입력값!$B$4 -> 0.032571429 | F9: =((B9*입력값!$B$12)+(A9*입력값!$B$16))/입력값!$B$4/1000 -> 0.29485714 | G9: =IF(C9=0,"N/A",입력값!$B$4/C9) -> 30.701754 | H9: =-LOG10((B9/C9)*10^(-입력값!$B$9)+(A9/C9)*10^(-입력값!$B$13)) -> 5.573849 | I9: =(B9*입력값!$B$10+A9*입력값!$B$14)/C9 -> 3086.5263 | J9: =(B9*입력값!$B$11+A9*입력값!$B$15)/C9 -> 18156.842 | K9: =(1-E9)*10^(-입력값!$B$5)+(B9/입력값!$B$4)*10^(-입력값!$B$9)+(A9/입력값!$B$4)*10^(-입력값!$B$13) -> 1.1748638e-07 | L9: =-LOG10(K9) -> 6.9300125 | M9: =(1-E9)*입력값!$B$6+(B9/입력값!$B$4)*입력값!$B$10+(A9/입력값!$B$4)*입력값!$B$14 -> 3252.4149 | N9: =(1-E9)*입력값!$B$7+(B9/입력값!$B$4)*입력값!$B$11+(A9/입력값!$B$4)*입력값!$B$15 -> 1858.7257 | O9: =IFERROR(N9/M9,0) -> 0.57149097 | P9: =IFERROR((B9*입력값!$B$19+A9*입력값!$B$21)/C9,"") -> 934.17895 | Q9: =IFERROR((B9*입력값!$B$20+A9*입력값!$B$22)/C9,"") -> 48.252632 | R9: =IFERROR(Q9/P9,"") -> 0.05165245 | S9: =IFERROR((1-E9)*입력값!$B$17+(B9/입력값!$B$4)*입력값!$B$19+(A9/입력값!$B$4)*입력값!$B$21,"") -> 233.58754 | T9: =IFERROR((1-E9)*입력값!$B$18+(B9/입력값!$B$4)*입력값!$B$20+(A9/입력값!$B$4)*입력값!$B$22,"") -> 888.94551 | U9: =IFERROR(T9/S9,"") -> 3.8056204 | V9: =IF(L9<입력값!$B$26,"YES","") -> YES | W9: =IF(M9<입력값!$B$27,"YES","") | X9: =IF(N9>입력값!$B$28,"YES","") | Y9: =IF(O9>입력값!$B$29,"YES","") -> YES | Z9: =IF(AND(ISNUMBER(U9),U9>=입력값!$B$30),"YES","") -> YES | AA9: =IF(COUNTIF(V9:Y9,"YES")+COUNTIF(Z9,"YES")>0,"YES","") -> YES | AB9: =입력값!$B$26 -> 7 | AC9: =입력값!$B$27 -> 554 | AD9: =입력값!$B$28 -> 4000 | AE9: =입력값!$B$29 -> 0.4 | AF9: =입력값!$B$30 -> 1.4 | AG9: =IF(AA9="YES","혼합만으로도 경보 가능","") -> 혼합만으로도 경보 가능
A10: 8 | B10: =입력값!$B$8 -> 108 | C10: =A10+B10 -> 116 | D10: =IFERROR(A10/C10,0) -> 0.068965517 | E10: =C10/입력값!$B$4 -> 0.033142857 | F10: =((B10*입력값!$B$12)+(A10*입력값!$B$16))/입력값!$B$4/1000 -> 0.39314286 | G10: =IF(C10=0,"N/A",입력값!$B$4/C10) -> 30.172414 | H10: =-LOG10((B10/C10)*10^(-입력값!$B$9)+(A10/C10)*10^(-입력값!$B$13)) -> 5.4576844 | I10: =(B10*입력값!$B$10+A10*입력값!$B$14)/C10 -> 3033.3103 | J10: =(B10*입력값!$B$11+A10*입력값!$B$15)/C10 -> 23385.172 | K10: =(1-E10)*10^(-입력값!$B$5)+(B10/입력값!$B$4)*10^(-입력값!$B$9)+(A10/입력값!$B$4)*10^(-입력값!$B$13) -> 1.4610758e-07 | L10: =-LOG10(K10) -> 6.8353273 | M10: =(1-E10)*입력값!$B$6+(B10/입력값!$B$4)*입력값!$B$10+(A10/입력값!$B$4)*입력값!$B$14 -> 3250.5531 | N10: =(1-E10)*입력값!$B$7+(B10/입력값!$B$4)*입력값!$B$11+(A10/입력값!$B$4)*입력값!$B$15 -> 2041.6343 | O10: =IFERROR(N10/M10,0) -> 0.62808827 | P10: =IFERROR((B10*입력값!$B$19+A10*입력값!$B$21)/C10,"") -> 1146.2621 | Q10: =IFERROR((B10*입력값!$B$20+A10*입력값!$B$22)/C10,"") -> 56.213793 | R10: =IFERROR(Q10/P10,"") -> 0.049040961 | S10: =IFERROR((1-E10)*입력값!$B$17+(B10/입력값!$B$4)*입력값!$B$19+(A10/입력값!$B$4)*입력값!$B$21,"") -> 241.0304 | T10: =IFERROR((1-E10)*입력값!$B$18+(B10/입력값!$B$4)*입력값!$B$20+(A10/입력값!$B$4)*입력값!$B$22,"") -> 888.7128 | U10: =IFERROR(T10/S10,"") -> 3.6871399 | V10: =IF(L10<입력값!$B$26,"YES","") -> YES | W10: =IF(M10<입력값!$B$27,"YES","") | X10: =IF(N10>입력값!$B$28,"YES","") | Y10: =IF(O10>입력값!$B$29,"YES","") -> YES | Z10: =IF(AND(ISNUMBER(U10),U10>=입력값!$B$30),"YES","") -> YES | AA10: =IF(COUNTIF(V10:Y10,"YES")+COUNTIF(Z10,"YES")>0,"YES","") -> YES | AB10: =입력값!$B$26 -> 7 | AC10: =입력값!$B$27 -> 554 | AD10: =입력값!$B$28 -> 4000 | AE10: =입력값!$B$29 -> 0.4 | AF10: =입력값!$B$30 -> 1.4 | AG10: =IF(AA10="YES","혼합만으로도 경보 가능","") -> 혼합만으로도 경보 가능
A11: 10 | B11: =입력값!$B$8 -> 108 | C11: =A11+B11 -> 118 | D11: =IFERROR(A11/C11,0) -> 0.084745763 | E11: =C11/입력값!$B$4 -> 0.033714286 | F11: =((B11*입력값!$B$12)+(A11*입력값!$B$16))/입력값!$B$4/1000 -> 0.49142857 | G11: =IF(C11=0,"N/A",입력값!$B$4/C11) -> 29.661017 | H11: =-LOG10((B11/C11)*10^(-입력값!$B$9)+(A11/C11)*10^(-입력값!$B$13)) -> 5.3689326 | I11: =(B11*입력값!$B$10+A11*입력값!$B$14)/C11 -> 2981.8983 | J11: =(B11*입력값!$B$11+A11*입력값!$B$15)/C11 -> 28436.271 | K11: =(1-E11)*10^(-입력값!$B$5)+(B11/입력값!$B$4)*10^(-입력값!$B$9)+(A11/입력값!$B$4)*10^(-입력값!$B$13) -> 1.7472878e-07 | L11: =-LOG10(K11) -> 6.7576356 | M11: =(1-E11)*입력값!$B$6+(B11/입력값!$B$4)*입력값!$B$10+(A11/입력값!$B$4)*입력값!$B$14 -> 3248.6914 | N11: =(1-E11)*입력값!$B$7+(B11/입력값!$B$4)*입력값!$B$11+(A11/입력값!$B$4)*입력값!$B$15 -> 2224.5429 | O11: =IFERROR(N11/M11,0) -> 0.68475043 | P11: =IFERROR((B11*입력값!$B$19+A11*입력값!$B$21)/C11,"") -> 1351.1559 | Q11: =IFERROR((B11*입력값!$B$20+A11*입력값!$B$22)/C11,"") -> 63.905085 | R11: =IFERROR(Q11/P11,"") -> 0.047296602 | S11: =IFERROR((1-E11)*입력값!$B$17+(B11/입력값!$B$4)*입력값!$B$19+(A11/입력값!$B$4)*입력값!$B$21,"") -> 248.47326 | T11: =IFERROR((1-E11)*입력값!$B$18+(B11/입력값!$B$4)*입력값!$B$20+(A11/입력값!$B$4)*입력값!$B$22,"") -> 888.48009 | U11: =IFERROR(T11/S11,"") -> 3.5757574 | V11: =IF(L11<입력값!$B$26,"YES","") -> YES | W11: =IF(M11<입력값!$B$27,"YES","") | X11: =IF(N11>입력값!$B$28,"YES","") | Y11: =IF(O11>입력값!$B$29,"YES","") -> YES | Z11: =IF(AND(ISNUMBER(U11),U11>=입력값!$B$30),"YES","") -> YES | AA11: =IF(COUNTIF(V11:Y11,"YES")+COUNTIF(Z11,"YES")>0,"YES","") -> YES | AB11: =입력값!$B$26 -> 7 | AC11: =입력값!$B$27 -> 554 | AD11: =입력값!$B$28 -> 4000 | AE11: =입력값!$B$29 -> 0.4 | AF11: =입력값!$B$30 -> 1.4 | AG11: =IF(AA11="YES","혼합만으로도 경보 가능","") -> 혼합만으로도 경보 가능
A12: 12 | B12: =입력값!$B$8 -> 108 | C12: =A12+B12 -> 120 | D12: =IFERROR(A12/C12,0) -> 0.1 | E12: =C12/입력값!$B$4 -> 0.034285714 | F12: =((B12*입력값!$B$12)+(A12*입력값!$B$16))/입력값!$B$4/1000 -> 0.58971429 | G12: =IF(C12=0,"N/A",입력값!$B$4/C12) -> 29.166667 | H12: =-LOG10((B12/C12)*10^(-입력값!$B$9)+(A12/C12)*10^(-입력값!$B$13)) -> 5.2975408 | I12: =(B12*입력값!$B$10+A12*입력값!$B$14)/C12 -> 2932.2 | J12: =(B12*입력값!$B$11+A12*입력값!$B$15)/C12 -> 33319 | K12: =(1-E12)*10^(-입력값!$B$5)+(B12/입력값!$B$4)*10^(-입력값!$B$9)+(A12/입력값!$B$4)*10^(-입력값!$B$13) -> 2.0334998e-07 | L12: =-LOG10(K12) -> 6.6917559 | M12: =(1-E12)*입력값!$B$6+(B12/입력값!$B$4)*입력값!$B$10+(A12/입력값!$B$4)*입력값!$B$14 -> 3246.8297 | N12: =(1-E12)*입력값!$B$7+(B12/입력값!$B$4)*입력값!$B$11+(A12/입력값!$B$4)*입력값!$B$15 -> 2407.4514 | O12: =IFERROR(N12/M12,0) -> 0.74147758 | P12: =IFERROR((B12*입력값!$B$19+A12*입력값!$B$21)/C12,"") -> 1549.22 | Q12: =IFERROR((B12*입력값!$B$20+A12*입력값!$B$22)/C12,"") -> 71.34 | R12: =IFERROR(Q12/P12,"") -> 0.046048979 | S12: =IFERROR((1-E12)*입력값!$B$17+(B12/입력값!$B$4)*입력값!$B$19+(A12/입력값!$B$4)*입력값!$B$21,"") -> 255.91611 | T12: =IFERROR((1-E12)*입력값!$B$18+(B12/입력값!$B$4)*입력값!$B$20+(A12/입력값!$B$4)*입력값!$B$22,"") -> 888.24737 | U12: =IFERROR(T12/S12,"") -> 3.4708536 | V12: =IF(L12<입력값!$B$26,"YES","") -> YES | W12: =IF(M12<입력값!$B$27,"YES","") | X12: =IF(N12>입력값!$B$28,"YES","") | Y12: =IF(O12>입력값!$B$29,"YES","") -> YES | Z12: =IF(AND(ISNUMBER(U12),U12>=입력값!$B$30),"YES","") -> YES | AA12: =IF(COUNTIF(V12:Y12,"YES")+COUNTIF(Z12,"YES")>0,"YES","") -> YES | AB12: =입력값!$B$26 -> 7 | AC12: =입력값!$B$27 -> 554 | AD12: =입력값!$B$28 -> 4000 | AE12: =입력값!$B$29 -> 0.4 | AF12: =입력값!$B$30 -> 1.4 | AG12: =IF(AA12="YES","혼합만으로도 경보 가능","") -> 혼합만으로도 경보 가능
A13: 14 | B13: =입력값!$B$8 -> 108 | C13: =A13+B13 -> 122 | D13: =IFERROR(A13/C13,0) -> 0.1147541 | E13: =C13/입력값!$B$4 -> 0.034857143 | F13: =((B13*입력값!$B$12)+(A13*입력값!$B$16))/입력값!$B$4/1000 -> 0.688 | G13: =IF(C13=0,"N/A",입력값!$B$4/C13) -> 28.688525 | H13: =-LOG10((B13/C13)*10^(-입력값!$B$9)+(A13/C13)*10^(-입력값!$B$13)) -> 5.238123 | I13: =(B13*입력값!$B$10+A13*입력값!$B$14)/C13 -> 2884.1311 | J13: =(B13*입력값!$B$11+A13*입력값!$B$15)/C13 -> 38041.639 | K13: =(1-E13)*10^(-입력값!$B$5)+(B13/입력값!$B$4)*10^(-입력값!$B$9)+(A13/입력값!$B$4)*10^(-입력값!$B$13) -> 2.3197118e-07 | L13: =-LOG10(K13) -> 6.634566 | M13: =(1-E13)*입력값!$B$6+(B13/입력값!$B$4)*입력값!$B$10+(A13/입력값!$B$4)*입력값!$B$14 -> 3244.968 | N13: =(1-E13)*입력값!$B$7+(B13/입력값!$B$4)*입력값!$B$11+(A13/입력값!$B$4)*입력값!$B$15 -> 2590.36 | O13: =IFERROR(N13/M13,0) -> 0.79826981 | P13: =IFERROR((B13*입력값!$B$19+A13*입력값!$B$21)/C13,"") -> 1740.7902 | Q13: =IFERROR((B13*입력값!$B$20+A13*입력값!$B$22)/C13,"") -> 78.531148 | R13: =IFERROR(Q13/P13,"") -> 0.045112357 | S13: =IFERROR((1-E13)*입력값!$B$17+(B13/입력값!$B$4)*입력값!$B$19+(A13/입력값!$B$4)*입력값!$B$21,"") -> 263.35897 | T13: =IFERROR((1-E13)*입력값!$B$18+(B13/입력값!$B$4)*입력값!$B$20+(A13/입력값!$B$4)*입력값!$B$22,"") -> 888.01466 | U13: =IFERROR(T13/S13,"") -> 3.3718793 | V13: =IF(L13<입력값!$B$26,"YES","") -> YES | W13: =IF(M13<입력값!$B$27,"YES","") | X13: =IF(N13>입력값!$B$28,"YES","") | Y13: =IF(O13>입력값!$B$29,"YES","") -> YES | Z13: =IF(AND(ISNUMBER(U13),U13>=입력값!$B$30),"YES","") -> YES | AA13: =IF(COUNTIF(V13:Y13,"YES")+COUNTIF(Z13,"YES")>0,"YES","") -> YES | AB13: =입력값!$B$26 -> 7 | AC13: =입력값!$B$27 -> 554 | AD13: =입력값!$B$28 -> 4000 | AE13: =입력값!$B$29 -> 0.4 | AF13: =입력값!$B$30 -> 1.4 | AG13: =IF(AA13="YES","혼합만으로도 경보 가능","") -> 혼합만으로도 경보 가능
A14: 16 | B14: =입력값!$B$8 -> 108 | C14: =A14+B14 -> 124 | D14: =IFERROR(A14/C14,0) -> 0.12903226 | E14: =C14/입력값!$B$4 -> 0.035428571 | F14: =((B14*입력값!$B$12)+(A14*입력값!$B$16))/입력값!$B$4/1000 -> 0.78628571 | G14: =IF(C14=0,"N/A",입력값!$B$4/C14) -> 28.225806 | H14: =-LOG10((B14/C14)*10^(-입력값!$B$9)+(A14/C14)*10^(-입력값!$B$13)) -> 5.187456 | I14: =(B14*입력값!$B$10+A14*입력값!$B$14)/C14 -> 2837.6129 | J14: =(B14*입력값!$B$11+A14*입력값!$B$15)/C14 -> 42611.935 | K14: =(1-E14)*10^(-입력값!$B$5)+(B14/입력값!$B$4)*10^(-입력값!$B$9)+(A14/입력값!$B$4)*10^(-입력값!$B$13) -> 2.6059238e-07 | L14: =-LOG10(K14) -> 6.5840383 | M14: =(1-E14)*입력값!$B$6+(B14/입력값!$B$4)*입력값!$B$10+(A14/입력값!$B$4)*입력값!$B$14 -> 3243.1063 | N14: =(1-E14)*입력값!$B$7+(B14/입력값!$B$4)*입력값!$B$11+(A14/입력값!$B$4)*입력값!$B$15 -> 2773.2686 | O14: =IFERROR(N14/M14,0) -> 0.85512725 | P14: =IFERROR((B14*입력값!$B$19+A14*입력값!$B$21)/C14,"") -> 1926.1806 | Q14: =IFERROR((B14*입력값!$B$20+A14*입력값!$B$22)/C14,"") -> 85.490323 | R14: =IFERROR(Q14/P14,"") -> 0.044383336 | S14: =IFERROR((1-E14)*입력값!$B$17+(B14/입력값!$B$4)*입력값!$B$19+(A14/입력값!$B$4)*입력값!$B$21,"") -> 270.80183 | T14: =IFERROR((1-E14)*입력값!$B$18+(B14/입력값!$B$4)*입력값!$B$20+(A14/입력값!$B$4)*입력값!$B$22,"") -> 887.78194 | U14: =IFERROR(T14/S14,"") -> 3.2783455 | V14: =IF(L14<입력값!$B$26,"YES","") -> YES | W14: =IF(M14<입력값!$B$27,"YES","") | X14: =IF(N14>입력값!$B$28,"YES","") | Y14: =IF(O14>입력값!$B$29,"YES","") -> YES | Z14: =IF(AND(ISNUMBER(U14),U14>=입력값!$B$30),"YES","") -> YES | AA14: =IF(COUNTIF(V14:Y14,"YES")+COUNTIF(Z14,"YES")>0,"YES","") -> YES | AB14: =입력값!$B$26 -> 7 | AC14: =입력값!$B$27 -> 554 | AD14: =입력값!$B$28 -> 4000 | AE14: =입력값!$B$29 -> 0.4 | AF14: =입력값!$B$30 -> 1.4 | AG14: =IF(AA14="YES","혼합만으로도 경보 가능","") -> 혼합만으로도 경보 가능
A15: 18 | B15: =입력값!$B$8 -> 108 | C15: =A15+B15 -> 126 | D15: =IFERROR(A15/C15,0) -> 0.14285714 | E15: =C15/입력값!$B$4 -> 0.036 | F15: =((B15*입력값!$B$12)+(A15*입력값!$B$16))/입력값!$B$4/1000 -> 0.88457143 | G15: =IF(C15=0,"N/A",입력값!$B$4/C15) -> 27.777778 | H15: =-LOG10((B15/C15)*10^(-입력값!$B$9)+(A15/C15)*10^(-입력값!$B$13)) -> 5.143457 | I15: =(B15*입력값!$B$10+A15*입력값!$B$14)/C15 -> 2792.5714 | J15: =(B15*입력값!$B$11+A15*입력값!$B$15)/C15 -> 47037.143 | K15: =(1-E15)*10^(-입력값!$B$5)+(B15/입력값!$B$4)*10^(-입력값!$B$9)+(A15/입력값!$B$4)*10^(-입력값!$B$13) -> 2.8921358e-07 | L15: =-LOG10(K15) -> 6.5387813 | M15: =(1-E15)*입력값!$B$6+(B15/입력값!$B$4)*입력값!$B$10+(A15/입력값!$B$4)*입력값!$B$14 -> 3241.2446 | N15: =(1-E15)*입력값!$B$7+(B15/입력값!$B$4)*입력값!$B$11+(A15/입력값!$B$4)*입력값!$B$15 -> 2956.1771 | O15: =IFERROR(N15/M15,0) -> 0.91205001 | P15: =IFERROR((B15*입력값!$B$19+A15*입력값!$B$21)/C15,"") -> 2105.6857 | Q15: =IFERROR((B15*입력값!$B$20+A15*입력값!$B$22)/C15,"") -> 92.228571 | R15: =IFERROR(Q15/P15,"") -> 0.04379978 | S15: =IFERROR((1-E15)*입력값!$B$17+(B15/입력값!$B$4)*입력값!$B$19+(A15/입력값!$B$4)*입력값!$B$21,"") -> 278.24469 | T15: =IFERROR((1-E15)*입력값!$B$18+(B15/입력값!$B$4)*입력값!$B$20+(A15/입력값!$B$4)*입력값!$B$22,"") -> 887.54923 | U15: =IFERROR(T15/S15,"") -> 3.1898156 | V15: =IF(L15<입력값!$B$26,"YES","") -> YES | W15: =IF(M15<입력값!$B$27,"YES","") | X15: =IF(N15>입력값!$B$28,"YES","") | Y15: =IF(O15>입력값!$B$29,"YES","") -> YES | Z15: =IF(AND(ISNUMBER(U15),U15>=입력값!$B$30),"YES","") -> YES | AA15: =IF(COUNTIF(V15:Y15,"YES")+COUNTIF(Z15,"YES")>0,"YES","") -> YES | AB15: =입력값!$B$26 -> 7 | AC15: =입력값!$B$27 -> 554 | AD15: =입력값!$B$28 -> 4000 | AE15: =입력값!$B$29 -> 0.4 | AF15: =입력값!$B$30 -> 1.4 | AG15: =IF(AA15="YES","혼합만으로도 경보 가능","") -> 혼합만으로도 경보 가능
A16: 20 | B16: =입력값!$B$8 -> 108 | C16: =A16+B16 -> 128 | D16: =IFERROR(A16/C16,0) -> 0.15625 | E16: =C16/입력값!$B$4 -> 0.036571429 | F16: =((B16*입력값!$B$12)+(A16*입력값!$B$16))/입력값!$B$4/1000 -> 0.98285714 | G16: =IF(C16=0,"N/A",입력값!$B$4/C16) -> 27.34375 | H16: =-LOG10((B16/C16)*10^(-입력값!$B$9)+(A16/C16)*10^(-입력값!$B$13)) -> 5.1047028 | I16: =(B16*입력값!$B$10+A16*입력값!$B$14)/C16 -> 2748.9375 | J16: =(B16*입력값!$B$11+A16*입력값!$B$15)/C16 -> 51324.062 | K16: =(1-E16)*10^(-입력값!$B$5)+(B16/입력값!$B$4)*10^(-입력값!$B$9)+(A16/입력값!$B$4)*10^(-입력값!$B$13) -> 3.1783478e-07 | L16: =-LOG10(K16) -> 6.4977986 | M16: =(1-E16)*입력값!$B$6+(B16/입력값!$B$4)*입력값!$B$10+(A16/입력값!$B$4)*입력값!$B$14 -> 3239.3829 | N16: =(1-E16)*입력값!$B$7+(B16/입력값!$B$4)*입력값!$B$11+(A16/입력값!$B$4)*입력값!$B$15 -> 3139.0857 | O16: =IFERROR(N16/M16,0) -> 0.96903819 | P16: =IFERROR((B16*입력값!$B$19+A16*입력값!$B$21)/C16,"") -> 2279.5813 | Q16: =IFERROR((B16*입력값!$B$20+A16*입력값!$B$22)/C16,"") -> 98.75625 | R16: =IFERROR(Q16/P16,"") -> 0.043322101 | S16: =IFERROR((1-E16)*입력값!$B$17+(B16/입력값!$B$4)*입력값!$B$19+(A16/입력값!$B$4)*입력값!$B$21,"") -> 285.68754 | T16: =IFERROR((1-E16)*입력값!$B$18+(B16/입력값!$B$4)*입력값!$B$20+(A16/입력값!$B$4)*입력값!$B$22,"") -> 887.31651 | U16: =IFERROR(T16/S16,"") -> 3.1058985 | V16: =IF(L16<입력값!$B$26,"YES","") -> YES | W16: =IF(M16<입력값!$B$27,"YES","") | X16: =IF(N16>입력값!$B$28,"YES","") | Y16: =IF(O16>입력값!$B$29,"YES","") -> YES | Z16: =IF(AND(ISNUMBER(U16),U16>=입력값!$B$30),"YES","") -> YES | AA16: =IF(COUNTIF(V16:Y16,"YES")+COUNTIF(Z16,"YES")>0,"YES","") -> YES | AB16: =입력값!$B$26 -> 7 | AC16: =입력값!$B$27 -> 554 | AD16: =입력값!$B$28 -> 4000 | AE16: =입력값!$B$29 -> 0.4 | AF16: =입력값!$B$30 -> 1.4 | AG16: =IF(AA16="YES","혼합만으로도 경보 가능","") -> 혼합만으로도 경보 가능
A17: 22 | B17: =입력값!$B$8 -> 108 | C17: =A17+B17 -> 130 | D17: =IFERROR(A17/C17,0) -> 0.16923077 | E17: =C17/입력값!$B$4 -> 0.037142857 | F17: =((B17*입력값!$B$12)+(A17*입력값!$B$16))/입력값!$B$4/1000 -> 1.0811429 | G17: =IF(C17=0,"N/A",입력값!$B$4/C17) -> 26.923077 | H17: =-LOG10((B17/C17)*10^(-입력값!$B$9)+(A17/C17)*10^(-입력값!$B$13)) -> 5.0701776 | I17: =(B17*입력값!$B$10+A17*입력값!$B$14)/C17 -> 2706.6462 | J17: =(B17*입력값!$B$11+A17*입력값!$B$15)/C17 -> 55479.077 | K17: =(1-E17)*10^(-입력값!$B$5)+(B17/입력값!$B$4)*10^(-입력값!$B$9)+(A17/입력값!$B$4)*10^(-입력값!$B$13) -> 3.4645598e-07 | L17: =-LOG10(K17) -> 6.4603519 | M17: =(1-E17)*입력값!$B$6+(B17/입력값!$B$4)*입력값!$B$10+(A17/입력값!$B$4)*입력값!$B$14 -> 3237.5211 | N17: =(1-E17)*입력값!$B$7+(B17/입력값!$B$4)*입력값!$B$11+(A17/입력값!$B$4)*입력값!$B$15 -> 3321.9943 | O17: =IFERROR(N17/M17,0) -> 1.0260919 | P17: =IFERROR((B17*입력값!$B$19+A17*입력값!$B$21)/C17,"") -> 2448.1262 | Q17: =IFERROR((B17*입력값!$B$20+A17*입력값!$B$22)/C17,"") -> 105.08308 | R17: =IFERROR(Q17/P17,"") -> 0.042923881 | S17: =IFERROR((1-E17)*입력값!$B$17+(B17/입력값!$B$4)*입력값!$B$19+(A17/입력값!$B$4)*입력값!$B$21,"") -> 293.1304 | T17: =IFERROR((1-E17)*입력값!$B$18+(B17/입력값!$B$4)*입력값!$B$20+(A17/입력값!$B$4)*입력값!$B$22,"") -> 887.0838 | U17: =IFERROR(T17/S17,"") -> 3.0262429 | V17: =IF(L17<입력값!$B$26,"YES","") -> YES | W17: =IF(M17<입력값!$B$27,"YES","") | X17: =IF(N17>입력값!$B$28,"YES","") | Y17: =IF(O17>입력값!$B$29,"YES","") -> YES | Z17: =IF(AND(ISNUMBER(U17),U17>=입력값!$B$30),"YES","") -> YES | AA17: =IF(COUNTIF(V17:Y17,"YES")+COUNTIF(Z17,"YES")>0,"YES","") -> YES | AB17: =입력값!$B$26 -> 7 | AC17: =입력값!$B$27 -> 554 | AD17: =입력값!$B$28 -> 4000 | AE17: =입력값!$B$29 -> 0.4 | AF17: =입력값!$B$30 -> 1.4 | AG17: =IF(AA17="YES","혼합만으로도 경보 가능","") -> 혼합만으로도 경보 가능
... A26: 40 | B26: =입력값!$B$8 -> 108 | C26: =A26+B26 -> 148 | D26: =IFERROR(A26/C26,0) -> 0.27027027 | E26: =C26/입력값!$B$4 -> 0.042285714 | F26: =((B26*입력값!$B$12)+(A26*입력값!$B$16))/입력값!$B$4/1000 -> 1.9657143 | G26: =IF(C26=0,"N/A",입력값!$B$4/C26) -> 23.648649 | H26: =-LOG10((B26/C26)*10^(-입력값!$B$9)+(A26/C26)*10^(-입력값!$B$13)) -> 4.8674625 | I26: =(B26*입력값!$B$10+A26*입력값!$B$14)/C26 -> 2377.4595 | J26: =(B26*입력값!$B$11+A26*입력값!$B$15)/C26 -> 87820.811 | K26: =(1-E26)*10^(-입력값!$B$5)+(B26/입력값!$B$4)*10^(-입력값!$B$9)+(A26/입력값!$B$4)*10^(-입력값!$B$13) -> 6.0404678e-07 | L26: =-LOG10(K26) -> 6.2189294 | M26: =(1-E26)*입력값!$B$6+(B26/입력값!$B$4)*입력값!$B$10+(A26/입력값!$B$4)*입력값!$B$14 -> 3220.7657 | N26: =(1-E26)*입력값!$B$7+(B26/입력값!$B$4)*입력값!$B$11+(A26/입력값!$B$4)*입력값!$B$15 -> 4968.1714 | O26: =IFERROR(N26/M26,0) -> 1.5425436 | P26: =IFERROR((B26*입력값!$B$19+A26*입력값!$B$21)/C26,"") -> 3760.0432 | Q26: =IFERROR((B26*입력값!$B$20+A26*입력값!$B$22)/C26,"") -> 154.32973 | R26: =IFERROR(Q26/P26,"") -> 0.041044669 | S26: =IFERROR((1-E26)*입력값!$B$17+(B26/입력값!$B$4)*입력값!$B$19+(A26/입력값!$B$4)*입력값!$B$21,"") -> 360.11611 | T26: =IFERROR((1-E26)*입력값!$B$18+(B26/입력값!$B$4)*입력값!$B$20+(A26/입력값!$B$4)*입력값!$B$22,"") -> 884.98937 | U26: =IFERROR(T26/S26,"") -> 2.4575112 | V26: =IF(L26<입력값!$B$26,"YES","") -> YES | W26: =IF(M26<입력값!$B$27,"YES","") | X26: =IF(N26>입력값!$B$28,"YES","") -> YES | Y26: =IF(O26>입력값!$B$29,"YES","") -> YES | Z26: =IF(AND(ISNUMBER(U26),U26>=입력값!$B$30),"YES","") -> YES | AA26: =IF(COUNTIF(V26:Y26,"YES")+COUNTIF(Z26,"YES")>0,"YES","") -> YES | AB26: =입력값!$B$26 -> 7 | AC26: =입력값!$B$27 -> 554 | AD26: =입력값!$B$28 -> 4000 | AE26: =입력값!$B$29 -> 0.4 | AF26: =입력값!$B$30 -> 1.4 | AG26: =IF(AA26="YES","혼합만으로도 경보 가능","") -> 혼합만으로도 경보 가능

Sheet 차트데이터
A1: 차트용 데이터
A3: FWW (mL/d) | B3: pH after mixing | C3: VFA/Alk | D3: H_Pr/H_Ac | E3: HRT (d) | F3: OLR | G3: HPr/HAc 기준
A4: =시뮬레이션!A6 -> 0 | B4: =시뮬레이션!L6 -> 7.5 | C4: =시뮬레이션!O6 -> 0.40208717 | D4: =시뮬레이션!U6 -> 4.2111521 | E4: =시뮬레이션!G6 -> 32.407407 | F4: =시뮬레이션!F6 -> 0 | G4: =시뮬레이션!AF6 -> 1.4
A5: =시뮬레이션!A7 -> 2 | B5: =시뮬레이션!L7 -> 7.2200864 | C5: =시뮬레이션!O7 -> 0.45849053 | D5: =시뮬레이션!U7 -> 4.0667741 | E5: =시뮬레이션!G7 -> 31.818182 | F5: =시뮬레이션!F7 -> 0.098285714 | G5: =시뮬레이션!AF7 -> 1.4
A6: =시뮬레이션!A8 -> 4 | B6: =시뮬레이션!L8 -> 7.0512684 | C6: =시뮬레이션!O8 -> 0.51495843 | D6: =시뮬레이션!U8 -> 3.9318997 | E6: =시뮬레이션!G8 -> 31.25 | F6: =시뮬레이션!F8 -> 0.19657143 | G6: =시뮬레이션!AF8 -> 1.4
A7: =시뮬레이션!A9 -> 6 | B7: =시뮬레이션!L9 -> 6.9300125 | C7: =시뮬레이션!O9 -> 0.57149097 | D7: =시뮬레이션!U9 -> 3.8056204 | E7: =시뮬레이션!G9 -> 30.701754 | F7: =시뮬레이션!F9 -> 0.29485714 | G7: =시뮬레이션!AF9 -> 1.4
A8: =시뮬레이션!A10 -> 8 | B8: =시뮬레이션!L10 -> 6.8353273 | C8: =시뮬레이션!O10 -> 0.62808827 | D8: =시뮬레이션!U10 -> 3.6871399 | E8: =시뮬레이션!G10 -> 30.172414 | F8: =시뮬레이션!F10 -> 0.39314286 | G8: =시뮬레이션!AF10 -> 1.4
A9: =시뮬레이션!A11 -> 10 | B9: =시뮬레이션!L11 -> 6.7576356 | C9: =시뮬레이션!O11 -> 0.68475043 | D9: =시뮬레이션!U11 -> 3.5757574 | E9: =시뮬레이션!G11 -> 29.661017 | F9: =시뮬레이션!F11 -> 0.49142857 | G9: =시뮬레이션!AF11 -> 1.4
A10: =시뮬레이션!A12 -> 12 | B10: =시뮬레이션!L12 -> 6.6917559 | C10: =시뮬레이션!O12 -> 0.74147758 | D10: =시뮬레이션!U12 -> 3.4708536 | E10: =시뮬레이션!G12 -> 29.166667 | F10: =시뮬레이션!F12 -> 0.58971429 | G10: =시뮬레이션!AF12 -> 1.4
A11: =시뮬레이션!A13 -> 14 | B11: =시뮬레이션!L13 -> 6.634566 | C11: =시뮬레이션!O13 -> 0.79826981 | D11: =시뮬레이션!U13 -> 3.3718793 | E11: =시뮬레이션!G13 -> 28.688525 | F11: =시뮬레이션!F13 -> 0.688 | G11: =시뮬레이션!AF13 -> 1.4
A12: =시뮬레이션!A14 -> 16 | B12: =시뮬레이션!L14 -> 6.5840383 | C12: =시뮬레이션!O14 -> 0.85512725 | D12: =시뮬레이션!U14 -> 3.2783455 | E12: =시뮬레이션!G14 -> 28.225806 | F12: =시뮬레이션!F14 -> 0.78628571 | G12: =시뮬레이션!AF14 -> 1.4
A13: =시뮬레이션!A15 -> 18 | B13: =시뮬레이션!L15 -> 6.5387813 | C13: =시뮬레이션!O15 -> 0.91205001 | D13: =시뮬레이션!U15 -> 3.1898156 | E13: =시뮬레이션!G15 -> 27.777778 | F13: =시뮬레이션!F15 -> 0.88457143 | G13: =시뮬레이션!AF15 -> 1.4
A14: =시뮬레이션!A16 -> 20 | B14: =시뮬레이션!L16 -> 6.4977986 | C14: =시뮬레이션!O16 -> 0.96903819 | D14: =시뮬레이션!U16 -> 3.1058985 | E14: =시뮬레이션!G16 -> 27.34375 | F14: =시뮬레이션!F16 -> 0.98285714 | G14: =시뮬레이션!AF16 -> 1.4
A15: =시뮬레이션!A17 -> 22 | B15: =시뮬레이션!L17 -> 6.4603519 | C15: =시뮬레이션!O17 -> 1.0260919 | D15: =시뮬레이션!U17 -> 3.0262429 | E15: =시뮬레이션!G17 -> 26.923077 | F15: =시뮬레이션!F17 -> 1.0811429 | G15: =시뮬레이션!AF17 -> 1.4
... A24: =시뮬레이션!A26 -> 40 | B24: =시뮬레이션!L26 -> 6.2189294 | C24: =시뮬레이션!O26 -> 1.5425436 | D24: =시뮬레이션!U26 -> 2.4575112 | E24: =시뮬레이션!G26 -> 23.648649 | F24: =시뮬레이션!F26 -> 1.9657143 | G24: =시뮬레이션!AF26 -> 1.4
A29: 이 시트는 pH, VFA/Alk, HRT, OLR 그래프 작성을 위한 요약 데이터를 제공합니다.

Sheet NOTE
B2: Indicator | C2: 문헌상 안정/경고/불안정 수치 | D2: 해석
B3: Propionic acid / Acetic acid ratio 또는 HPr/HAc | C3: > 1.4 = anaerobic digestion failure / methanogenesis inhibition 지표 | D3: Rubio et al.은 Hill et al.을 인용해 “acetic acid >800 mg/L 또는 HPr/HAc >1.4가 AD failure를 의미”한다고 정리했고, 실제 실험에서도 HPr/HAc가 1.4 이상, 최대 8.2, 이후 7.6 수준으로 유지될 때 propionic acid 축적과 methanogenesis inhibition을 해석함. 안정화 후에는 0.02까지 감소.
B4: VFA/ALK, TVFA/Alkalinity, VFA/TA | C4: <0.1 = 안정, ~0.4 = 안정성 저하 경고, ~0.5 이상 = 불안정, 1.0 이상 = 심각한 산성화/overload 가능성 | D4: Su et al.은 안정 운전 중 VFAs/alkalinity가 0.4 이하였고, 0.4를 threshold로 제시함. Rubio et al.은 total VFA/alkalinity가 약 0.5일 때 instability를 의미한다고 정리했고, 안정화 후에는 <0.1로 유지됨. Li et al.에서는 TVFA/alkalinity가 1.12까지 상승한 조건에서 pH 저하와 산성화가 발생.
B5: Alkalinity 단독 | C5: TA >3000 mg CaCO₃/L = 충분한 완충능 기준, BA 약 554 mg CaCO₃/L까지 감소 시 acidification 관찰 | D5: Díaz-Castro et al.의 characterization table에서 inoculum/substrate quality criterion으로 TA >3000 mg CaCO₃/L가 제시됨. Sun et al.에서는 bicarbonate alkalinity가 평균 9275 mg CaCO₃/L일 때 VFA가 증가해도 pH가 유지되었지만, glucose overload 후 BA = 554 mg CaCO₃/L까지 감소하면서 pH가 6.24로 떨어져 acidification이 발생함. 단, alkalinity 단독은 VFA 축적과 함께 해석해야 함.
B6: TVFA 단독 | C6: 1.5–3.0 g/L = 일반적 warning threshold, >5 g/L = instability, >6 g/L = inhibition 가능, 10–22 g/L = 명확한 산성화/심각한 불안정 사례 | D6: Wu et al. review에서는 TVFA threshold가 보통 1500–3000 mg/L 범위로 보고된다고 정리하지만, plant-specific이라고 경고함. Shin et al.은 demo-scale FWL AD에서 instability를 TVFA >5 g/L and/or decreasing pH, stability를 TVFA <3 g/L with stable pH로 정의했고, 실제 불안정 시 13.6 g/L까지 축적됨. Rubio et al.은 TVFA 10.337 g/L as HAc가 inhibition을 의미하며, 기존 문헌의 6 g/L inhibitory level보다 높다고 해석함. Sun et al.에서는 21.718 g HAc/L까지 축적되며 pH 6.24 acidification이 발생함.
