Workbook

Sheet Inputs
A1: 혐기소화조 혼합-오경보 예시 모델 (미생물 반응 없음)
A3: 입력 변수 | E3: 요약
A4: 반응조 유효부피 | B4: 1000 | C4: mL | E4: pH 첫 경보 유입량 (mL/d) | F4: =IFERROR(INDEX(Simulation!$A$6:$A$56,MATCH("YES",Simulation!$J$6:$J$56,0)),"없음") -> 2
A5: 초기 반응조 pH | B5: 7.5 | C5: - | E5: Alk 첫 경보 유입량 (mL/d) | F5: =IFERROR(INDEX(Simulation!$A$6:$A$56,MATCH("YES",Simulation!$K$6:$K$56,0)),"없음") -> 18
A6: 초기 반응조 Alk | B6: 3258 | C6: mg/L as CaCO3 | E6: VFA 첫 경보 유입량 (mL/d) | F6: =IFERROR(INDEX(Simulation!$A$6:$A$56,MATCH("YES",Simulation!$L$6:$L$56,0)),"없음") -> 4
A7: 초기 반응조 VFA | B7: 1310 | C7: mg/L as HAc | E7: VFA/Alk 첫 경보 유입량 (mL/d) | F7: =IFERROR(INDEX(Simulation!$A$6:$A$56,MATCH("YES",Simulation!$M$6:$M$56,0)),"없음") -> 0
A8: 음식물류폐수 pH | B8: 4.3 | C8: - | E8: 종합 오경보 첫 발생 (mL/d) | F8: =IFERROR(INDEX(Simulation!$A$6:$A$56,MATCH("YES",Simulation!$N$6:$N$56,0)),"없음") -> 0
A9: 음식물류폐수 Alk | B9: 0 | C9: mg/L as CaCO3
A10: 음식물류폐수 VFA | B10: 321400 | C10: mg/L as HAc | E10: 핵심 해석
A11: 음식물류폐수 COD | B11: 172000 | C11: mg/L | E11: 입력값이 이 예시처럼 산성·저알칼리·고유기산이면, 미생물 불균형이 전혀 없어도 혼합만으로 경보지표가 기준을 넘을 수 있습니다.
A14: 예시 경보선 (현장별 조정)
A15: pH 하한 | B15: 7 | C15: -
A16: Alk 하한 | B16: 3200 | C16: mg/L as CaCO3
A17: VFA 상한 | B17: 2000 | C17: mg/L as HAc
A18: VFA/Alk 상한 | B18: 0.4 | C18: -
A20: 해석 메모
A21: • 이 파일은 '순수 혼합'만 가정한 예시입니다. 미생물의 산생성/메탄생성 반응은 0으로 둡니다.
A22: • 즉, 음식물류폐수가 유입되어 완전혼합된 직후 분석값이 어디까지 움직일 수 있는지만 계산합니다.
A23: • pH는 단순 H+ 혼합식으로 계산했습니다. 실제 현장은 탄산염 완충, 해리평형 때문에 차이가 날 수 있습니다.
A24: • 따라서 결과는 정밀한 생물학 모델이 아니라 '혼합만으로도 오경보가 가능한가?'를 보는 스크리닝용 예시입니다.
A25: • 파란색 셀(B열)은 사용자가 바꿔볼 수 있는 입력값입니다.

Sheet Simulation
A1: 0~100 mL/d (2 mL 간격) 유입 시 순수 혼합 기반 지표 변화
A3: 수식 개요 | B3: 혼합 후 지표 = (기존 반응조 성상 × (1-유입비율)) + (유입수 성상 × 유입비율)
A5: 음식물류폐수 유입량 (mL/d) | B5: 유입비율 (Q/V) | C5: OLR (kg COD/m³·d) | D5: HRT (d) | E5: 혼합 H+ (상대값) | F5: pH (혼합 후) | G5: Alk (혼합 후) | H5: VFA (혼합 후) | I5: VFA/Alk | J5: pH 경보 | K5: Alk 경보 | L5: VFA 경보 | M5: 비율 경보 | N5: 종합 오경보? | O5: pH 기준 | P5: Alk 기준 | Q5: VFA 기준 | R5: 비율 기준 | S5: 설명
A6: 0 | B6: =A6/Inputs!$B$4 -> 0 | C6: =Inputs!$B$11*A6/Inputs!$B$4/1000 -> 0 | D6: =IF(A6=0,"N/A",Inputs!$B$4/A6) -> N/A | E6: =(1-B6)*10^(-Inputs!$B$5)+B6*10^(-Inputs!$B$8) -> 3.1622777e-08 | F6: =-LOG10(E6) -> 7.5 | G6: =(1-B6)*Inputs!$B$6+B6*Inputs!$B$9 -> 3258 | H6: =(1-B6)*Inputs!$B$7+B6*Inputs!$B$10 -> 1310 | I6: =IFERROR(H6/G6,0) -> 0.40208717 | J6: =IF(F6<Inputs!$B$15,"YES","") | K6: =IF(G6<Inputs!$B$16,"YES","") | L6: =IF(H6>Inputs!$B$17,"YES","") | M6: =IF(I6>Inputs!$B$18,"YES","") -> YES | N6: =IF(COUNTIF(J6:M6,"YES")>0,"YES","") -> YES | O6: =Inputs!$B$15 -> 7 | P6: =Inputs!$B$16 -> 3200 | Q6: =Inputs!$B$17 -> 2000 | R6: =Inputs!$B$18 -> 0.4 | S6: =IF(N6="YES","혼합만으로도 경보 가능","") -> 혼합만으로도 경보 가능
A7: 2 | B7: =A7/Inputs!$B$4 -> 0.002 | C7: =Inputs!$B$11*A7/Inputs!$B$4/1000 -> 0.344 | D7: =IF(A7=0,"N/A",Inputs!$B$4/A7) -> 500 | E7: =(1-B7)*10^(-Inputs!$B$5)+B7*10^(-Inputs!$B$8) -> 1.3179698e-07 | F7: =-LOG10(E7) -> 6.8800945 | G7: =(1-B7)*Inputs!$B$6+B7*Inputs!$B$9 -> 3251.484 | H7: =(1-B7)*Inputs!$B$7+B7*Inputs!$B$10 -> 1950.18 | I7: =IFERROR(H7/G7,0) -> 0.59978152 | J7: =IF(F7<Inputs!$B$15,"YES","") -> YES | K7: =IF(G7<Inputs!$B$16,"YES","") | L7: =IF(H7>Inputs!$B$17,"YES","") | M7: =IF(I7>Inputs!$B$18,"YES","") -> YES | N7: =IF(COUNTIF(J7:M7,"YES")>0,"YES","") -> YES | O7: =Inputs!$B$15 -> 7 | P7: =Inputs!$B$16 -> 3200 | Q7: =Inputs!$B$17 -> 2000 | R7: =Inputs!$B$18 -> 0.4 | S7: =IF(N7="YES","혼합만으로도 경보 가능","") -> 혼합만으로도 경보 가능
A8: 4 | B8: =A8/Inputs!$B$4 -> 0.004 | C8: =Inputs!$B$11*A8/Inputs!$B$4/1000 -> 0.688 | D8: =IF(A8=0,"N/A",Inputs!$B$4/A8) -> 250 | E8: =(1-B8)*10^(-Inputs!$B$5)+B8*10^(-Inputs!$B$8) -> 2.3197118e-07 | F8: =-LOG10(E8) -> 6.634566 | G8: =(1-B8)*Inputs!$B$6+B8*Inputs!$B$9 -> 3244.968 | H8: =(1-B8)*Inputs!$B$7+B8*Inputs!$B$10 -> 2590.36 | I8: =IFERROR(H8/G8,0) -> 0.79826981 | J8: =IF(F8<Inputs!$B$15,"YES","") -> YES | K8: =IF(G8<Inputs!$B$16,"YES","") | L8: =IF(H8>Inputs!$B$17,"YES","") -> YES | M8: =IF(I8>Inputs!$B$18,"YES","") -> YES | N8: =IF(COUNTIF(J8:M8,"YES")>0,"YES","") -> YES | O8: =Inputs!$B$15 -> 7 | P8: =Inputs!$B$16 -> 3200 | Q8: =Inputs!$B$17 -> 2000 | R8: =Inputs!$B$18 -> 0.4 | S8: =IF(N8="YES","혼합만으로도 경보 가능","") -> 혼합만으로도 경보 가능
A9: 6 | B9: =A9/Inputs!$B$4 -> 0.006 | C9: =Inputs!$B$11*A9/Inputs!$B$4/1000 -> 1.032 | D9: =IF(A9=0,"N/A",Inputs!$B$4/A9) -> 166.66667 | E9: =(1-B9)*10^(-Inputs!$B$5)+B9*10^(-Inputs!$B$8) -> 3.3214538e-07 | F9: =-LOG10(E9) -> 6.4786718 | G9: =(1-B9)*Inputs!$B$6+B9*Inputs!$B$9 -> 3238.452 | H9: =(1-B9)*Inputs!$B$7+B9*Inputs!$B$10 -> 3230.54 | I9: =IFERROR(H9/G9,0) -> 0.99755686 | J9: =IF(F9<Inputs!$B$15,"YES","") -> YES | K9: =IF(G9<Inputs!$B$16,"YES","") | L9: =IF(H9>Inputs!$B$17,"YES","") -> YES | M9: =IF(I9>Inputs!$B$18,"YES","") -> YES | N9: =IF(COUNTIF(J9:M9,"YES")>0,"YES","") -> YES | O9: =Inputs!$B$15 -> 7 | P9: =Inputs!$B$16 -> 3200 | Q9: =Inputs!$B$17 -> 2000 | R9: =Inputs!$B$18 -> 0.4 | S9: =IF(N9="YES","혼합만으로도 경보 가능","") -> 혼합만으로도 경보 가능
A10: 8 | B10: =A10/Inputs!$B$4 -> 0.008 | C10: =Inputs!$B$11*A10/Inputs!$B$4/1000 -> 1.376 | D10: =IF(A10=0,"N/A",Inputs!$B$4/A10) -> 125 | E10: =(1-B10)*10^(-Inputs!$B$5)+B10*10^(-Inputs!$B$8) -> 4.3231958e-07 | F10: =-LOG10(E10) -> 6.3641951 | G10: =(1-B10)*Inputs!$B$6+B10*Inputs!$B$9 -> 3231.936 | H10: =(1-B10)*Inputs!$B$7+B10*Inputs!$B$10 -> 3870.72 | I10: =IFERROR(H10/G10,0) -> 1.1976475 | J10: =IF(F10<Inputs!$B$15,"YES","") -> YES | K10: =IF(G10<Inputs!$B$16,"YES","") | L10: =IF(H10>Inputs!$B$17,"YES","") -> YES | M10: =IF(I10>Inputs!$B$18,"YES","") -> YES | N10: =IF(COUNTIF(J10:M10,"YES")>0,"YES","") -> YES | O10: =Inputs!$B$15 -> 7 | P10: =Inputs!$B$16 -> 3200 | Q10: =Inputs!$B$17 -> 2000 | R10: =Inputs!$B$18 -> 0.4 | S10: =IF(N10="YES","혼합만으로도 경보 가능","") -> 혼합만으로도 경보 가능
A11: 10 | B11: =A11/Inputs!$B$4 -> 0.01 | C11: =Inputs!$B$11*A11/Inputs!$B$4/1000 -> 1.72 | D11: =IF(A11=0,"N/A",Inputs!$B$4/A11) -> 100 | E11: =(1-B11)*10^(-Inputs!$B$5)+B11*10^(-Inputs!$B$8) -> 5.3249378e-07 | F11: =-LOG10(E11) -> 6.2736855 | G11: =(1-B11)*Inputs!$B$6+B11*Inputs!$B$9 -> 3225.42 | H11: =(1-B11)*Inputs!$B$7+B11*Inputs!$B$10 -> 4510.9 | I11: =IFERROR(H11/G11,0) -> 1.3985465 | J11: =IF(F11<Inputs!$B$15,"YES","") -> YES | K11: =IF(G11<Inputs!$B$16,"YES","") | L11: =IF(H11>Inputs!$B$17,"YES","") -> YES | M11: =IF(I11>Inputs!$B$18,"YES","") -> YES | N11: =IF(COUNTIF(J11:M11,"YES")>0,"YES","") -> YES | O11: =Inputs!$B$15 -> 7 | P11: =Inputs!$B$16 -> 3200 | Q11: =Inputs!$B$17 -> 2000 | R11: =Inputs!$B$18 -> 0.4 | S11: =IF(N11="YES","혼합만으로도 경보 가능","") -> 혼합만으로도 경보 가능
A12: 12 | B12: =A12/Inputs!$B$4 -> 0.012 | C12: =Inputs!$B$11*A12/Inputs!$B$4/1000 -> 2.064 | D12: =IF(A12=0,"N/A",Inputs!$B$4/A12) -> 83.333333 | E12: =(1-B12)*10^(-Inputs!$B$5)+B12*10^(-Inputs!$B$8) -> 6.3266798e-07 | F12: =-LOG10(E12) -> 6.1988241 | G12: =(1-B12)*Inputs!$B$6+B12*Inputs!$B$9 -> 3218.904 | H12: =(1-B12)*Inputs!$B$7+B12*Inputs!$B$10 -> 5151.08 | I12: =IFERROR(H12/G12,0) -> 1.600259 | J12: =IF(F12<Inputs!$B$15,"YES","") -> YES | K12: =IF(G12<Inputs!$B$16,"YES","") | L12: =IF(H12>Inputs!$B$17,"YES","") -> YES | M12: =IF(I12>Inputs!$B$18,"YES","") -> YES | N12: =IF(COUNTIF(J12:M12,"YES")>0,"YES","") -> YES | O12: =Inputs!$B$15 -> 7 | P12: =Inputs!$B$16 -> 3200 | Q12: =Inputs!$B$17 -> 2000 | R12: =Inputs!$B$18 -> 0.4 | S12: =IF(N12="YES","혼합만으로도 경보 가능","") -> 혼합만으로도 경보 가능
A13: 14 | B13: =A13/Inputs!$B$4 -> 0.014 | C13: =Inputs!$B$11*A13/Inputs!$B$4/1000 -> 2.408 | D13: =IF(A13=0,"N/A",Inputs!$B$4/A13) -> 71.428571 | E13: =(1-B13)*10^(-Inputs!$B$5)+B13*10^(-Inputs!$B$8) -> 7.3284218e-07 | F13: =-LOG10(E13) -> 6.1349895 | G13: =(1-B13)*Inputs!$B$6+B13*Inputs!$B$9 -> 3212.388 | H13: =(1-B13)*Inputs!$B$7+B13*Inputs!$B$10 -> 5791.26 | I13: =IFERROR(H13/G13,0) -> 1.8027897 | J13: =IF(F13<Inputs!$B$15,"YES","") -> YES | K13: =IF(G13<Inputs!$B$16,"YES","") | L13: =IF(H13>Inputs!$B$17,"YES","") -> YES | M13: =IF(I13>Inputs!$B$18,"YES","") -> YES | N13: =IF(COUNTIF(J13:M13,"YES")>0,"YES","") -> YES | O13: =Inputs!$B$15 -> 7 | P13: =Inputs!$B$16 -> 3200 | Q13: =Inputs!$B$17 -> 2000 | R13: =Inputs!$B$18 -> 0.4 | S13: =IF(N13="YES","혼합만으로도 경보 가능","") -> 혼합만으로도 경보 가능
A14: 16 | B14: =A14/Inputs!$B$4 -> 0.016 | C14: =Inputs!$B$11*A14/Inputs!$B$4/1000 -> 2.752 | D14: =IF(A14=0,"N/A",Inputs!$B$4/A14) -> 62.5 | E14: =(1-B14)*10^(-Inputs!$B$5)+B14*10^(-Inputs!$B$8) -> 8.3301639e-07 | F14: =-LOG10(E14) -> 6.0793465 | G14: =(1-B14)*Inputs!$B$6+B14*Inputs!$B$9 -> 3205.872 | H14: =(1-B14)*Inputs!$B$7+B14*Inputs!$B$10 -> 6431.44 | I14: =IFERROR(H14/G14,0) -> 2.0061437 | J14: =IF(F14<Inputs!$B$15,"YES","") -> YES | K14: =IF(G14<Inputs!$B$16,"YES","") | L14: =IF(H14>Inputs!$B$17,"YES","") -> YES | M14: =IF(I14>Inputs!$B$18,"YES","") -> YES | N14: =IF(COUNTIF(J14:M14,"YES")>0,"YES","") -> YES | O14: =Inputs!$B$15 -> 7 | P14: =Inputs!$B$16 -> 3200 | Q14: =Inputs!$B$17 -> 2000 | R14: =Inputs!$B$18 -> 0.4 | S14: =IF(N14="YES","혼합만으로도 경보 가능","") -> 혼합만으로도 경보 가능
A15: 18 | B15: =A15/Inputs!$B$4 -> 0.018 | C15: =Inputs!$B$11*A15/Inputs!$B$4/1000 -> 3.096 | D15: =IF(A15=0,"N/A",Inputs!$B$4/A15) -> 55.555556 | E15: =(1-B15)*10^(-Inputs!$B$5)+B15*10^(-Inputs!$B$8) -> 9.3319059e-07 | F15: =-LOG10(E15) -> 6.0300297 | G15: =(1-B15)*Inputs!$B$6+B15*Inputs!$B$9 -> 3199.356 | H15: =(1-B15)*Inputs!$B$7+B15*Inputs!$B$10 -> 7071.62 | I15: =IFERROR(H15/G15,0) -> 2.2103261 | J15: =IF(F15<Inputs!$B$15,"YES","") -> YES | K15: =IF(G15<Inputs!$B$16,"YES","") -> YES | L15: =IF(H15>Inputs!$B$17,"YES","") -> YES | M15: =IF(I15>Inputs!$B$18,"YES","") -> YES | N15: =IF(COUNTIF(J15:M15,"YES")>0,"YES","") -> YES | O15: =Inputs!$B$15 -> 7 | P15: =Inputs!$B$16 -> 3200 | Q15: =Inputs!$B$17 -> 2000 | R15: =Inputs!$B$18 -> 0.4 | S15: =IF(N15="YES","혼합만으로도 경보 가능","") -> 혼합만으로도 경보 가능
A16: 20 | B16: =A16/Inputs!$B$4 -> 0.02 | C16: =Inputs!$B$11*A16/Inputs!$B$4/1000 -> 3.44 | D16: =IF(A16=0,"N/A",Inputs!$B$4/A16) -> 50 | E16: =(1-B16)*10^(-Inputs!$B$5)+B16*10^(-Inputs!$B$8) -> 1.0333648e-06 | F16: =-LOG10(E16) -> 5.9857463 | G16: =(1-B16)*Inputs!$B$6+B16*Inputs!$B$9 -> 3192.84 | H16: =(1-B16)*Inputs!$B$7+B16*Inputs!$B$10 -> 7711.8 | I16: =IFERROR(H16/G16,0) -> 2.4153418 | J16: =IF(F16<Inputs!$B$15,"YES","") -> YES | K16: =IF(G16<Inputs!$B$16,"YES","") -> YES | L16: =IF(H16>Inputs!$B$17,"YES","") -> YES | M16: =IF(I16>Inputs!$B$18,"YES","") -> YES | N16: =IF(COUNTIF(J16:M16,"YES")>0,"YES","") -> YES | O16: =Inputs!$B$15 -> 7 | P16: =Inputs!$B$16 -> 3200 | Q16: =Inputs!$B$17 -> 2000 | R16: =Inputs!$B$18 -> 0.4 | S16: =IF(N16="YES","혼합만으로도 경보 가능","") -> 혼합만으로도 경보 가능
A17: 22 | B17: =A17/Inputs!$B$4 -> 0.022 | C17: =Inputs!$B$11*A17/Inputs!$B$4/1000 -> 3.784 | D17: =IF(A17=0,"N/A",Inputs!$B$4/A17) -> 45.454545 | E17: =(1-B17)*10^(-Inputs!$B$5)+B17*10^(-Inputs!$B$8) -> 1.133539e-06 | F17: =-LOG10(E17) -> 5.9455635 | G17: =(1-B17)*Inputs!$B$6+B17*Inputs!$B$9 -> 3186.324 | H17: =(1-B17)*Inputs!$B$7+B17*Inputs!$B$10 -> 8351.98 | I17: =IFERROR(H17/G17,0) -> 2.6211961 | J17: =IF(F17<Inputs!$B$15,"YES","") -> YES | K17: =IF(G17<Inputs!$B$16,"YES","") -> YES | L17: =IF(H17>Inputs!$B$17,"YES","") -> YES | M17: =IF(I17>Inputs!$B$18,"YES","") -> YES | N17: =IF(COUNTIF(J17:M17,"YES")>0,"YES","") -> YES | O17: =Inputs!$B$15 -> 7 | P17: =Inputs!$B$16 -> 3200 | Q17: =Inputs!$B$17 -> 2000 | R17: =Inputs!$B$18 -> 0.4 | S17: =IF(N17="YES","혼합만으로도 경보 가능","") -> 혼합만으로도 경보 가능
... A56: 100 | B56: =A56/Inputs!$B$4 -> 0.1 | C56: =Inputs!$B$11*A56/Inputs!$B$4/1000 -> 17.2 | D56: =IF(A56=0,"N/A",Inputs!$B$4/A56) -> 10 | E56: =(1-B56)*10^(-Inputs!$B$5)+B56*10^(-Inputs!$B$8) -> 5.0403328e-06 | F56: =-LOG10(E56) -> 5.2975408 | G56: =(1-B56)*Inputs!$B$6+B56*Inputs!$B$9 -> 2932.2 | H56: =(1-B56)*Inputs!$B$7+B56*Inputs!$B$10 -> 33319 | I56: =IFERROR(H56/G56,0) -> 11.36314 | J56: =IF(F56<Inputs!$B$15,"YES","") -> YES | K56: =IF(G56<Inputs!$B$16,"YES","") -> YES | L56: =IF(H56>Inputs!$B$17,"YES","") -> YES | M56: =IF(I56>Inputs!$B$18,"YES","") -> YES | N56: =IF(COUNTIF(J56:M56,"YES")>0,"YES","") -> YES | O56: =Inputs!$B$15 -> 7 | P56: =Inputs!$B$16 -> 3200 | Q56: =Inputs!$B$17 -> 2000 | R56: =Inputs!$B$18 -> 0.4 | S56: =IF(N56="YES","혼합만으로도 경보 가능","") -> 혼합만으로도 경보 가능

Sheet Charts
A1: 차트
A3: 아래 차트는 미생물 반응을 0으로 놓고, 유입수와의 혼합만으로 지표가 어떻게 움직일 수 있는지 보여줍니다.
